ISO-10303-21;
HEADER;
FILE_DESCRIPTION(('Open CASCADE Model'),'2;1');
FILE_NAME('Open CASCADE Shape Model','2026-09-27T00:24:10',('Author'),(
    'Open CASCADE'),'Open CASCADE STEP processor 8.0','build123d',
  'Unknown');
FILE_SCHEMA(('AUTOMOTIVE_DESIGN { 1 0 10303 214 1 1 1 1 }'));
ENDSEC;
DATA;
#1 = APPLICATION_PROTOCOL_DEFINITION('international standard',
  'automotive_design',2000,#2);
#2 = APPLICATION_CONTEXT(
  'core data for automotive mechanical design processes');
#3 = SHAPE_DEFINITION_REPRESENTATION(#4,#10);
#4 = PRODUCT_DEFINITION_SHAPE('','',#5);
#5 = PRODUCT_DEFINITION('design','',#6,#9);
#6 = PRODUCT_DEFINITION_FORMATION('','',#7);
#7 = PRODUCT('COMPOUND','COMPOUND','',(#8));
#8 = PRODUCT_CONTEXT('',#2,'mechanical');
#9 = PRODUCT_DEFINITION_CONTEXT('part definition',#2,'design');
#10 = SHAPE_REPRESENTATION('',(#11,#15,#19,#23,#27,#31,#35,#39,#43,#47,
    #51,#55),#59);
#11 = AXIS2_PLACEMENT_3D('',#12,#13,#14);
#12 = CARTESIAN_POINT('',(0.,0.,0.));
#13 = DIRECTION('',(0.,0.,1.));
#14 = DIRECTION('',(1.,0.,-0.));
#15 = AXIS2_PLACEMENT_3D('',#16,#17,#18);
#16 = CARTESIAN_POINT('',(0.,0.,0.));
#17 = DIRECTION('',(0.,0.,1.));
#18 = DIRECTION('',(1.,0.,-0.));
#19 = AXIS2_PLACEMENT_3D('',#20,#21,#22);
#20 = CARTESIAN_POINT('',(-55.,-617.5,1.405E+03));
#21 = DIRECTION('',(0.,0.,1.));
#22 = DIRECTION('',(1.,0.,-0.));
#23 = AXIS2_PLACEMENT_3D('',#24,#25,#26);
#24 = CARTESIAN_POINT('',(0.,0.,0.));
#25 = DIRECTION('',(0.,0.,1.));
#26 = DIRECTION('',(1.,0.,-0.));
#27 = AXIS2_PLACEMENT_3D('',#28,#29,#30);
#28 = CARTESIAN_POINT('',(0.,0.,0.));
#29 = DIRECTION('',(0.,0.,1.));
#30 = DIRECTION('',(1.,0.,-0.));
#31 = AXIS2_PLACEMENT_3D('',#32,#33,#34);
#32 = CARTESIAN_POINT('',(0.,0.,0.));
#33 = DIRECTION('',(0.,0.,1.));
#34 = DIRECTION('',(1.,0.,-0.));
#35 = AXIS2_PLACEMENT_3D('',#36,#37,#38);
#36 = CARTESIAN_POINT('',(0.,0.,0.));
#37 = DIRECTION('',(0.,0.,1.));
#38 = DIRECTION('',(1.,0.,-0.));
#39 = AXIS2_PLACEMENT_3D('',#40,#41,#42);
#40 = CARTESIAN_POINT('',(0.,0.,0.));
#41 = DIRECTION('',(0.,0.,1.));
#42 = DIRECTION('',(1.,0.,-0.));
#43 = AXIS2_PLACEMENT_3D('',#44,#45,#46);
#44 = CARTESIAN_POINT('',(0.,0.,0.));
#45 = DIRECTION('',(0.,0.,1.));
#46 = DIRECTION('',(1.,0.,-0.));
#47 = AXIS2_PLACEMENT_3D('',#48,#49,#50);
#48 = CARTESIAN_POINT('',(0.,0.,0.));
#49 = DIRECTION('',(0.,0.,1.));
#50 = DIRECTION('',(1.,0.,-0.));
#51 = AXIS2_PLACEMENT_3D('',#52,#53,#54);
#52 = CARTESIAN_POINT('',(0.,0.,0.));
#53 = DIRECTION('',(0.,0.,1.));
#54 = DIRECTION('',(1.,0.,-0.));
#55 = AXIS2_PLACEMENT_3D('',#56,#57,#58);
#56 = CARTESIAN_POINT('',(0.,0.,1.585E+03));
#57 = DIRECTION('',(0.,0.,1.));
#58 = DIRECTION('',(1.,0.,-0.));
#59 = ( GEOMETRIC_REPRESENTATION_CONTEXT(3) 
GLOBAL_UNCERTAINTY_ASSIGNED_CONTEXT((#63)) GLOBAL_UNIT_ASSIGNED_CONTEXT(
(#60,#61,#62)) REPRESENTATION_CONTEXT('Context #1',
  '3D Context with UNIT and UNCERTAINTY') );
#60 = ( LENGTH_UNIT() NAMED_UNIT(*) SI_UNIT(.MILLI.,.METRE.) );
#61 = ( NAMED_UNIT(*) PLANE_ANGLE_UNIT() SI_UNIT($,.RADIAN.) );
#62 = ( NAMED_UNIT(*) SI_UNIT($,.STERADIAN.) SOLID_ANGLE_UNIT() );
#63 = UNCERTAINTY_MEASURE_WITH_UNIT(LENGTH_MEASURE(2.E-07),#60,
  'distance_accuracy_value','confusion accuracy');
#64 = PRODUCT_RELATED_PRODUCT_CATEGORY('part',$,(#7));
#65 = SHAPE_DEFINITION_REPRESENTATION(#66,#72);
#66 = PRODUCT_DEFINITION_SHAPE('','',#67);
#67 = PRODUCT_DEFINITION('design','',#68,#71);
#68 = PRODUCT_DEFINITION_FORMATION('','',#69);
#69 = PRODUCT('COMPOUND','COMPOUND','',(#70));
#70 = PRODUCT_CONTEXT('',#2,'mechanical');
#71 = PRODUCT_DEFINITION_CONTEXT('part definition',#2,'design');
#72 = ADVANCED_BREP_SHAPE_REPRESENTATION('',(#11,#73),#1003);
#73 = BREP_WITH_VOIDS('',#74,(#673));
#74 = CLOSED_SHELL('',(#75,#195,#271,#320,#369,#489,#496,#551,#606,#661,
    #665,#669));
#75 = ADVANCED_FACE('',(#76),#90,.F.);
#76 = FACE_BOUND('',#77,.F.);
#77 = EDGE_LOOP('',(#78,#113,#141,#169));
#78 = ORIENTED_EDGE('',*,*,#79,.F.);
#79 = EDGE_CURVE('',#80,#82,#84,.T.);
#80 = VERTEX_POINT('',#81);
#81 = CARTESIAN_POINT('',(-85.,-676.,1.335E+03));
#82 = VERTEX_POINT('',#83);
#83 = CARTESIAN_POINT('',(-85.,-676.,1.445E+03));
#84 = SURFACE_CURVE('',#85,(#89,#101),.PCURVE_S1.);
#85 = LINE('',#86,#87);
#86 = CARTESIAN_POINT('',(-85.,-676.,1.335E+03));
#87 = VECTOR('',#88,1.);
#88 = DIRECTION('',(0.,0.,1.));
#89 = PCURVE('',#90,#95);
#90 = PLANE('',#91);
#91 = AXIS2_PLACEMENT_3D('',#92,#93,#94);
#92 = CARTESIAN_POINT('',(-85.,-676.,1.335E+03));
#93 = DIRECTION('',(1.,0.,-0.));
#94 = DIRECTION('',(0.,0.,1.));
#95 = DEFINITIONAL_REPRESENTATION('',(#96),#100);
#96 = LINE('',#97,#98);
#97 = CARTESIAN_POINT('',(0.,0.));
#98 = VECTOR('',#99,1.);
#99 = DIRECTION('',(1.,0.));
#100 = ( GEOMETRIC_REPRESENTATION_CONTEXT(2) 
PARAMETRIC_REPRESENTATION_CONTEXT() REPRESENTATION_CONTEXT('2D SPACE',''
  ) );
#101 = PCURVE('',#102,#107);
#102 = PLANE('',#103);
#103 = AXIS2_PLACEMENT_3D('',#104,#105,#106);
#104 = CARTESIAN_POINT('',(-85.,-676.,1.335E+03));
#105 = DIRECTION('',(-0.,1.,0.));
#106 = DIRECTION('',(0.,0.,1.));
#107 = DEFINITIONAL_REPRESENTATION('',(#108),#112);
#108 = LINE('',#109,#110);
#109 = CARTESIAN_POINT('',(0.,0.));
#110 = VECTOR('',#111,1.);
#111 = DIRECTION('',(1.,0.));
#112 = ( GEOMETRIC_REPRESENTATION_CONTEXT(2) 
PARAMETRIC_REPRESENTATION_CONTEXT() REPRESENTATION_CONTEXT('2D SPACE',''
  ) );
#113 = ORIENTED_EDGE('',*,*,#114,.T.);
#114 = EDGE_CURVE('',#80,#115,#117,.T.);
#115 = VERTEX_POINT('',#116);
#116 = CARTESIAN_POINT('',(-85.,-612.,1.335E+03));
#117 = SURFACE_CURVE('',#118,(#122,#129),.PCURVE_S1.);
#118 = LINE('',#119,#120);
#119 = CARTESIAN_POINT('',(-85.,-676.,1.335E+03));
#120 = VECTOR('',#121,1.);
#121 = DIRECTION('',(-0.,1.,0.));
#122 = PCURVE('',#90,#123);
#123 = DEFINITIONAL_REPRESENTATION('',(#124),#128);
#124 = LINE('',#125,#126);
#125 = CARTESIAN_POINT('',(0.,0.));
#126 = VECTOR('',#127,1.);
#127 = DIRECTION('',(0.,-1.));
#128 = ( GEOMETRIC_REPRESENTATION_CONTEXT(2) 
PARAMETRIC_REPRESENTATION_CONTEXT() REPRESENTATION_CONTEXT('2D SPACE',''
  ) );
#129 = PCURVE('',#130,#135);
#130 = PLANE('',#131);
#131 = AXIS2_PLACEMENT_3D('',#132,#133,#134);
#132 = CARTESIAN_POINT('',(-85.,-676.,1.335E+03));
#133 = DIRECTION('',(0.,0.,1.));
#134 = DIRECTION('',(1.,0.,-0.));
#135 = DEFINITIONAL_REPRESENTATION('',(#136),#140);
#136 = LINE('',#137,#138);
#137 = CARTESIAN_POINT('',(0.,0.));
#138 = VECTOR('',#139,1.);
#139 = DIRECTION('',(0.,1.));
#140 = ( GEOMETRIC_REPRESENTATION_CONTEXT(2) 
PARAMETRIC_REPRESENTATION_CONTEXT() REPRESENTATION_CONTEXT('2D SPACE',''
  ) );
#141 = ORIENTED_EDGE('',*,*,#142,.T.);
#142 = EDGE_CURVE('',#115,#143,#145,.T.);
#143 = VERTEX_POINT('',#144);
#144 = CARTESIAN_POINT('',(-85.,-612.,1.445E+03));
#145 = SURFACE_CURVE('',#146,(#150,#157),.PCURVE_S1.);
#146 = LINE('',#147,#148);
#147 = CARTESIAN_POINT('',(-85.,-612.,1.335E+03));
#148 = VECTOR('',#149,1.);
#149 = DIRECTION('',(0.,0.,1.));
#150 = PCURVE('',#90,#151);
#151 = DEFINITIONAL_REPRESENTATION('',(#152),#156);
#152 = LINE('',#153,#154);
#153 = CARTESIAN_POINT('',(0.,-64.));
#154 = VECTOR('',#155,1.);
#155 = DIRECTION('',(1.,0.));
#156 = ( GEOMETRIC_REPRESENTATION_CONTEXT(2) 
PARAMETRIC_REPRESENTATION_CONTEXT() REPRESENTATION_CONTEXT('2D SPACE',''
  ) );
#157 = PCURVE('',#158,#163);
#158 = PLANE('',#159);
#159 = AXIS2_PLACEMENT_3D('',#160,#161,#162);
#160 = CARTESIAN_POINT('',(-85.,-612.,1.335E+03));
#161 = DIRECTION('',(-0.,1.,0.));
#162 = DIRECTION('',(0.,0.,1.));
#163 = DEFINITIONAL_REPRESENTATION('',(#164),#168);
#164 = LINE('',#165,#166);
#165 = CARTESIAN_POINT('',(0.,0.));
#166 = VECTOR('',#167,1.);
#167 = DIRECTION('',(1.,0.));
#168 = ( GEOMETRIC_REPRESENTATION_CONTEXT(2) 
PARAMETRIC_REPRESENTATION_CONTEXT() REPRESENTATION_CONTEXT('2D SPACE',''
  ) );
#169 = ORIENTED_EDGE('',*,*,#170,.F.);
#170 = EDGE_CURVE('',#82,#143,#171,.T.);
#171 = SURFACE_CURVE('',#172,(#176,#183),.PCURVE_S1.);
#172 = LINE('',#173,#174);
#173 = CARTESIAN_POINT('',(-85.,-676.,1.445E+03));
#174 = VECTOR('',#175,1.);
#175 = DIRECTION('',(-0.,1.,0.));
#176 = PCURVE('',#90,#177);
#177 = DEFINITIONAL_REPRESENTATION('',(#178),#182);
#178 = LINE('',#179,#180);
#179 = CARTESIAN_POINT('',(110.,0.));
#180 = VECTOR('',#181,1.);
#181 = DIRECTION('',(0.,-1.));
#182 = ( GEOMETRIC_REPRESENTATION_CONTEXT(2) 
PARAMETRIC_REPRESENTATION_CONTEXT() REPRESENTATION_CONTEXT('2D SPACE',''
  ) );
#183 = PCURVE('',#184,#189);
#184 = PLANE('',#185);
#185 = AXIS2_PLACEMENT_3D('',#186,#187,#188);
#186 = CARTESIAN_POINT('',(-85.,-676.,1.445E+03));
#187 = DIRECTION('',(0.,0.,1.));
#188 = DIRECTION('',(1.,0.,-0.));
#189 = DEFINITIONAL_REPRESENTATION('',(#190),#194);
#190 = LINE('',#191,#192);
#191 = CARTESIAN_POINT('',(0.,0.));
#192 = VECTOR('',#193,1.);
#193 = DIRECTION('',(0.,1.));
#194 = ( GEOMETRIC_REPRESENTATION_CONTEXT(2) 
PARAMETRIC_REPRESENTATION_CONTEXT() REPRESENTATION_CONTEXT('2D SPACE',''
  ) );
#195 = ADVANCED_FACE('',(#196),#102,.F.);
#196 = FACE_BOUND('',#197,.F.);
#197 = EDGE_LOOP('',(#198,#221,#222,#245));
#198 = ORIENTED_EDGE('',*,*,#199,.F.);
#199 = EDGE_CURVE('',#80,#200,#202,.T.);
#200 = VERTEX_POINT('',#201);
#201 = CARTESIAN_POINT('',(85.,-676.,1.335E+03));
#202 = SURFACE_CURVE('',#203,(#207,#214),.PCURVE_S1.);
#203 = LINE('',#204,#205);
#204 = CARTESIAN_POINT('',(-85.,-676.,1.335E+03));
#205 = VECTOR('',#206,1.);
#206 = DIRECTION('',(1.,0.,-0.));
#207 = PCURVE('',#102,#208);
#208 = DEFINITIONAL_REPRESENTATION('',(#209),#213);
#209 = LINE('',#210,#211);
#210 = CARTESIAN_POINT('',(0.,0.));
#211 = VECTOR('',#212,1.);
#212 = DIRECTION('',(0.,1.));
#213 = ( GEOMETRIC_REPRESENTATION_CONTEXT(2) 
PARAMETRIC_REPRESENTATION_CONTEXT() REPRESENTATION_CONTEXT('2D SPACE',''
  ) );
#214 = PCURVE('',#130,#215);
#215 = DEFINITIONAL_REPRESENTATION('',(#216),#220);
#216 = LINE('',#217,#218);
#217 = CARTESIAN_POINT('',(0.,0.));
#218 = VECTOR('',#219,1.);
#219 = DIRECTION('',(1.,0.));
#220 = ( GEOMETRIC_REPRESENTATION_CONTEXT(2) 
PARAMETRIC_REPRESENTATION_CONTEXT() REPRESENTATION_CONTEXT('2D SPACE',''
  ) );
#221 = ORIENTED_EDGE('',*,*,#79,.T.);
#222 = ORIENTED_EDGE('',*,*,#223,.T.);
#223 = EDGE_CURVE('',#82,#224,#226,.T.);
#224 = VERTEX_POINT('',#225);
#225 = CARTESIAN_POINT('',(85.,-676.,1.445E+03));
#226 = SURFACE_CURVE('',#227,(#231,#238),.PCURVE_S1.);
#227 = LINE('',#228,#229);
#228 = CARTESIAN_POINT('',(-85.,-676.,1.445E+03));
#229 = VECTOR('',#230,1.);
#230 = DIRECTION('',(1.,0.,-0.));
#231 = PCURVE('',#102,#232);
#232 = DEFINITIONAL_REPRESENTATION('',(#233),#237);
#233 = LINE('',#234,#235);
#234 = CARTESIAN_POINT('',(110.,0.));
#235 = VECTOR('',#236,1.);
#236 = DIRECTION('',(0.,1.));
#237 = ( GEOMETRIC_REPRESENTATION_CONTEXT(2) 
PARAMETRIC_REPRESENTATION_CONTEXT() REPRESENTATION_CONTEXT('2D SPACE',''
  ) );
#238 = PCURVE('',#184,#239);
#239 = DEFINITIONAL_REPRESENTATION('',(#240),#244);
#240 = LINE('',#241,#242);
#241 = CARTESIAN_POINT('',(0.,0.));
#242 = VECTOR('',#243,1.);
#243 = DIRECTION('',(1.,0.));
#244 = ( GEOMETRIC_REPRESENTATION_CONTEXT(2) 
PARAMETRIC_REPRESENTATION_CONTEXT() REPRESENTATION_CONTEXT('2D SPACE',''
  ) );
#245 = ORIENTED_EDGE('',*,*,#246,.F.);
#246 = EDGE_CURVE('',#200,#224,#247,.T.);
#247 = SURFACE_CURVE('',#248,(#252,#259),.PCURVE_S1.);
#248 = LINE('',#249,#250);
#249 = CARTESIAN_POINT('',(85.,-676.,1.335E+03));
#250 = VECTOR('',#251,1.);
#251 = DIRECTION('',(0.,0.,1.));
#252 = PCURVE('',#102,#253);
#253 = DEFINITIONAL_REPRESENTATION('',(#254),#258);
#254 = LINE('',#255,#256);
#255 = CARTESIAN_POINT('',(0.,170.));
#256 = VECTOR('',#257,1.);
#257 = DIRECTION('',(1.,0.));
#258 = ( GEOMETRIC_REPRESENTATION_CONTEXT(2) 
PARAMETRIC_REPRESENTATION_CONTEXT() REPRESENTATION_CONTEXT('2D SPACE',''
  ) );
#259 = PCURVE('',#260,#265);
#260 = PLANE('',#261);
#261 = AXIS2_PLACEMENT_3D('',#262,#263,#264);
#262 = CARTESIAN_POINT('',(85.,-676.,1.335E+03));
#263 = DIRECTION('',(1.,0.,-0.));
#264 = DIRECTION('',(0.,0.,1.));
#265 = DEFINITIONAL_REPRESENTATION('',(#266),#270);
#266 = LINE('',#267,#268);
#267 = CARTESIAN_POINT('',(0.,0.));
#268 = VECTOR('',#269,1.);
#269 = DIRECTION('',(1.,0.));
#270 = ( GEOMETRIC_REPRESENTATION_CONTEXT(2) 
PARAMETRIC_REPRESENTATION_CONTEXT() REPRESENTATION_CONTEXT('2D SPACE',''
  ) );
#271 = ADVANCED_FACE('',(#272),#184,.T.);
#272 = FACE_BOUND('',#273,.T.);
#273 = EDGE_LOOP('',(#274,#275,#276,#299));
#274 = ORIENTED_EDGE('',*,*,#170,.F.);
#275 = ORIENTED_EDGE('',*,*,#223,.T.);
#276 = ORIENTED_EDGE('',*,*,#277,.T.);
#277 = EDGE_CURVE('',#224,#278,#280,.T.);
#278 = VERTEX_POINT('',#279);
#279 = CARTESIAN_POINT('',(85.,-612.,1.445E+03));
#280 = SURFACE_CURVE('',#281,(#285,#292),.PCURVE_S1.);
#281 = LINE('',#282,#283);
#282 = CARTESIAN_POINT('',(85.,-676.,1.445E+03));
#283 = VECTOR('',#284,1.);
#284 = DIRECTION('',(-0.,1.,0.));
#285 = PCURVE('',#184,#286);
#286 = DEFINITIONAL_REPRESENTATION('',(#287),#291);
#287 = LINE('',#288,#289);
#288 = CARTESIAN_POINT('',(170.,0.));
#289 = VECTOR('',#290,1.);
#290 = DIRECTION('',(0.,1.));
#291 = ( GEOMETRIC_REPRESENTATION_CONTEXT(2) 
PARAMETRIC_REPRESENTATION_CONTEXT() REPRESENTATION_CONTEXT('2D SPACE',''
  ) );
#292 = PCURVE('',#260,#293);
#293 = DEFINITIONAL_REPRESENTATION('',(#294),#298);
#294 = LINE('',#295,#296);
#295 = CARTESIAN_POINT('',(110.,0.));
#296 = VECTOR('',#297,1.);
#297 = DIRECTION('',(0.,-1.));
#298 = ( GEOMETRIC_REPRESENTATION_CONTEXT(2) 
PARAMETRIC_REPRESENTATION_CONTEXT() REPRESENTATION_CONTEXT('2D SPACE',''
  ) );
#299 = ORIENTED_EDGE('',*,*,#300,.F.);
#300 = EDGE_CURVE('',#143,#278,#301,.T.);
#301 = SURFACE_CURVE('',#302,(#306,#313),.PCURVE_S1.);
#302 = LINE('',#303,#304);
#303 = CARTESIAN_POINT('',(-85.,-612.,1.445E+03));
#304 = VECTOR('',#305,1.);
#305 = DIRECTION('',(1.,0.,-0.));
#306 = PCURVE('',#184,#307);
#307 = DEFINITIONAL_REPRESENTATION('',(#308),#312);
#308 = LINE('',#309,#310);
#309 = CARTESIAN_POINT('',(0.,64.));
#310 = VECTOR('',#311,1.);
#311 = DIRECTION('',(1.,0.));
#312 = ( GEOMETRIC_REPRESENTATION_CONTEXT(2) 
PARAMETRIC_REPRESENTATION_CONTEXT() REPRESENTATION_CONTEXT('2D SPACE',''
  ) );
#313 = PCURVE('',#158,#314);
#314 = DEFINITIONAL_REPRESENTATION('',(#315),#319);
#315 = LINE('',#316,#317);
#316 = CARTESIAN_POINT('',(110.,0.));
#317 = VECTOR('',#318,1.);
#318 = DIRECTION('',(0.,1.));
#319 = ( GEOMETRIC_REPRESENTATION_CONTEXT(2) 
PARAMETRIC_REPRESENTATION_CONTEXT() REPRESENTATION_CONTEXT('2D SPACE',''
  ) );
#320 = ADVANCED_FACE('',(#321),#158,.T.);
#321 = FACE_BOUND('',#322,.T.);
#322 = EDGE_LOOP('',(#323,#346,#347,#348));
#323 = ORIENTED_EDGE('',*,*,#324,.F.);
#324 = EDGE_CURVE('',#115,#325,#327,.T.);
#325 = VERTEX_POINT('',#326);
#326 = CARTESIAN_POINT('',(85.,-612.,1.335E+03));
#327 = SURFACE_CURVE('',#328,(#332,#339),.PCURVE_S1.);
#328 = LINE('',#329,#330);
#329 = CARTESIAN_POINT('',(-85.,-612.,1.335E+03));
#330 = VECTOR('',#331,1.);
#331 = DIRECTION('',(1.,0.,-0.));
#332 = PCURVE('',#158,#333);
#333 = DEFINITIONAL_REPRESENTATION('',(#334),#338);
#334 = LINE('',#335,#336);
#335 = CARTESIAN_POINT('',(0.,0.));
#336 = VECTOR('',#337,1.);
#337 = DIRECTION('',(0.,1.));
#338 = ( GEOMETRIC_REPRESENTATION_CONTEXT(2) 
PARAMETRIC_REPRESENTATION_CONTEXT() REPRESENTATION_CONTEXT('2D SPACE',''
  ) );
#339 = PCURVE('',#130,#340);
#340 = DEFINITIONAL_REPRESENTATION('',(#341),#345);
#341 = LINE('',#342,#343);
#342 = CARTESIAN_POINT('',(0.,64.));
#343 = VECTOR('',#344,1.);
#344 = DIRECTION('',(1.,0.));
#345 = ( GEOMETRIC_REPRESENTATION_CONTEXT(2) 
PARAMETRIC_REPRESENTATION_CONTEXT() REPRESENTATION_CONTEXT('2D SPACE',''
  ) );
#346 = ORIENTED_EDGE('',*,*,#142,.T.);
#347 = ORIENTED_EDGE('',*,*,#300,.T.);
#348 = ORIENTED_EDGE('',*,*,#349,.F.);
#349 = EDGE_CURVE('',#325,#278,#350,.T.);
#350 = SURFACE_CURVE('',#351,(#355,#362),.PCURVE_S1.);
#351 = LINE('',#352,#353);
#352 = CARTESIAN_POINT('',(85.,-612.,1.335E+03));
#353 = VECTOR('',#354,1.);
#354 = DIRECTION('',(0.,0.,1.));
#355 = PCURVE('',#158,#356);
#356 = DEFINITIONAL_REPRESENTATION('',(#357),#361);
#357 = LINE('',#358,#359);
#358 = CARTESIAN_POINT('',(0.,170.));
#359 = VECTOR('',#360,1.);
#360 = DIRECTION('',(1.,0.));
#361 = ( GEOMETRIC_REPRESENTATION_CONTEXT(2) 
PARAMETRIC_REPRESENTATION_CONTEXT() REPRESENTATION_CONTEXT('2D SPACE',''
  ) );
#362 = PCURVE('',#260,#363);
#363 = DEFINITIONAL_REPRESENTATION('',(#364),#368);
#364 = LINE('',#365,#366);
#365 = CARTESIAN_POINT('',(0.,-64.));
#366 = VECTOR('',#367,1.);
#367 = DIRECTION('',(1.,0.));
#368 = ( GEOMETRIC_REPRESENTATION_CONTEXT(2) 
PARAMETRIC_REPRESENTATION_CONTEXT() REPRESENTATION_CONTEXT('2D SPACE',''
  ) );
#369 = ADVANCED_FACE('',(#370,#396,#427,#458),#130,.F.);
#370 = FACE_BOUND('',#371,.F.);
#371 = EDGE_LOOP('',(#372,#373,#374,#395));
#372 = ORIENTED_EDGE('',*,*,#114,.F.);
#373 = ORIENTED_EDGE('',*,*,#199,.T.);
#374 = ORIENTED_EDGE('',*,*,#375,.T.);
#375 = EDGE_CURVE('',#200,#325,#376,.T.);
#376 = SURFACE_CURVE('',#377,(#381,#388),.PCURVE_S1.);
#377 = LINE('',#378,#379);
#378 = CARTESIAN_POINT('',(85.,-676.,1.335E+03));
#379 = VECTOR('',#380,1.);
#380 = DIRECTION('',(-0.,1.,0.));
#381 = PCURVE('',#130,#382);
#382 = DEFINITIONAL_REPRESENTATION('',(#383),#387);
#383 = LINE('',#384,#385);
#384 = CARTESIAN_POINT('',(170.,0.));
#385 = VECTOR('',#386,1.);
#386 = DIRECTION('',(0.,1.));
#387 = ( GEOMETRIC_REPRESENTATION_CONTEXT(2) 
PARAMETRIC_REPRESENTATION_CONTEXT() REPRESENTATION_CONTEXT('2D SPACE',''
  ) );
#388 = PCURVE('',#260,#389);
#389 = DEFINITIONAL_REPRESENTATION('',(#390),#394);
#390 = LINE('',#391,#392);
#391 = CARTESIAN_POINT('',(0.,0.));
#392 = VECTOR('',#393,1.);
#393 = DIRECTION('',(0.,-1.));
#394 = ( GEOMETRIC_REPRESENTATION_CONTEXT(2) 
PARAMETRIC_REPRESENTATION_CONTEXT() REPRESENTATION_CONTEXT('2D SPACE',''
  ) );
#395 = ORIENTED_EDGE('',*,*,#324,.F.);
#396 = FACE_BOUND('',#397,.F.);
#397 = EDGE_LOOP('',(#398));
#398 = ORIENTED_EDGE('',*,*,#399,.F.);
#399 = EDGE_CURVE('',#400,#400,#402,.T.);
#400 = VERTEX_POINT('',#401);
#401 = CARTESIAN_POINT('',(-41.,-644.,1.335E+03));
#402 = SURFACE_CURVE('',#403,(#408,#415),.PCURVE_S1.);
#403 = CIRCLE('',#404,9.);
#404 = AXIS2_PLACEMENT_3D('',#405,#406,#407);
#405 = CARTESIAN_POINT('',(-50.,-644.,1.335E+03));
#406 = DIRECTION('',(0.,0.,1.));
#407 = DIRECTION('',(1.,0.,-0.));
#408 = PCURVE('',#130,#409);
#409 = DEFINITIONAL_REPRESENTATION('',(#410),#414);
#410 = CIRCLE('',#411,9.);
#411 = AXIS2_PLACEMENT_2D('',#412,#413);
#412 = CARTESIAN_POINT('',(35.,32.));
#413 = DIRECTION('',(1.,0.));
#414 = ( GEOMETRIC_REPRESENTATION_CONTEXT(2) 
PARAMETRIC_REPRESENTATION_CONTEXT() REPRESENTATION_CONTEXT('2D SPACE',''
  ) );
#415 = PCURVE('',#416,#421);
#416 = CYLINDRICAL_SURFACE('',#417,9.);
#417 = AXIS2_PLACEMENT_3D('',#418,#419,#420);
#418 = CARTESIAN_POINT('',(-50.,-644.,1.317E+03));
#419 = DIRECTION('',(0.,0.,1.));
#420 = DIRECTION('',(1.,0.,-0.));
#421 = DEFINITIONAL_REPRESENTATION('',(#422),#426);
#422 = LINE('',#423,#424);
#423 = CARTESIAN_POINT('',(0.,18.));
#424 = VECTOR('',#425,1.);
#425 = DIRECTION('',(1.,0.));
#426 = ( GEOMETRIC_REPRESENTATION_CONTEXT(2) 
PARAMETRIC_REPRESENTATION_CONTEXT() REPRESENTATION_CONTEXT('2D SPACE',''
  ) );
#427 = FACE_BOUND('',#428,.F.);
#428 = EDGE_LOOP('',(#429));
#429 = ORIENTED_EDGE('',*,*,#430,.F.);
#430 = EDGE_CURVE('',#431,#431,#433,.T.);
#431 = VERTEX_POINT('',#432);
#432 = CARTESIAN_POINT('',(8.,-644.,1.335E+03));
#433 = SURFACE_CURVE('',#434,(#439,#446),.PCURVE_S1.);
#434 = CIRCLE('',#435,8.);
#435 = AXIS2_PLACEMENT_3D('',#436,#437,#438);
#436 = CARTESIAN_POINT('',(0.,-644.,1.335E+03));
#437 = DIRECTION('',(0.,0.,1.));
#438 = DIRECTION('',(1.,0.,-0.));
#439 = PCURVE('',#130,#440);
#440 = DEFINITIONAL_REPRESENTATION('',(#441),#445);
#441 = CIRCLE('',#442,8.);
#442 = AXIS2_PLACEMENT_2D('',#443,#444);
#443 = CARTESIAN_POINT('',(85.,32.));
#444 = DIRECTION('',(1.,0.));
#445 = ( GEOMETRIC_REPRESENTATION_CONTEXT(2) 
PARAMETRIC_REPRESENTATION_CONTEXT() REPRESENTATION_CONTEXT('2D SPACE',''
  ) );
#446 = PCURVE('',#447,#452);
#447 = CYLINDRICAL_SURFACE('',#448,8.);
#448 = AXIS2_PLACEMENT_3D('',#449,#450,#451);
#449 = CARTESIAN_POINT('',(0.,-644.,1.317E+03));
#450 = DIRECTION('',(0.,0.,1.));
#451 = DIRECTION('',(1.,0.,-0.));
#452 = DEFINITIONAL_REPRESENTATION('',(#453),#457);
#453 = LINE('',#454,#455);
#454 = CARTESIAN_POINT('',(0.,18.));
#455 = VECTOR('',#456,1.);
#456 = DIRECTION('',(1.,0.));
#457 = ( GEOMETRIC_REPRESENTATION_CONTEXT(2) 
PARAMETRIC_REPRESENTATION_CONTEXT() REPRESENTATION_CONTEXT('2D SPACE',''
  ) );
#458 = FACE_BOUND('',#459,.F.);
#459 = EDGE_LOOP('',(#460));
#460 = ORIENTED_EDGE('',*,*,#461,.F.);
#461 = EDGE_CURVE('',#462,#462,#464,.T.);
#462 = VERTEX_POINT('',#463);
#463 = CARTESIAN_POINT('',(59.,-644.,1.335E+03));
#464 = SURFACE_CURVE('',#465,(#470,#477),.PCURVE_S1.);
#465 = CIRCLE('',#466,9.);
#466 = AXIS2_PLACEMENT_3D('',#467,#468,#469);
#467 = CARTESIAN_POINT('',(50.,-644.,1.335E+03));
#468 = DIRECTION('',(0.,0.,1.));
#469 = DIRECTION('',(1.,0.,-0.));
#470 = PCURVE('',#130,#471);
#471 = DEFINITIONAL_REPRESENTATION('',(#472),#476);
#472 = CIRCLE('',#473,9.);
#473 = AXIS2_PLACEMENT_2D('',#474,#475);
#474 = CARTESIAN_POINT('',(135.,32.));
#475 = DIRECTION('',(1.,0.));
#476 = ( GEOMETRIC_REPRESENTATION_CONTEXT(2) 
PARAMETRIC_REPRESENTATION_CONTEXT() REPRESENTATION_CONTEXT('2D SPACE',''
  ) );
#477 = PCURVE('',#478,#483);
#478 = CYLINDRICAL_SURFACE('',#479,9.);
#479 = AXIS2_PLACEMENT_3D('',#480,#481,#482);
#480 = CARTESIAN_POINT('',(50.,-644.,1.317E+03));
#481 = DIRECTION('',(0.,0.,1.));
#482 = DIRECTION('',(1.,0.,-0.));
#483 = DEFINITIONAL_REPRESENTATION('',(#484),#488);
#484 = LINE('',#485,#486);
#485 = CARTESIAN_POINT('',(0.,18.));
#486 = VECTOR('',#487,1.);
#487 = DIRECTION('',(1.,0.));
#488 = ( GEOMETRIC_REPRESENTATION_CONTEXT(2) 
PARAMETRIC_REPRESENTATION_CONTEXT() REPRESENTATION_CONTEXT('2D SPACE',''
  ) );
#489 = ADVANCED_FACE('',(#490),#260,.T.);
#490 = FACE_BOUND('',#491,.T.);
#491 = EDGE_LOOP('',(#492,#493,#494,#495));
#492 = ORIENTED_EDGE('',*,*,#246,.F.);
#493 = ORIENTED_EDGE('',*,*,#375,.T.);
#494 = ORIENTED_EDGE('',*,*,#349,.T.);
#495 = ORIENTED_EDGE('',*,*,#277,.F.);
#496 = ADVANCED_FACE('',(#497),#416,.T.);
#497 = FACE_BOUND('',#498,.T.);
#498 = EDGE_LOOP('',(#499,#500,#523,#550));
#499 = ORIENTED_EDGE('',*,*,#399,.F.);
#500 = ORIENTED_EDGE('',*,*,#501,.F.);
#501 = EDGE_CURVE('',#502,#400,#504,.T.);
#502 = VERTEX_POINT('',#503);
#503 = CARTESIAN_POINT('',(-41.,-644.,1.317E+03));
#504 = SEAM_CURVE('',#505,(#509,#516),.PCURVE_S1.);
#505 = LINE('',#506,#507);
#506 = CARTESIAN_POINT('',(-41.,-644.,1.317E+03));
#507 = VECTOR('',#508,1.);
#508 = DIRECTION('',(0.,0.,1.));
#509 = PCURVE('',#416,#510);
#510 = DEFINITIONAL_REPRESENTATION('',(#511),#515);
#511 = LINE('',#512,#513);
#512 = CARTESIAN_POINT('',(6.28318530718,-0.));
#513 = VECTOR('',#514,1.);
#514 = DIRECTION('',(0.,1.));
#515 = ( GEOMETRIC_REPRESENTATION_CONTEXT(2) 
PARAMETRIC_REPRESENTATION_CONTEXT() REPRESENTATION_CONTEXT('2D SPACE',''
  ) );
#516 = PCURVE('',#416,#517);
#517 = DEFINITIONAL_REPRESENTATION('',(#518),#522);
#518 = LINE('',#519,#520);
#519 = CARTESIAN_POINT('',(0.,-0.));
#520 = VECTOR('',#521,1.);
#521 = DIRECTION('',(0.,1.));
#522 = ( GEOMETRIC_REPRESENTATION_CONTEXT(2) 
PARAMETRIC_REPRESENTATION_CONTEXT() REPRESENTATION_CONTEXT('2D SPACE',''
  ) );
#523 = ORIENTED_EDGE('',*,*,#524,.T.);
#524 = EDGE_CURVE('',#502,#502,#525,.T.);
#525 = SURFACE_CURVE('',#526,(#531,#538),.PCURVE_S1.);
#526 = CIRCLE('',#527,9.);
#527 = AXIS2_PLACEMENT_3D('',#528,#529,#530);
#528 = CARTESIAN_POINT('',(-50.,-644.,1.317E+03));
#529 = DIRECTION('',(0.,0.,1.));
#530 = DIRECTION('',(1.,0.,-0.));
#531 = PCURVE('',#416,#532);
#532 = DEFINITIONAL_REPRESENTATION('',(#533),#537);
#533 = LINE('',#534,#535);
#534 = CARTESIAN_POINT('',(0.,0.));
#535 = VECTOR('',#536,1.);
#536 = DIRECTION('',(1.,0.));
#537 = ( GEOMETRIC_REPRESENTATION_CONTEXT(2) 
PARAMETRIC_REPRESENTATION_CONTEXT() REPRESENTATION_CONTEXT('2D SPACE',''
  ) );
#538 = PCURVE('',#539,#544);
#539 = PLANE('',#540);
#540 = AXIS2_PLACEMENT_3D('',#541,#542,#543);
#541 = CARTESIAN_POINT('',(-50.,-644.,1.317E+03));
#542 = DIRECTION('',(0.,0.,1.));
#543 = DIRECTION('',(1.,0.,-0.));
#544 = DEFINITIONAL_REPRESENTATION('',(#545),#549);
#545 = CIRCLE('',#546,9.);
#546 = AXIS2_PLACEMENT_2D('',#547,#548);
#547 = CARTESIAN_POINT('',(0.,0.));
#548 = DIRECTION('',(1.,0.));
#549 = ( GEOMETRIC_REPRESENTATION_CONTEXT(2) 
PARAMETRIC_REPRESENTATION_CONTEXT() REPRESENTATION_CONTEXT('2D SPACE',''
  ) );
#550 = ORIENTED_EDGE('',*,*,#501,.T.);
#551 = ADVANCED_FACE('',(#552),#447,.T.);
#552 = FACE_BOUND('',#553,.T.);
#553 = EDGE_LOOP('',(#554,#555,#578,#605));
#554 = ORIENTED_EDGE('',*,*,#430,.F.);
#555 = ORIENTED_EDGE('',*,*,#556,.F.);
#556 = EDGE_CURVE('',#557,#431,#559,.T.);
#557 = VERTEX_POINT('',#558);
#558 = CARTESIAN_POINT('',(8.,-644.,1.317E+03));
#559 = SEAM_CURVE('',#560,(#564,#571),.PCURVE_S1.);
#560 = LINE('',#561,#562);
#561 = CARTESIAN_POINT('',(8.,-644.,1.317E+03));
#562 = VECTOR('',#563,1.);
#563 = DIRECTION('',(0.,0.,1.));
#564 = PCURVE('',#447,#565);
#565 = DEFINITIONAL_REPRESENTATION('',(#566),#570);
#566 = LINE('',#567,#568);
#567 = CARTESIAN_POINT('',(6.28318530718,-0.));
#568 = VECTOR('',#569,1.);
#569 = DIRECTION('',(0.,1.));
#570 = ( GEOMETRIC_REPRESENTATION_CONTEXT(2) 
PARAMETRIC_REPRESENTATION_CONTEXT() REPRESENTATION_CONTEXT('2D SPACE',''
  ) );
#571 = PCURVE('',#447,#572);
#572 = DEFINITIONAL_REPRESENTATION('',(#573),#577);
#573 = LINE('',#574,#575);
#574 = CARTESIAN_POINT('',(0.,-0.));
#575 = VECTOR('',#576,1.);
#576 = DIRECTION('',(0.,1.));
#577 = ( GEOMETRIC_REPRESENTATION_CONTEXT(2) 
PARAMETRIC_REPRESENTATION_CONTEXT() REPRESENTATION_CONTEXT('2D SPACE',''
  ) );
#578 = ORIENTED_EDGE('',*,*,#579,.T.);
#579 = EDGE_CURVE('',#557,#557,#580,.T.);
#580 = SURFACE_CURVE('',#581,(#586,#593),.PCURVE_S1.);
#581 = CIRCLE('',#582,8.);
#582 = AXIS2_PLACEMENT_3D('',#583,#584,#585);
#583 = CARTESIAN_POINT('',(0.,-644.,1.317E+03));
#584 = DIRECTION('',(0.,0.,1.));
#585 = DIRECTION('',(1.,0.,-0.));
#586 = PCURVE('',#447,#587);
#587 = DEFINITIONAL_REPRESENTATION('',(#588),#592);
#588 = LINE('',#589,#590);
#589 = CARTESIAN_POINT('',(0.,0.));
#590 = VECTOR('',#591,1.);
#591 = DIRECTION('',(1.,0.));
#592 = ( GEOMETRIC_REPRESENTATION_CONTEXT(2) 
PARAMETRIC_REPRESENTATION_CONTEXT() REPRESENTATION_CONTEXT('2D SPACE',''
  ) );
#593 = PCURVE('',#594,#599);
#594 = PLANE('',#595);
#595 = AXIS2_PLACEMENT_3D('',#596,#597,#598);
#596 = CARTESIAN_POINT('',(0.,-644.,1.317E+03));
#597 = DIRECTION('',(0.,0.,1.));
#598 = DIRECTION('',(1.,0.,-0.));
#599 = DEFINITIONAL_REPRESENTATION('',(#600),#604);
#600 = CIRCLE('',#601,8.);
#601 = AXIS2_PLACEMENT_2D('',#602,#603);
#602 = CARTESIAN_POINT('',(0.,0.));
#603 = DIRECTION('',(1.,0.));
#604 = ( GEOMETRIC_REPRESENTATION_CONTEXT(2) 
PARAMETRIC_REPRESENTATION_CONTEXT() REPRESENTATION_CONTEXT('2D SPACE',''
  ) );
#605 = ORIENTED_EDGE('',*,*,#556,.T.);
#606 = ADVANCED_FACE('',(#607),#478,.T.);
#607 = FACE_BOUND('',#608,.T.);
#608 = EDGE_LOOP('',(#609,#610,#633,#660));
#609 = ORIENTED_EDGE('',*,*,#461,.F.);
#610 = ORIENTED_EDGE('',*,*,#611,.F.);
#611 = EDGE_CURVE('',#612,#462,#614,.T.);
#612 = VERTEX_POINT('',#613);
#613 = CARTESIAN_POINT('',(59.,-644.,1.317E+03));
#614 = SEAM_CURVE('',#615,(#619,#626),.PCURVE_S1.);
#615 = LINE('',#616,#617);
#616 = CARTESIAN_POINT('',(59.,-644.,1.317E+03));
#617 = VECTOR('',#618,1.);
#618 = DIRECTION('',(0.,0.,1.));
#619 = PCURVE('',#478,#620);
#620 = DEFINITIONAL_REPRESENTATION('',(#621),#625);
#621 = LINE('',#622,#623);
#622 = CARTESIAN_POINT('',(6.28318530718,-0.));
#623 = VECTOR('',#624,1.);
#624 = DIRECTION('',(0.,1.));
#625 = ( GEOMETRIC_REPRESENTATION_CONTEXT(2) 
PARAMETRIC_REPRESENTATION_CONTEXT() REPRESENTATION_CONTEXT('2D SPACE',''
  ) );
#626 = PCURVE('',#478,#627);
#627 = DEFINITIONAL_REPRESENTATION('',(#628),#632);
#628 = LINE('',#629,#630);
#629 = CARTESIAN_POINT('',(0.,-0.));
#630 = VECTOR('',#631,1.);
#631 = DIRECTION('',(0.,1.));
#632 = ( GEOMETRIC_REPRESENTATION_CONTEXT(2) 
PARAMETRIC_REPRESENTATION_CONTEXT() REPRESENTATION_CONTEXT('2D SPACE',''
  ) );
#633 = ORIENTED_EDGE('',*,*,#634,.T.);
#634 = EDGE_CURVE('',#612,#612,#635,.T.);
#635 = SURFACE_CURVE('',#636,(#641,#648),.PCURVE_S1.);
#636 = CIRCLE('',#637,9.);
#637 = AXIS2_PLACEMENT_3D('',#638,#639,#640);
#638 = CARTESIAN_POINT('',(50.,-644.,1.317E+03));
#639 = DIRECTION('',(0.,0.,1.));
#640 = DIRECTION('',(1.,0.,-0.));
#641 = PCURVE('',#478,#642);
#642 = DEFINITIONAL_REPRESENTATION('',(#643),#647);
#643 = LINE('',#644,#645);
#644 = CARTESIAN_POINT('',(0.,0.));
#645 = VECTOR('',#646,1.);
#646 = DIRECTION('',(1.,0.));
#647 = ( GEOMETRIC_REPRESENTATION_CONTEXT(2) 
PARAMETRIC_REPRESENTATION_CONTEXT() REPRESENTATION_CONTEXT('2D SPACE',''
  ) );
#648 = PCURVE('',#649,#654);
#649 = PLANE('',#650);
#650 = AXIS2_PLACEMENT_3D('',#651,#652,#653);
#651 = CARTESIAN_POINT('',(50.,-644.,1.317E+03));
#652 = DIRECTION('',(0.,0.,1.));
#653 = DIRECTION('',(1.,0.,-0.));
#654 = DEFINITIONAL_REPRESENTATION('',(#655),#659);
#655 = CIRCLE('',#656,9.);
#656 = AXIS2_PLACEMENT_2D('',#657,#658);
#657 = CARTESIAN_POINT('',(0.,0.));
#658 = DIRECTION('',(1.,0.));
#659 = ( GEOMETRIC_REPRESENTATION_CONTEXT(2) 
PARAMETRIC_REPRESENTATION_CONTEXT() REPRESENTATION_CONTEXT('2D SPACE',''
  ) );
#660 = ORIENTED_EDGE('',*,*,#611,.T.);
#661 = ADVANCED_FACE('',(#662),#539,.F.);
#662 = FACE_BOUND('',#663,.T.);
#663 = EDGE_LOOP('',(#664));
#664 = ORIENTED_EDGE('',*,*,#524,.F.);
#665 = ADVANCED_FACE('',(#666),#594,.F.);
#666 = FACE_BOUND('',#667,.T.);
#667 = EDGE_LOOP('',(#668));
#668 = ORIENTED_EDGE('',*,*,#579,.F.);
#669 = ADVANCED_FACE('',(#670),#649,.F.);
#670 = FACE_BOUND('',#671,.T.);
#671 = EDGE_LOOP('',(#672));
#672 = ORIENTED_EDGE('',*,*,#634,.F.);
#673 = ORIENTED_CLOSED_SHELL('',*,#674,.F.);
#674 = CLOSED_SHELL('',(#675,#795,#871,#920,#969,#996));
#675 = ADVANCED_FACE('',(#676),#690,.F.);
#676 = FACE_BOUND('',#677,.F.);
#677 = EDGE_LOOP('',(#678,#713,#741,#769));
#678 = ORIENTED_EDGE('',*,*,#679,.F.);
#679 = EDGE_CURVE('',#680,#682,#684,.T.);
#680 = VERTEX_POINT('',#681);
#681 = CARTESIAN_POINT('',(-81.,-672.,1.339E+03));
#682 = VERTEX_POINT('',#683);
#683 = CARTESIAN_POINT('',(-81.,-672.,1.441E+03));
#684 = SURFACE_CURVE('',#685,(#689,#701),.PCURVE_S1.);
#685 = LINE('',#686,#687);
#686 = CARTESIAN_POINT('',(-81.,-672.,1.339E+03));
#687 = VECTOR('',#688,1.);
#688 = DIRECTION('',(0.,0.,1.));
#689 = PCURVE('',#690,#695);
#690 = PLANE('',#691);
#691 = AXIS2_PLACEMENT_3D('',#692,#693,#694);
#692 = CARTESIAN_POINT('',(-81.,-672.,1.339E+03));
#693 = DIRECTION('',(1.,0.,-0.));
#694 = DIRECTION('',(0.,0.,1.));
#695 = DEFINITIONAL_REPRESENTATION('',(#696),#700);
#696 = LINE('',#697,#698);
#697 = CARTESIAN_POINT('',(0.,0.));
#698 = VECTOR('',#699,1.);
#699 = DIRECTION('',(1.,0.));
#700 = ( GEOMETRIC_REPRESENTATION_CONTEXT(2) 
PARAMETRIC_REPRESENTATION_CONTEXT() REPRESENTATION_CONTEXT('2D SPACE',''
  ) );
#701 = PCURVE('',#702,#707);
#702 = PLANE('',#703);
#703 = AXIS2_PLACEMENT_3D('',#704,#705,#706);
#704 = CARTESIAN_POINT('',(-81.,-672.,1.339E+03));
#705 = DIRECTION('',(-0.,1.,0.));
#706 = DIRECTION('',(0.,0.,1.));
#707 = DEFINITIONAL_REPRESENTATION('',(#708),#712);
#708 = LINE('',#709,#710);
#709 = CARTESIAN_POINT('',(0.,0.));
#710 = VECTOR('',#711,1.);
#711 = DIRECTION('',(1.,0.));
#712 = ( GEOMETRIC_REPRESENTATION_CONTEXT(2) 
PARAMETRIC_REPRESENTATION_CONTEXT() REPRESENTATION_CONTEXT('2D SPACE',''
  ) );
#713 = ORIENTED_EDGE('',*,*,#714,.T.);
#714 = EDGE_CURVE('',#680,#715,#717,.T.);
#715 = VERTEX_POINT('',#716);
#716 = CARTESIAN_POINT('',(-81.,-616.,1.339E+03));
#717 = SURFACE_CURVE('',#718,(#722,#729),.PCURVE_S1.);
#718 = LINE('',#719,#720);
#719 = CARTESIAN_POINT('',(-81.,-672.,1.339E+03));
#720 = VECTOR('',#721,1.);
#721 = DIRECTION('',(-0.,1.,0.));
#722 = PCURVE('',#690,#723);
#723 = DEFINITIONAL_REPRESENTATION('',(#724),#728);
#724 = LINE('',#725,#726);
#725 = CARTESIAN_POINT('',(0.,0.));
#726 = VECTOR('',#727,1.);
#727 = DIRECTION('',(0.,-1.));
#728 = ( GEOMETRIC_REPRESENTATION_CONTEXT(2) 
PARAMETRIC_REPRESENTATION_CONTEXT() REPRESENTATION_CONTEXT('2D SPACE',''
  ) );
#729 = PCURVE('',#730,#735);
#730 = PLANE('',#731);
#731 = AXIS2_PLACEMENT_3D('',#732,#733,#734);
#732 = CARTESIAN_POINT('',(-81.,-672.,1.339E+03));
#733 = DIRECTION('',(0.,0.,1.));
#734 = DIRECTION('',(1.,0.,-0.));
#735 = DEFINITIONAL_REPRESENTATION('',(#736),#740);
#736 = LINE('',#737,#738);
#737 = CARTESIAN_POINT('',(0.,0.));
#738 = VECTOR('',#739,1.);
#739 = DIRECTION('',(0.,1.));
#740 = ( GEOMETRIC_REPRESENTATION_CONTEXT(2) 
PARAMETRIC_REPRESENTATION_CONTEXT() REPRESENTATION_CONTEXT('2D SPACE',''
  ) );
#741 = ORIENTED_EDGE('',*,*,#742,.T.);
#742 = EDGE_CURVE('',#715,#743,#745,.T.);
#743 = VERTEX_POINT('',#744);
#744 = CARTESIAN_POINT('',(-81.,-616.,1.441E+03));
#745 = SURFACE_CURVE('',#746,(#750,#757),.PCURVE_S1.);
#746 = LINE('',#747,#748);
#747 = CARTESIAN_POINT('',(-81.,-616.,1.339E+03));
#748 = VECTOR('',#749,1.);
#749 = DIRECTION('',(0.,0.,1.));
#750 = PCURVE('',#690,#751);
#751 = DEFINITIONAL_REPRESENTATION('',(#752),#756);
#752 = LINE('',#753,#754);
#753 = CARTESIAN_POINT('',(0.,-56.));
#754 = VECTOR('',#755,1.);
#755 = DIRECTION('',(1.,0.));
#756 = ( GEOMETRIC_REPRESENTATION_CONTEXT(2) 
PARAMETRIC_REPRESENTATION_CONTEXT() REPRESENTATION_CONTEXT('2D SPACE',''
  ) );
#757 = PCURVE('',#758,#763);
#758 = PLANE('',#759);
#759 = AXIS2_PLACEMENT_3D('',#760,#761,#762);
#760 = CARTESIAN_POINT('',(-81.,-616.,1.339E+03));
#761 = DIRECTION('',(-0.,1.,0.));
#762 = DIRECTION('',(0.,0.,1.));
#763 = DEFINITIONAL_REPRESENTATION('',(#764),#768);
#764 = LINE('',#765,#766);
#765 = CARTESIAN_POINT('',(0.,0.));
#766 = VECTOR('',#767,1.);
#767 = DIRECTION('',(1.,0.));
#768 = ( GEOMETRIC_REPRESENTATION_CONTEXT(2) 
PARAMETRIC_REPRESENTATION_CONTEXT() REPRESENTATION_CONTEXT('2D SPACE',''
  ) );
#769 = ORIENTED_EDGE('',*,*,#770,.F.);
#770 = EDGE_CURVE('',#682,#743,#771,.T.);
#771 = SURFACE_CURVE('',#772,(#776,#783),.PCURVE_S1.);
#772 = LINE('',#773,#774);
#773 = CARTESIAN_POINT('',(-81.,-672.,1.441E+03));
#774 = VECTOR('',#775,1.);
#775 = DIRECTION('',(-0.,1.,0.));
#776 = PCURVE('',#690,#777);
#777 = DEFINITIONAL_REPRESENTATION('',(#778),#782);
#778 = LINE('',#779,#780);
#779 = CARTESIAN_POINT('',(102.,0.));
#780 = VECTOR('',#781,1.);
#781 = DIRECTION('',(0.,-1.));
#782 = ( GEOMETRIC_REPRESENTATION_CONTEXT(2) 
PARAMETRIC_REPRESENTATION_CONTEXT() REPRESENTATION_CONTEXT('2D SPACE',''
  ) );
#783 = PCURVE('',#784,#789);
#784 = PLANE('',#785);
#785 = AXIS2_PLACEMENT_3D('',#786,#787,#788);
#786 = CARTESIAN_POINT('',(-81.,-672.,1.441E+03));
#787 = DIRECTION('',(0.,0.,1.));
#788 = DIRECTION('',(1.,0.,-0.));
#789 = DEFINITIONAL_REPRESENTATION('',(#790),#794);
#790 = LINE('',#791,#792);
#791 = CARTESIAN_POINT('',(0.,0.));
#792 = VECTOR('',#793,1.);
#793 = DIRECTION('',(0.,1.));
#794 = ( GEOMETRIC_REPRESENTATION_CONTEXT(2) 
PARAMETRIC_REPRESENTATION_CONTEXT() REPRESENTATION_CONTEXT('2D SPACE',''
  ) );
#795 = ADVANCED_FACE('',(#796),#702,.F.);
#796 = FACE_BOUND('',#797,.F.);
#797 = EDGE_LOOP('',(#798,#821,#822,#845));
#798 = ORIENTED_EDGE('',*,*,#799,.F.);
#799 = EDGE_CURVE('',#680,#800,#802,.T.);
#800 = VERTEX_POINT('',#801);
#801 = CARTESIAN_POINT('',(81.,-672.,1.339E+03));
#802 = SURFACE_CURVE('',#803,(#807,#814),.PCURVE_S1.);
#803 = LINE('',#804,#805);
#804 = CARTESIAN_POINT('',(-81.,-672.,1.339E+03));
#805 = VECTOR('',#806,1.);
#806 = DIRECTION('',(1.,0.,-0.));
#807 = PCURVE('',#702,#808);
#808 = DEFINITIONAL_REPRESENTATION('',(#809),#813);
#809 = LINE('',#810,#811);
#810 = CARTESIAN_POINT('',(0.,0.));
#811 = VECTOR('',#812,1.);
#812 = DIRECTION('',(0.,1.));
#813 = ( GEOMETRIC_REPRESENTATION_CONTEXT(2) 
PARAMETRIC_REPRESENTATION_CONTEXT() REPRESENTATION_CONTEXT('2D SPACE',''
  ) );
#814 = PCURVE('',#730,#815);
#815 = DEFINITIONAL_REPRESENTATION('',(#816),#820);
#816 = LINE('',#817,#818);
#817 = CARTESIAN_POINT('',(0.,0.));
#818 = VECTOR('',#819,1.);
#819 = DIRECTION('',(1.,0.));
#820 = ( GEOMETRIC_REPRESENTATION_CONTEXT(2) 
PARAMETRIC_REPRESENTATION_CONTEXT() REPRESENTATION_CONTEXT('2D SPACE',''
  ) );
#821 = ORIENTED_EDGE('',*,*,#679,.T.);
#822 = ORIENTED_EDGE('',*,*,#823,.T.);
#823 = EDGE_CURVE('',#682,#824,#826,.T.);
#824 = VERTEX_POINT('',#825);
#825 = CARTESIAN_POINT('',(81.,-672.,1.441E+03));
#826 = SURFACE_CURVE('',#827,(#831,#838),.PCURVE_S1.);
#827 = LINE('',#828,#829);
#828 = CARTESIAN_POINT('',(-81.,-672.,1.441E+03));
#829 = VECTOR('',#830,1.);
#830 = DIRECTION('',(1.,0.,-0.));
#831 = PCURVE('',#702,#832);
#832 = DEFINITIONAL_REPRESENTATION('',(#833),#837);
#833 = LINE('',#834,#835);
#834 = CARTESIAN_POINT('',(102.,0.));
#835 = VECTOR('',#836,1.);
#836 = DIRECTION('',(0.,1.));
#837 = ( GEOMETRIC_REPRESENTATION_CONTEXT(2) 
PARAMETRIC_REPRESENTATION_CONTEXT() REPRESENTATION_CONTEXT('2D SPACE',''
  ) );
#838 = PCURVE('',#784,#839);
#839 = DEFINITIONAL_REPRESENTATION('',(#840),#844);
#840 = LINE('',#841,#842);
#841 = CARTESIAN_POINT('',(0.,0.));
#842 = VECTOR('',#843,1.);
#843 = DIRECTION('',(1.,0.));
#844 = ( GEOMETRIC_REPRESENTATION_CONTEXT(2) 
PARAMETRIC_REPRESENTATION_CONTEXT() REPRESENTATION_CONTEXT('2D SPACE',''
  ) );
#845 = ORIENTED_EDGE('',*,*,#846,.F.);
#846 = EDGE_CURVE('',#800,#824,#847,.T.);
#847 = SURFACE_CURVE('',#848,(#852,#859),.PCURVE_S1.);
#848 = LINE('',#849,#850);
#849 = CARTESIAN_POINT('',(81.,-672.,1.339E+03));
#850 = VECTOR('',#851,1.);
#851 = DIRECTION('',(0.,0.,1.));
#852 = PCURVE('',#702,#853);
#853 = DEFINITIONAL_REPRESENTATION('',(#854),#858);
#854 = LINE('',#855,#856);
#855 = CARTESIAN_POINT('',(0.,162.));
#856 = VECTOR('',#857,1.);
#857 = DIRECTION('',(1.,0.));
#858 = ( GEOMETRIC_REPRESENTATION_CONTEXT(2) 
PARAMETRIC_REPRESENTATION_CONTEXT() REPRESENTATION_CONTEXT('2D SPACE',''
  ) );
#859 = PCURVE('',#860,#865);
#860 = PLANE('',#861);
#861 = AXIS2_PLACEMENT_3D('',#862,#863,#864);
#862 = CARTESIAN_POINT('',(81.,-672.,1.339E+03));
#863 = DIRECTION('',(1.,0.,-0.));
#864 = DIRECTION('',(0.,0.,1.));
#865 = DEFINITIONAL_REPRESENTATION('',(#866),#870);
#866 = LINE('',#867,#868);
#867 = CARTESIAN_POINT('',(0.,0.));
#868 = VECTOR('',#869,1.);
#869 = DIRECTION('',(1.,0.));
#870 = ( GEOMETRIC_REPRESENTATION_CONTEXT(2) 
PARAMETRIC_REPRESENTATION_CONTEXT() REPRESENTATION_CONTEXT('2D SPACE',''
  ) );
#871 = ADVANCED_FACE('',(#872),#784,.T.);
#872 = FACE_BOUND('',#873,.T.);
#873 = EDGE_LOOP('',(#874,#875,#876,#899));
#874 = ORIENTED_EDGE('',*,*,#770,.F.);
#875 = ORIENTED_EDGE('',*,*,#823,.T.);
#876 = ORIENTED_EDGE('',*,*,#877,.T.);
#877 = EDGE_CURVE('',#824,#878,#880,.T.);
#878 = VERTEX_POINT('',#879);
#879 = CARTESIAN_POINT('',(81.,-616.,1.441E+03));
#880 = SURFACE_CURVE('',#881,(#885,#892),.PCURVE_S1.);
#881 = LINE('',#882,#883);
#882 = CARTESIAN_POINT('',(81.,-672.,1.441E+03));
#883 = VECTOR('',#884,1.);
#884 = DIRECTION('',(-0.,1.,0.));
#885 = PCURVE('',#784,#886);
#886 = DEFINITIONAL_REPRESENTATION('',(#887),#891);
#887 = LINE('',#888,#889);
#888 = CARTESIAN_POINT('',(162.,0.));
#889 = VECTOR('',#890,1.);
#890 = DIRECTION('',(0.,1.));
#891 = ( GEOMETRIC_REPRESENTATION_CONTEXT(2) 
PARAMETRIC_REPRESENTATION_CONTEXT() REPRESENTATION_CONTEXT('2D SPACE',''
  ) );
#892 = PCURVE('',#860,#893);
#893 = DEFINITIONAL_REPRESENTATION('',(#894),#898);
#894 = LINE('',#895,#896);
#895 = CARTESIAN_POINT('',(102.,0.));
#896 = VECTOR('',#897,1.);
#897 = DIRECTION('',(0.,-1.));
#898 = ( GEOMETRIC_REPRESENTATION_CONTEXT(2) 
PARAMETRIC_REPRESENTATION_CONTEXT() REPRESENTATION_CONTEXT('2D SPACE',''
  ) );
#899 = ORIENTED_EDGE('',*,*,#900,.F.);
#900 = EDGE_CURVE('',#743,#878,#901,.T.);
#901 = SURFACE_CURVE('',#902,(#906,#913),.PCURVE_S1.);
#902 = LINE('',#903,#904);
#903 = CARTESIAN_POINT('',(-81.,-616.,1.441E+03));
#904 = VECTOR('',#905,1.);
#905 = DIRECTION('',(1.,0.,-0.));
#906 = PCURVE('',#784,#907);
#907 = DEFINITIONAL_REPRESENTATION('',(#908),#912);
#908 = LINE('',#909,#910);
#909 = CARTESIAN_POINT('',(0.,56.));
#910 = VECTOR('',#911,1.);
#911 = DIRECTION('',(1.,0.));
#912 = ( GEOMETRIC_REPRESENTATION_CONTEXT(2) 
PARAMETRIC_REPRESENTATION_CONTEXT() REPRESENTATION_CONTEXT('2D SPACE',''
  ) );
#913 = PCURVE('',#758,#914);
#914 = DEFINITIONAL_REPRESENTATION('',(#915),#919);
#915 = LINE('',#916,#917);
#916 = CARTESIAN_POINT('',(102.,0.));
#917 = VECTOR('',#918,1.);
#918 = DIRECTION('',(0.,1.));
#919 = ( GEOMETRIC_REPRESENTATION_CONTEXT(2) 
PARAMETRIC_REPRESENTATION_CONTEXT() REPRESENTATION_CONTEXT('2D SPACE',''
  ) );
#920 = ADVANCED_FACE('',(#921),#758,.T.);
#921 = FACE_BOUND('',#922,.T.);
#922 = EDGE_LOOP('',(#923,#946,#947,#948));
#923 = ORIENTED_EDGE('',*,*,#924,.F.);
#924 = EDGE_CURVE('',#715,#925,#927,.T.);
#925 = VERTEX_POINT('',#926);
#926 = CARTESIAN_POINT('',(81.,-616.,1.339E+03));
#927 = SURFACE_CURVE('',#928,(#932,#939),.PCURVE_S1.);
#928 = LINE('',#929,#930);
#929 = CARTESIAN_POINT('',(-81.,-616.,1.339E+03));
#930 = VECTOR('',#931,1.);
#931 = DIRECTION('',(1.,0.,-0.));
#932 = PCURVE('',#758,#933);
#933 = DEFINITIONAL_REPRESENTATION('',(#934),#938);
#934 = LINE('',#935,#936);
#935 = CARTESIAN_POINT('',(0.,0.));
#936 = VECTOR('',#937,1.);
#937 = DIRECTION('',(0.,1.));
#938 = ( GEOMETRIC_REPRESENTATION_CONTEXT(2) 
PARAMETRIC_REPRESENTATION_CONTEXT() REPRESENTATION_CONTEXT('2D SPACE',''
  ) );
#939 = PCURVE('',#730,#940);
#940 = DEFINITIONAL_REPRESENTATION('',(#941),#945);
#941 = LINE('',#942,#943);
#942 = CARTESIAN_POINT('',(0.,56.));
#943 = VECTOR('',#944,1.);
#944 = DIRECTION('',(1.,0.));
#945 = ( GEOMETRIC_REPRESENTATION_CONTEXT(2) 
PARAMETRIC_REPRESENTATION_CONTEXT() REPRESENTATION_CONTEXT('2D SPACE',''
  ) );
#946 = ORIENTED_EDGE('',*,*,#742,.T.);
#947 = ORIENTED_EDGE('',*,*,#900,.T.);
#948 = ORIENTED_EDGE('',*,*,#949,.F.);
#949 = EDGE_CURVE('',#925,#878,#950,.T.);
#950 = SURFACE_CURVE('',#951,(#955,#962),.PCURVE_S1.);
#951 = LINE('',#952,#953);
#952 = CARTESIAN_POINT('',(81.,-616.,1.339E+03));
#953 = VECTOR('',#954,1.);
#954 = DIRECTION('',(0.,0.,1.));
#955 = PCURVE('',#758,#956);
#956 = DEFINITIONAL_REPRESENTATION('',(#957),#961);
#957 = LINE('',#958,#959);
#958 = CARTESIAN_POINT('',(0.,162.));
#959 = VECTOR('',#960,1.);
#960 = DIRECTION('',(1.,0.));
#961 = ( GEOMETRIC_REPRESENTATION_CONTEXT(2) 
PARAMETRIC_REPRESENTATION_CONTEXT() REPRESENTATION_CONTEXT('2D SPACE',''
  ) );
#962 = PCURVE('',#860,#963);
#963 = DEFINITIONAL_REPRESENTATION('',(#964),#968);
#964 = LINE('',#965,#966);
#965 = CARTESIAN_POINT('',(0.,-56.));
#966 = VECTOR('',#967,1.);
#967 = DIRECTION('',(1.,0.));
#968 = ( GEOMETRIC_REPRESENTATION_CONTEXT(2) 
PARAMETRIC_REPRESENTATION_CONTEXT() REPRESENTATION_CONTEXT('2D SPACE',''
  ) );
#969 = ADVANCED_FACE('',(#970),#730,.F.);
#970 = FACE_BOUND('',#971,.F.);
#971 = EDGE_LOOP('',(#972,#973,#974,#995));
#972 = ORIENTED_EDGE('',*,*,#714,.F.);
#973 = ORIENTED_EDGE('',*,*,#799,.T.);
#974 = ORIENTED_EDGE('',*,*,#975,.T.);
#975 = EDGE_CURVE('',#800,#925,#976,.T.);
#976 = SURFACE_CURVE('',#977,(#981,#988),.PCURVE_S1.);
#977 = LINE('',#978,#979);
#978 = CARTESIAN_POINT('',(81.,-672.,1.339E+03));
#979 = VECTOR('',#980,1.);
#980 = DIRECTION('',(-0.,1.,0.));
#981 = PCURVE('',#730,#982);
#982 = DEFINITIONAL_REPRESENTATION('',(#983),#987);
#983 = LINE('',#984,#985);
#984 = CARTESIAN_POINT('',(162.,0.));
#985 = VECTOR('',#986,1.);
#986 = DIRECTION('',(0.,1.));
#987 = ( GEOMETRIC_REPRESENTATION_CONTEXT(2) 
PARAMETRIC_REPRESENTATION_CONTEXT() REPRESENTATION_CONTEXT('2D SPACE',''
  ) );
#988 = PCURVE('',#860,#989);
#989 = DEFINITIONAL_REPRESENTATION('',(#990),#994);
#990 = LINE('',#991,#992);
#991 = CARTESIAN_POINT('',(0.,0.));
#992 = VECTOR('',#993,1.);
#993 = DIRECTION('',(0.,-1.));
#994 = ( GEOMETRIC_REPRESENTATION_CONTEXT(2) 
PARAMETRIC_REPRESENTATION_CONTEXT() REPRESENTATION_CONTEXT('2D SPACE',''
  ) );
#995 = ORIENTED_EDGE('',*,*,#924,.F.);
#996 = ADVANCED_FACE('',(#997),#860,.T.);
#997 = FACE_BOUND('',#998,.T.);
#998 = EDGE_LOOP('',(#999,#1000,#1001,#1002));
#999 = ORIENTED_EDGE('',*,*,#846,.F.);
#1000 = ORIENTED_EDGE('',*,*,#975,.T.);
#1001 = ORIENTED_EDGE('',*,*,#949,.T.);
#1002 = ORIENTED_EDGE('',*,*,#877,.F.);
#1003 = ( GEOMETRIC_REPRESENTATION_CONTEXT(3) 
GLOBAL_UNCERTAINTY_ASSIGNED_CONTEXT((#1007)) 
GLOBAL_UNIT_ASSIGNED_CONTEXT((#1004,#1005,#1006)) REPRESENTATION_CONTEXT
('Context #1','3D Context with UNIT and UNCERTAINTY') );
#1004 = ( LENGTH_UNIT() NAMED_UNIT(*) SI_UNIT(.MILLI.,.METRE.) );
#1005 = ( NAMED_UNIT(*) PLANE_ANGLE_UNIT() SI_UNIT($,.RADIAN.) );
#1006 = ( NAMED_UNIT(*) SI_UNIT($,.STERADIAN.) SOLID_ANGLE_UNIT() );
#1007 = UNCERTAINTY_MEASURE_WITH_UNIT(LENGTH_MEASURE(1.E-07),#1004,
  'distance_accuracy_value','confusion accuracy');
#1008 = CONTEXT_DEPENDENT_SHAPE_REPRESENTATION(#1009,#1011);
#1009 = ( REPRESENTATION_RELATIONSHIP('','',#72,#10) 
REPRESENTATION_RELATIONSHIP_WITH_TRANSFORMATION(#1010) 
SHAPE_REPRESENTATION_RELATIONSHIP() );
#1010 = ITEM_DEFINED_TRANSFORMATION('','',#11,#15);
#1011 = PRODUCT_DEFINITION_SHAPE('Placement','Placement of an item',
  #1012);
#1012 = NEXT_ASSEMBLY_USAGE_OCCURRENCE('13','=>[0:1:1:2]','',#5,#67,$);
#1013 = PRODUCT_RELATED_PRODUCT_CATEGORY('part',$,(#69));
#1014 = SHAPE_DEFINITION_REPRESENTATION(#1015,#1021);
#1015 = PRODUCT_DEFINITION_SHAPE('','',#1016);
#1016 = PRODUCT_DEFINITION('design','',#1017,#1020);
#1017 = PRODUCT_DEFINITION_FORMATION('','',#1018);
#1018 = PRODUCT('COMPOUND','COMPOUND','',(#1019));
#1019 = PRODUCT_CONTEXT('',#2,'mechanical');
#1020 = PRODUCT_DEFINITION_CONTEXT('part definition',#2,'design');
#1021 = ADVANCED_BREP_SHAPE_REPRESENTATION('',(#11,#1022),#1352);
#1022 = MANIFOLD_SOLID_BREP('',#1023);
#1023 = CLOSED_SHELL('',(#1024,#1144,#1244,#1291,#1338,#1345));
#1024 = ADVANCED_FACE('',(#1025),#1039,.F.);
#1025 = FACE_BOUND('',#1026,.F.);
#1026 = EDGE_LOOP('',(#1027,#1062,#1090,#1118));
#1027 = ORIENTED_EDGE('',*,*,#1028,.F.);
#1028 = EDGE_CURVE('',#1029,#1031,#1033,.T.);
#1029 = VERTEX_POINT('',#1030);
#1030 = CARTESIAN_POINT('',(-20.,-1.5,-20.));
#1031 = VERTEX_POINT('',#1032);
#1032 = CARTESIAN_POINT('',(-20.,-1.5,20.));
#1033 = SURFACE_CURVE('',#1034,(#1038,#1050),.PCURVE_S1.);
#1034 = LINE('',#1035,#1036);
#1035 = CARTESIAN_POINT('',(-20.,-1.5,-20.));
#1036 = VECTOR('',#1037,1.);
#1037 = DIRECTION('',(0.,0.,1.));
#1038 = PCURVE('',#1039,#1044);
#1039 = PLANE('',#1040);
#1040 = AXIS2_PLACEMENT_3D('',#1041,#1042,#1043);
#1041 = CARTESIAN_POINT('',(-20.,-1.5,-20.));
#1042 = DIRECTION('',(1.,0.,-0.));
#1043 = DIRECTION('',(0.,0.,1.));
#1044 = DEFINITIONAL_REPRESENTATION('',(#1045),#1049);
#1045 = LINE('',#1046,#1047);
#1046 = CARTESIAN_POINT('',(0.,0.));
#1047 = VECTOR('',#1048,1.);
#1048 = DIRECTION('',(1.,0.));
#1049 = ( GEOMETRIC_REPRESENTATION_CONTEXT(2) 
PARAMETRIC_REPRESENTATION_CONTEXT() REPRESENTATION_CONTEXT('2D SPACE',''
  ) );
#1050 = PCURVE('',#1051,#1056);
#1051 = PLANE('',#1052);
#1052 = AXIS2_PLACEMENT_3D('',#1053,#1054,#1055);
#1053 = CARTESIAN_POINT('',(-20.,-1.5,-20.));
#1054 = DIRECTION('',(-0.,1.,0.));
#1055 = DIRECTION('',(0.,0.,1.));
#1056 = DEFINITIONAL_REPRESENTATION('',(#1057),#1061);
#1057 = LINE('',#1058,#1059);
#1058 = CARTESIAN_POINT('',(0.,0.));
#1059 = VECTOR('',#1060,1.);
#1060 = DIRECTION('',(1.,0.));
#1061 = ( GEOMETRIC_REPRESENTATION_CONTEXT(2) 
PARAMETRIC_REPRESENTATION_CONTEXT() REPRESENTATION_CONTEXT('2D SPACE',''
  ) );
#1062 = ORIENTED_EDGE('',*,*,#1063,.T.);
#1063 = EDGE_CURVE('',#1029,#1064,#1066,.T.);
#1064 = VERTEX_POINT('',#1065);
#1065 = CARTESIAN_POINT('',(-20.,1.5,-20.));
#1066 = SURFACE_CURVE('',#1067,(#1071,#1078),.PCURVE_S1.);
#1067 = LINE('',#1068,#1069);
#1068 = CARTESIAN_POINT('',(-20.,-1.5,-20.));
#1069 = VECTOR('',#1070,1.);
#1070 = DIRECTION('',(-0.,1.,0.));
#1071 = PCURVE('',#1039,#1072);
#1072 = DEFINITIONAL_REPRESENTATION('',(#1073),#1077);
#1073 = LINE('',#1074,#1075);
#1074 = CARTESIAN_POINT('',(0.,0.));
#1075 = VECTOR('',#1076,1.);
#1076 = DIRECTION('',(0.,-1.));
#1077 = ( GEOMETRIC_REPRESENTATION_CONTEXT(2) 
PARAMETRIC_REPRESENTATION_CONTEXT() REPRESENTATION_CONTEXT('2D SPACE',''
  ) );
#1078 = PCURVE('',#1079,#1084);
#1079 = PLANE('',#1080);
#1080 = AXIS2_PLACEMENT_3D('',#1081,#1082,#1083);
#1081 = CARTESIAN_POINT('',(-20.,-1.5,-20.));
#1082 = DIRECTION('',(0.,0.,1.));
#1083 = DIRECTION('',(1.,0.,-0.));
#1084 = DEFINITIONAL_REPRESENTATION('',(#1085),#1089);
#1085 = LINE('',#1086,#1087);
#1086 = CARTESIAN_POINT('',(0.,0.));
#1087 = VECTOR('',#1088,1.);
#1088 = DIRECTION('',(0.,1.));
#1089 = ( GEOMETRIC_REPRESENTATION_CONTEXT(2) 
PARAMETRIC_REPRESENTATION_CONTEXT() REPRESENTATION_CONTEXT('2D SPACE',''
  ) );
#1090 = ORIENTED_EDGE('',*,*,#1091,.T.);
#1091 = EDGE_CURVE('',#1064,#1092,#1094,.T.);
#1092 = VERTEX_POINT('',#1093);
#1093 = CARTESIAN_POINT('',(-20.,1.5,20.));
#1094 = SURFACE_CURVE('',#1095,(#1099,#1106),.PCURVE_S1.);
#1095 = LINE('',#1096,#1097);
#1096 = CARTESIAN_POINT('',(-20.,1.5,-20.));
#1097 = VECTOR('',#1098,1.);
#1098 = DIRECTION('',(0.,0.,1.));
#1099 = PCURVE('',#1039,#1100);
#1100 = DEFINITIONAL_REPRESENTATION('',(#1101),#1105);
#1101 = LINE('',#1102,#1103);
#1102 = CARTESIAN_POINT('',(0.,-3.));
#1103 = VECTOR('',#1104,1.);
#1104 = DIRECTION('',(1.,0.));
#1105 = ( GEOMETRIC_REPRESENTATION_CONTEXT(2) 
PARAMETRIC_REPRESENTATION_CONTEXT() REPRESENTATION_CONTEXT('2D SPACE',''
  ) );
#1106 = PCURVE('',#1107,#1112);
#1107 = PLANE('',#1108);
#1108 = AXIS2_PLACEMENT_3D('',#1109,#1110,#1111);
#1109 = CARTESIAN_POINT('',(-20.,1.5,-20.));
#1110 = DIRECTION('',(-0.,1.,0.));
#1111 = DIRECTION('',(0.,0.,1.));
#1112 = DEFINITIONAL_REPRESENTATION('',(#1113),#1117);
#1113 = LINE('',#1114,#1115);
#1114 = CARTESIAN_POINT('',(0.,0.));
#1115 = VECTOR('',#1116,1.);
#1116 = DIRECTION('',(1.,0.));
#1117 = ( GEOMETRIC_REPRESENTATION_CONTEXT(2) 
PARAMETRIC_REPRESENTATION_CONTEXT() REPRESENTATION_CONTEXT('2D SPACE',''
  ) );
#1118 = ORIENTED_EDGE('',*,*,#1119,.F.);
#1119 = EDGE_CURVE('',#1031,#1092,#1120,.T.);
#1120 = SURFACE_CURVE('',#1121,(#1125,#1132),.PCURVE_S1.);
#1121 = LINE('',#1122,#1123);
#1122 = CARTESIAN_POINT('',(-20.,-1.5,20.));
#1123 = VECTOR('',#1124,1.);
#1124 = DIRECTION('',(-0.,1.,0.));
#1125 = PCURVE('',#1039,#1126);
#1126 = DEFINITIONAL_REPRESENTATION('',(#1127),#1131);
#1127 = LINE('',#1128,#1129);
#1128 = CARTESIAN_POINT('',(40.,0.));
#1129 = VECTOR('',#1130,1.);
#1130 = DIRECTION('',(0.,-1.));
#1131 = ( GEOMETRIC_REPRESENTATION_CONTEXT(2) 
PARAMETRIC_REPRESENTATION_CONTEXT() REPRESENTATION_CONTEXT('2D SPACE',''
  ) );
#1132 = PCURVE('',#1133,#1138);
#1133 = PLANE('',#1134);
#1134 = AXIS2_PLACEMENT_3D('',#1135,#1136,#1137);
#1135 = CARTESIAN_POINT('',(-20.,-1.5,20.));
#1136 = DIRECTION('',(0.,0.,1.));
#1137 = DIRECTION('',(1.,0.,-0.));
#1138 = DEFINITIONAL_REPRESENTATION('',(#1139),#1143);
#1139 = LINE('',#1140,#1141);
#1140 = CARTESIAN_POINT('',(0.,0.));
#1141 = VECTOR('',#1142,1.);
#1142 = DIRECTION('',(0.,1.));
#1143 = ( GEOMETRIC_REPRESENTATION_CONTEXT(2) 
PARAMETRIC_REPRESENTATION_CONTEXT() REPRESENTATION_CONTEXT('2D SPACE',''
  ) );
#1144 = ADVANCED_FACE('',(#1145),#1159,.T.);
#1145 = FACE_BOUND('',#1146,.T.);
#1146 = EDGE_LOOP('',(#1147,#1177,#1200,#1223));
#1147 = ORIENTED_EDGE('',*,*,#1148,.F.);
#1148 = EDGE_CURVE('',#1149,#1151,#1153,.T.);
#1149 = VERTEX_POINT('',#1150);
#1150 = CARTESIAN_POINT('',(20.,-1.5,-20.));
#1151 = VERTEX_POINT('',#1152);
#1152 = CARTESIAN_POINT('',(20.,-1.5,20.));
#1153 = SURFACE_CURVE('',#1154,(#1158,#1170),.PCURVE_S1.);
#1154 = LINE('',#1155,#1156);
#1155 = CARTESIAN_POINT('',(20.,-1.5,-20.));
#1156 = VECTOR('',#1157,1.);
#1157 = DIRECTION('',(0.,0.,1.));
#1158 = PCURVE('',#1159,#1164);
#1159 = PLANE('',#1160);
#1160 = AXIS2_PLACEMENT_3D('',#1161,#1162,#1163);
#1161 = CARTESIAN_POINT('',(20.,-1.5,-20.));
#1162 = DIRECTION('',(1.,0.,-0.));
#1163 = DIRECTION('',(0.,0.,1.));
#1164 = DEFINITIONAL_REPRESENTATION('',(#1165),#1169);
#1165 = LINE('',#1166,#1167);
#1166 = CARTESIAN_POINT('',(0.,0.));
#1167 = VECTOR('',#1168,1.);
#1168 = DIRECTION('',(1.,0.));
#1169 = ( GEOMETRIC_REPRESENTATION_CONTEXT(2) 
PARAMETRIC_REPRESENTATION_CONTEXT() REPRESENTATION_CONTEXT('2D SPACE',''
  ) );
#1170 = PCURVE('',#1051,#1171);
#1171 = DEFINITIONAL_REPRESENTATION('',(#1172),#1176);
#1172 = LINE('',#1173,#1174);
#1173 = CARTESIAN_POINT('',(0.,40.));
#1174 = VECTOR('',#1175,1.);
#1175 = DIRECTION('',(1.,0.));
#1176 = ( GEOMETRIC_REPRESENTATION_CONTEXT(2) 
PARAMETRIC_REPRESENTATION_CONTEXT() REPRESENTATION_CONTEXT('2D SPACE',''
  ) );
#1177 = ORIENTED_EDGE('',*,*,#1178,.T.);
#1178 = EDGE_CURVE('',#1149,#1179,#1181,.T.);
#1179 = VERTEX_POINT('',#1180);
#1180 = CARTESIAN_POINT('',(20.,1.5,-20.));
#1181 = SURFACE_CURVE('',#1182,(#1186,#1193),.PCURVE_S1.);
#1182 = LINE('',#1183,#1184);
#1183 = CARTESIAN_POINT('',(20.,-1.5,-20.));
#1184 = VECTOR('',#1185,1.);
#1185 = DIRECTION('',(-0.,1.,0.));
#1186 = PCURVE('',#1159,#1187);
#1187 = DEFINITIONAL_REPRESENTATION('',(#1188),#1192);
#1188 = LINE('',#1189,#1190);
#1189 = CARTESIAN_POINT('',(0.,0.));
#1190 = VECTOR('',#1191,1.);
#1191 = DIRECTION('',(0.,-1.));
#1192 = ( GEOMETRIC_REPRESENTATION_CONTEXT(2) 
PARAMETRIC_REPRESENTATION_CONTEXT() REPRESENTATION_CONTEXT('2D SPACE',''
  ) );
#1193 = PCURVE('',#1079,#1194);
#1194 = DEFINITIONAL_REPRESENTATION('',(#1195),#1199);
#1195 = LINE('',#1196,#1197);
#1196 = CARTESIAN_POINT('',(40.,0.));
#1197 = VECTOR('',#1198,1.);
#1198 = DIRECTION('',(0.,1.));
#1199 = ( GEOMETRIC_REPRESENTATION_CONTEXT(2) 
PARAMETRIC_REPRESENTATION_CONTEXT() REPRESENTATION_CONTEXT('2D SPACE',''
  ) );
#1200 = ORIENTED_EDGE('',*,*,#1201,.T.);
#1201 = EDGE_CURVE('',#1179,#1202,#1204,.T.);
#1202 = VERTEX_POINT('',#1203);
#1203 = CARTESIAN_POINT('',(20.,1.5,20.));
#1204 = SURFACE_CURVE('',#1205,(#1209,#1216),.PCURVE_S1.);
#1205 = LINE('',#1206,#1207);
#1206 = CARTESIAN_POINT('',(20.,1.5,-20.));
#1207 = VECTOR('',#1208,1.);
#1208 = DIRECTION('',(0.,0.,1.));
#1209 = PCURVE('',#1159,#1210);
#1210 = DEFINITIONAL_REPRESENTATION('',(#1211),#1215);
#1211 = LINE('',#1212,#1213);
#1212 = CARTESIAN_POINT('',(0.,-3.));
#1213 = VECTOR('',#1214,1.);
#1214 = DIRECTION('',(1.,0.));
#1215 = ( GEOMETRIC_REPRESENTATION_CONTEXT(2) 
PARAMETRIC_REPRESENTATION_CONTEXT() REPRESENTATION_CONTEXT('2D SPACE',''
  ) );
#1216 = PCURVE('',#1107,#1217);
#1217 = DEFINITIONAL_REPRESENTATION('',(#1218),#1222);
#1218 = LINE('',#1219,#1220);
#1219 = CARTESIAN_POINT('',(0.,40.));
#1220 = VECTOR('',#1221,1.);
#1221 = DIRECTION('',(1.,0.));
#1222 = ( GEOMETRIC_REPRESENTATION_CONTEXT(2) 
PARAMETRIC_REPRESENTATION_CONTEXT() REPRESENTATION_CONTEXT('2D SPACE',''
  ) );
#1223 = ORIENTED_EDGE('',*,*,#1224,.F.);
#1224 = EDGE_CURVE('',#1151,#1202,#1225,.T.);
#1225 = SURFACE_CURVE('',#1226,(#1230,#1237),.PCURVE_S1.);
#1226 = LINE('',#1227,#1228);
#1227 = CARTESIAN_POINT('',(20.,-1.5,20.));
#1228 = VECTOR('',#1229,1.);
#1229 = DIRECTION('',(-0.,1.,0.));
#1230 = PCURVE('',#1159,#1231);
#1231 = DEFINITIONAL_REPRESENTATION('',(#1232),#1236);
#1232 = LINE('',#1233,#1234);
#1233 = CARTESIAN_POINT('',(40.,0.));
#1234 = VECTOR('',#1235,1.);
#1235 = DIRECTION('',(0.,-1.));
#1236 = ( GEOMETRIC_REPRESENTATION_CONTEXT(2) 
PARAMETRIC_REPRESENTATION_CONTEXT() REPRESENTATION_CONTEXT('2D SPACE',''
  ) );
#1237 = PCURVE('',#1133,#1238);
#1238 = DEFINITIONAL_REPRESENTATION('',(#1239),#1243);
#1239 = LINE('',#1240,#1241);
#1240 = CARTESIAN_POINT('',(40.,0.));
#1241 = VECTOR('',#1242,1.);
#1242 = DIRECTION('',(0.,1.));
#1243 = ( GEOMETRIC_REPRESENTATION_CONTEXT(2) 
PARAMETRIC_REPRESENTATION_CONTEXT() REPRESENTATION_CONTEXT('2D SPACE',''
  ) );
#1244 = ADVANCED_FACE('',(#1245),#1051,.F.);
#1245 = FACE_BOUND('',#1246,.F.);
#1246 = EDGE_LOOP('',(#1247,#1268,#1269,#1290));
#1247 = ORIENTED_EDGE('',*,*,#1248,.F.);
#1248 = EDGE_CURVE('',#1029,#1149,#1249,.T.);
#1249 = SURFACE_CURVE('',#1250,(#1254,#1261),.PCURVE_S1.);
#1250 = LINE('',#1251,#1252);
#1251 = CARTESIAN_POINT('',(-20.,-1.5,-20.));
#1252 = VECTOR('',#1253,1.);
#1253 = DIRECTION('',(1.,0.,-0.));
#1254 = PCURVE('',#1051,#1255);
#1255 = DEFINITIONAL_REPRESENTATION('',(#1256),#1260);
#1256 = LINE('',#1257,#1258);
#1257 = CARTESIAN_POINT('',(0.,0.));
#1258 = VECTOR('',#1259,1.);
#1259 = DIRECTION('',(0.,1.));
#1260 = ( GEOMETRIC_REPRESENTATION_CONTEXT(2) 
PARAMETRIC_REPRESENTATION_CONTEXT() REPRESENTATION_CONTEXT('2D SPACE',''
  ) );
#1261 = PCURVE('',#1079,#1262);
#1262 = DEFINITIONAL_REPRESENTATION('',(#1263),#1267);
#1263 = LINE('',#1264,#1265);
#1264 = CARTESIAN_POINT('',(0.,0.));
#1265 = VECTOR('',#1266,1.);
#1266 = DIRECTION('',(1.,0.));
#1267 = ( GEOMETRIC_REPRESENTATION_CONTEXT(2) 
PARAMETRIC_REPRESENTATION_CONTEXT() REPRESENTATION_CONTEXT('2D SPACE',''
  ) );
#1268 = ORIENTED_EDGE('',*,*,#1028,.T.);
#1269 = ORIENTED_EDGE('',*,*,#1270,.T.);
#1270 = EDGE_CURVE('',#1031,#1151,#1271,.T.);
#1271 = SURFACE_CURVE('',#1272,(#1276,#1283),.PCURVE_S1.);
#1272 = LINE('',#1273,#1274);
#1273 = CARTESIAN_POINT('',(-20.,-1.5,20.));
#1274 = VECTOR('',#1275,1.);
#1275 = DIRECTION('',(1.,0.,-0.));
#1276 = PCURVE('',#1051,#1277);
#1277 = DEFINITIONAL_REPRESENTATION('',(#1278),#1282);
#1278 = LINE('',#1279,#1280);
#1279 = CARTESIAN_POINT('',(40.,0.));
#1280 = VECTOR('',#1281,1.);
#1281 = DIRECTION('',(0.,1.));
#1282 = ( GEOMETRIC_REPRESENTATION_CONTEXT(2) 
PARAMETRIC_REPRESENTATION_CONTEXT() REPRESENTATION_CONTEXT('2D SPACE',''
  ) );
#1283 = PCURVE('',#1133,#1284);
#1284 = DEFINITIONAL_REPRESENTATION('',(#1285),#1289);
#1285 = LINE('',#1286,#1287);
#1286 = CARTESIAN_POINT('',(0.,0.));
#1287 = VECTOR('',#1288,1.);
#1288 = DIRECTION('',(1.,0.));
#1289 = ( GEOMETRIC_REPRESENTATION_CONTEXT(2) 
PARAMETRIC_REPRESENTATION_CONTEXT() REPRESENTATION_CONTEXT('2D SPACE',''
  ) );
#1290 = ORIENTED_EDGE('',*,*,#1148,.F.);
#1291 = ADVANCED_FACE('',(#1292),#1107,.T.);
#1292 = FACE_BOUND('',#1293,.T.);
#1293 = EDGE_LOOP('',(#1294,#1315,#1316,#1337));
#1294 = ORIENTED_EDGE('',*,*,#1295,.F.);
#1295 = EDGE_CURVE('',#1064,#1179,#1296,.T.);
#1296 = SURFACE_CURVE('',#1297,(#1301,#1308),.PCURVE_S1.);
#1297 = LINE('',#1298,#1299);
#1298 = CARTESIAN_POINT('',(-20.,1.5,-20.));
#1299 = VECTOR('',#1300,1.);
#1300 = DIRECTION('',(1.,0.,-0.));
#1301 = PCURVE('',#1107,#1302);
#1302 = DEFINITIONAL_REPRESENTATION('',(#1303),#1307);
#1303 = LINE('',#1304,#1305);
#1304 = CARTESIAN_POINT('',(0.,0.));
#1305 = VECTOR('',#1306,1.);
#1306 = DIRECTION('',(0.,1.));
#1307 = ( GEOMETRIC_REPRESENTATION_CONTEXT(2) 
PARAMETRIC_REPRESENTATION_CONTEXT() REPRESENTATION_CONTEXT('2D SPACE',''
  ) );
#1308 = PCURVE('',#1079,#1309);
#1309 = DEFINITIONAL_REPRESENTATION('',(#1310),#1314);
#1310 = LINE('',#1311,#1312);
#1311 = CARTESIAN_POINT('',(0.,3.));
#1312 = VECTOR('',#1313,1.);
#1313 = DIRECTION('',(1.,0.));
#1314 = ( GEOMETRIC_REPRESENTATION_CONTEXT(2) 
PARAMETRIC_REPRESENTATION_CONTEXT() REPRESENTATION_CONTEXT('2D SPACE',''
  ) );
#1315 = ORIENTED_EDGE('',*,*,#1091,.T.);
#1316 = ORIENTED_EDGE('',*,*,#1317,.T.);
#1317 = EDGE_CURVE('',#1092,#1202,#1318,.T.);
#1318 = SURFACE_CURVE('',#1319,(#1323,#1330),.PCURVE_S1.);
#1319 = LINE('',#1320,#1321);
#1320 = CARTESIAN_POINT('',(-20.,1.5,20.));
#1321 = VECTOR('',#1322,1.);
#1322 = DIRECTION('',(1.,0.,-0.));
#1323 = PCURVE('',#1107,#1324);
#1324 = DEFINITIONAL_REPRESENTATION('',(#1325),#1329);
#1325 = LINE('',#1326,#1327);
#1326 = CARTESIAN_POINT('',(40.,0.));
#1327 = VECTOR('',#1328,1.);
#1328 = DIRECTION('',(0.,1.));
#1329 = ( GEOMETRIC_REPRESENTATION_CONTEXT(2) 
PARAMETRIC_REPRESENTATION_CONTEXT() REPRESENTATION_CONTEXT('2D SPACE',''
  ) );
#1330 = PCURVE('',#1133,#1331);
#1331 = DEFINITIONAL_REPRESENTATION('',(#1332),#1336);
#1332 = LINE('',#1333,#1334);
#1333 = CARTESIAN_POINT('',(0.,3.));
#1334 = VECTOR('',#1335,1.);
#1335 = DIRECTION('',(1.,0.));
#1336 = ( GEOMETRIC_REPRESENTATION_CONTEXT(2) 
PARAMETRIC_REPRESENTATION_CONTEXT() REPRESENTATION_CONTEXT('2D SPACE',''
  ) );
#1337 = ORIENTED_EDGE('',*,*,#1201,.F.);
#1338 = ADVANCED_FACE('',(#1339),#1079,.F.);
#1339 = FACE_BOUND('',#1340,.F.);
#1340 = EDGE_LOOP('',(#1341,#1342,#1343,#1344));
#1341 = ORIENTED_EDGE('',*,*,#1063,.F.);
#1342 = ORIENTED_EDGE('',*,*,#1248,.T.);
#1343 = ORIENTED_EDGE('',*,*,#1178,.T.);
#1344 = ORIENTED_EDGE('',*,*,#1295,.F.);
#1345 = ADVANCED_FACE('',(#1346),#1133,.T.);
#1346 = FACE_BOUND('',#1347,.T.);
#1347 = EDGE_LOOP('',(#1348,#1349,#1350,#1351));
#1348 = ORIENTED_EDGE('',*,*,#1119,.F.);
#1349 = ORIENTED_EDGE('',*,*,#1270,.T.);
#1350 = ORIENTED_EDGE('',*,*,#1224,.T.);
#1351 = ORIENTED_EDGE('',*,*,#1317,.F.);
#1352 = ( GEOMETRIC_REPRESENTATION_CONTEXT(3) 
GLOBAL_UNCERTAINTY_ASSIGNED_CONTEXT((#1356)) 
GLOBAL_UNIT_ASSIGNED_CONTEXT((#1353,#1354,#1355)) REPRESENTATION_CONTEXT
('Context #1','3D Context with UNIT and UNCERTAINTY') );
#1353 = ( LENGTH_UNIT() NAMED_UNIT(*) SI_UNIT(.MILLI.,.METRE.) );
#1354 = ( NAMED_UNIT(*) PLANE_ANGLE_UNIT() SI_UNIT($,.RADIAN.) );
#1355 = ( NAMED_UNIT(*) SI_UNIT($,.STERADIAN.) SOLID_ANGLE_UNIT() );
#1356 = UNCERTAINTY_MEASURE_WITH_UNIT(LENGTH_MEASURE(1.E-07),#1353,
  'distance_accuracy_value','confusion accuracy');
#1357 = CONTEXT_DEPENDENT_SHAPE_REPRESENTATION(#1358,#1360);
#1358 = ( REPRESENTATION_RELATIONSHIP('','',#1021,#10) 
REPRESENTATION_RELATIONSHIP_WITH_TRANSFORMATION(#1359) 
SHAPE_REPRESENTATION_RELATIONSHIP() );
#1359 = ITEM_DEFINED_TRANSFORMATION('','',#11,#19);
#1360 = PRODUCT_DEFINITION_SHAPE('Placement','Placement of an item',
  #1361);
#1361 = NEXT_ASSEMBLY_USAGE_OCCURRENCE('14','=>[0:1:1:3]','',#5,#1016,$
  );
#1362 = PRODUCT_RELATED_PRODUCT_CATEGORY('part',$,(#1018));
#1363 = SHAPE_DEFINITION_REPRESENTATION(#1364,#1370);
#1364 = PRODUCT_DEFINITION_SHAPE('','',#1365);
#1365 = PRODUCT_DEFINITION('design','',#1366,#1369);
#1366 = PRODUCT_DEFINITION_FORMATION('','',#1367);
#1367 = PRODUCT('COMPOUND','COMPOUND','',(#1368));
#1368 = PRODUCT_CONTEXT('',#2,'mechanical');
#1369 = PRODUCT_DEFINITION_CONTEXT('part definition',#2,'design');
#1370 = ADVANCED_BREP_SHAPE_REPRESENTATION('',(#11,#1371),#2329);
#1371 = MANIFOLD_SOLID_BREP('',#1372);
#1372 = CLOSED_SHELL('',(#1373,#1493,#1569,#1618,#1879,#1906,#1913,#1989
    ,#2038,#2087,#2114,#2190,#2239,#2288,#2315,#2322));
#1373 = ADVANCED_FACE('',(#1374),#1388,.F.);
#1374 = FACE_BOUND('',#1375,.F.);
#1375 = EDGE_LOOP('',(#1376,#1411,#1439,#1467));
#1376 = ORIENTED_EDGE('',*,*,#1377,.F.);
#1377 = EDGE_CURVE('',#1378,#1380,#1382,.T.);
#1378 = VERTEX_POINT('',#1379);
#1379 = CARTESIAN_POINT('',(-33.,-631.,1.345E+03));
#1380 = VERTEX_POINT('',#1381);
#1381 = CARTESIAN_POINT('',(-33.,-631.,1.425E+03));
#1382 = SURFACE_CURVE('',#1383,(#1387,#1399),.PCURVE_S1.);
#1383 = LINE('',#1384,#1385);
#1384 = CARTESIAN_POINT('',(-33.,-631.,1.345E+03));
#1385 = VECTOR('',#1386,1.);
#1386 = DIRECTION('',(0.,0.,1.));
#1387 = PCURVE('',#1388,#1393);
#1388 = PLANE('',#1389);
#1389 = AXIS2_PLACEMENT_3D('',#1390,#1391,#1392);
#1390 = CARTESIAN_POINT('',(-33.,-631.,1.345E+03));
#1391 = DIRECTION('',(1.,0.,-0.));
#1392 = DIRECTION('',(0.,0.,1.));
#1393 = DEFINITIONAL_REPRESENTATION('',(#1394),#1398);
#1394 = LINE('',#1395,#1396);
#1395 = CARTESIAN_POINT('',(0.,0.));
#1396 = VECTOR('',#1397,1.);
#1397 = DIRECTION('',(1.,0.));
#1398 = ( GEOMETRIC_REPRESENTATION_CONTEXT(2) 
PARAMETRIC_REPRESENTATION_CONTEXT() REPRESENTATION_CONTEXT('2D SPACE',''
  ) );
#1399 = PCURVE('',#1400,#1405);
#1400 = PLANE('',#1401);
#1401 = AXIS2_PLACEMENT_3D('',#1402,#1403,#1404);
#1402 = CARTESIAN_POINT('',(-33.,-631.,1.345E+03));
#1403 = DIRECTION('',(-0.,1.,0.));
#1404 = DIRECTION('',(0.,0.,1.));
#1405 = DEFINITIONAL_REPRESENTATION('',(#1406),#1410);
#1406 = LINE('',#1407,#1408);
#1407 = CARTESIAN_POINT('',(0.,0.));
#1408 = VECTOR('',#1409,1.);
#1409 = DIRECTION('',(1.,0.));
#1410 = ( GEOMETRIC_REPRESENTATION_CONTEXT(2) 
PARAMETRIC_REPRESENTATION_CONTEXT() REPRESENTATION_CONTEXT('2D SPACE',''
  ) );
#1411 = ORIENTED_EDGE('',*,*,#1412,.T.);
#1412 = EDGE_CURVE('',#1378,#1413,#1415,.T.);
#1413 = VERTEX_POINT('',#1414);
#1414 = CARTESIAN_POINT('',(-33.,-629.,1.345E+03));
#1415 = SURFACE_CURVE('',#1416,(#1420,#1427),.PCURVE_S1.);
#1416 = LINE('',#1417,#1418);
#1417 = CARTESIAN_POINT('',(-33.,-631.,1.345E+03));
#1418 = VECTOR('',#1419,1.);
#1419 = DIRECTION('',(-0.,1.,0.));
#1420 = PCURVE('',#1388,#1421);
#1421 = DEFINITIONAL_REPRESENTATION('',(#1422),#1426);
#1422 = LINE('',#1423,#1424);
#1423 = CARTESIAN_POINT('',(0.,0.));
#1424 = VECTOR('',#1425,1.);
#1425 = DIRECTION('',(0.,-1.));
#1426 = ( GEOMETRIC_REPRESENTATION_CONTEXT(2) 
PARAMETRIC_REPRESENTATION_CONTEXT() REPRESENTATION_CONTEXT('2D SPACE',''
  ) );
#1427 = PCURVE('',#1428,#1433);
#1428 = PLANE('',#1429);
#1429 = AXIS2_PLACEMENT_3D('',#1430,#1431,#1432);
#1430 = CARTESIAN_POINT('',(-33.,-631.,1.345E+03));
#1431 = DIRECTION('',(0.,0.,1.));
#1432 = DIRECTION('',(1.,0.,-0.));
#1433 = DEFINITIONAL_REPRESENTATION('',(#1434),#1438);
#1434 = LINE('',#1435,#1436);
#1435 = CARTESIAN_POINT('',(0.,0.));
#1436 = VECTOR('',#1437,1.);
#1437 = DIRECTION('',(0.,1.));
#1438 = ( GEOMETRIC_REPRESENTATION_CONTEXT(2) 
PARAMETRIC_REPRESENTATION_CONTEXT() REPRESENTATION_CONTEXT('2D SPACE',''
  ) );
#1439 = ORIENTED_EDGE('',*,*,#1440,.T.);
#1440 = EDGE_CURVE('',#1413,#1441,#1443,.T.);
#1441 = VERTEX_POINT('',#1442);
#1442 = CARTESIAN_POINT('',(-33.,-629.,1.425E+03));
#1443 = SURFACE_CURVE('',#1444,(#1448,#1455),.PCURVE_S1.);
#1444 = LINE('',#1445,#1446);
#1445 = CARTESIAN_POINT('',(-33.,-629.,1.345E+03));
#1446 = VECTOR('',#1447,1.);
#1447 = DIRECTION('',(0.,0.,1.));
#1448 = PCURVE('',#1388,#1449);
#1449 = DEFINITIONAL_REPRESENTATION('',(#1450),#1454);
#1450 = LINE('',#1451,#1452);
#1451 = CARTESIAN_POINT('',(0.,-2.));
#1452 = VECTOR('',#1453,1.);
#1453 = DIRECTION('',(1.,0.));
#1454 = ( GEOMETRIC_REPRESENTATION_CONTEXT(2) 
PARAMETRIC_REPRESENTATION_CONTEXT() REPRESENTATION_CONTEXT('2D SPACE',''
  ) );
#1455 = PCURVE('',#1456,#1461);
#1456 = PLANE('',#1457);
#1457 = AXIS2_PLACEMENT_3D('',#1458,#1459,#1460);
#1458 = CARTESIAN_POINT('',(-33.,-629.,1.345E+03));
#1459 = DIRECTION('',(-0.,1.,0.));
#1460 = DIRECTION('',(0.,0.,1.));
#1461 = DEFINITIONAL_REPRESENTATION('',(#1462),#1466);
#1462 = LINE('',#1463,#1464);
#1463 = CARTESIAN_POINT('',(0.,0.));
#1464 = VECTOR('',#1465,1.);
#1465 = DIRECTION('',(1.,0.));
#1466 = ( GEOMETRIC_REPRESENTATION_CONTEXT(2) 
PARAMETRIC_REPRESENTATION_CONTEXT() REPRESENTATION_CONTEXT('2D SPACE',''
  ) );
#1467 = ORIENTED_EDGE('',*,*,#1468,.F.);
#1468 = EDGE_CURVE('',#1380,#1441,#1469,.T.);
#1469 = SURFACE_CURVE('',#1470,(#1474,#1481),.PCURVE_S1.);
#1470 = LINE('',#1471,#1472);
#1471 = CARTESIAN_POINT('',(-33.,-631.,1.425E+03));
#1472 = VECTOR('',#1473,1.);
#1473 = DIRECTION('',(-0.,1.,0.));
#1474 = PCURVE('',#1388,#1475);
#1475 = DEFINITIONAL_REPRESENTATION('',(#1476),#1480);
#1476 = LINE('',#1477,#1478);
#1477 = CARTESIAN_POINT('',(80.,0.));
#1478 = VECTOR('',#1479,1.);
#1479 = DIRECTION('',(0.,-1.));
#1480 = ( GEOMETRIC_REPRESENTATION_CONTEXT(2) 
PARAMETRIC_REPRESENTATION_CONTEXT() REPRESENTATION_CONTEXT('2D SPACE',''
  ) );
#1481 = PCURVE('',#1482,#1487);
#1482 = PLANE('',#1483);
#1483 = AXIS2_PLACEMENT_3D('',#1484,#1485,#1486);
#1484 = CARTESIAN_POINT('',(-33.,-631.,1.425E+03));
#1485 = DIRECTION('',(0.,0.,1.));
#1486 = DIRECTION('',(1.,0.,-0.));
#1487 = DEFINITIONAL_REPRESENTATION('',(#1488),#1492);
#1488 = LINE('',#1489,#1490);
#1489 = CARTESIAN_POINT('',(0.,0.));
#1490 = VECTOR('',#1491,1.);
#1491 = DIRECTION('',(0.,1.));
#1492 = ( GEOMETRIC_REPRESENTATION_CONTEXT(2) 
PARAMETRIC_REPRESENTATION_CONTEXT() REPRESENTATION_CONTEXT('2D SPACE',''
  ) );
#1493 = ADVANCED_FACE('',(#1494),#1400,.F.);
#1494 = FACE_BOUND('',#1495,.F.);
#1495 = EDGE_LOOP('',(#1496,#1519,#1520,#1543));
#1496 = ORIENTED_EDGE('',*,*,#1497,.F.);
#1497 = EDGE_CURVE('',#1378,#1498,#1500,.T.);
#1498 = VERTEX_POINT('',#1499);
#1499 = CARTESIAN_POINT('',(77.,-631.,1.345E+03));
#1500 = SURFACE_CURVE('',#1501,(#1505,#1512),.PCURVE_S1.);
#1501 = LINE('',#1502,#1503);
#1502 = CARTESIAN_POINT('',(-33.,-631.,1.345E+03));
#1503 = VECTOR('',#1504,1.);
#1504 = DIRECTION('',(1.,0.,-0.));
#1505 = PCURVE('',#1400,#1506);
#1506 = DEFINITIONAL_REPRESENTATION('',(#1507),#1511);
#1507 = LINE('',#1508,#1509);
#1508 = CARTESIAN_POINT('',(0.,0.));
#1509 = VECTOR('',#1510,1.);
#1510 = DIRECTION('',(0.,1.));
#1511 = ( GEOMETRIC_REPRESENTATION_CONTEXT(2) 
PARAMETRIC_REPRESENTATION_CONTEXT() REPRESENTATION_CONTEXT('2D SPACE',''
  ) );
#1512 = PCURVE('',#1428,#1513);
#1513 = DEFINITIONAL_REPRESENTATION('',(#1514),#1518);
#1514 = LINE('',#1515,#1516);
#1515 = CARTESIAN_POINT('',(0.,0.));
#1516 = VECTOR('',#1517,1.);
#1517 = DIRECTION('',(1.,0.));
#1518 = ( GEOMETRIC_REPRESENTATION_CONTEXT(2) 
PARAMETRIC_REPRESENTATION_CONTEXT() REPRESENTATION_CONTEXT('2D SPACE',''
  ) );
#1519 = ORIENTED_EDGE('',*,*,#1377,.T.);
#1520 = ORIENTED_EDGE('',*,*,#1521,.T.);
#1521 = EDGE_CURVE('',#1380,#1522,#1524,.T.);
#1522 = VERTEX_POINT('',#1523);
#1523 = CARTESIAN_POINT('',(77.,-631.,1.425E+03));
#1524 = SURFACE_CURVE('',#1525,(#1529,#1536),.PCURVE_S1.);
#1525 = LINE('',#1526,#1527);
#1526 = CARTESIAN_POINT('',(-33.,-631.,1.425E+03));
#1527 = VECTOR('',#1528,1.);
#1528 = DIRECTION('',(1.,0.,-0.));
#1529 = PCURVE('',#1400,#1530);
#1530 = DEFINITIONAL_REPRESENTATION('',(#1531),#1535);
#1531 = LINE('',#1532,#1533);
#1532 = CARTESIAN_POINT('',(80.,0.));
#1533 = VECTOR('',#1534,1.);
#1534 = DIRECTION('',(0.,1.));
#1535 = ( GEOMETRIC_REPRESENTATION_CONTEXT(2) 
PARAMETRIC_REPRESENTATION_CONTEXT() REPRESENTATION_CONTEXT('2D SPACE',''
  ) );
#1536 = PCURVE('',#1482,#1537);
#1537 = DEFINITIONAL_REPRESENTATION('',(#1538),#1542);
#1538 = LINE('',#1539,#1540);
#1539 = CARTESIAN_POINT('',(0.,0.));
#1540 = VECTOR('',#1541,1.);
#1541 = DIRECTION('',(1.,0.));
#1542 = ( GEOMETRIC_REPRESENTATION_CONTEXT(2) 
PARAMETRIC_REPRESENTATION_CONTEXT() REPRESENTATION_CONTEXT('2D SPACE',''
  ) );
#1543 = ORIENTED_EDGE('',*,*,#1544,.F.);
#1544 = EDGE_CURVE('',#1498,#1522,#1545,.T.);
#1545 = SURFACE_CURVE('',#1546,(#1550,#1557),.PCURVE_S1.);
#1546 = LINE('',#1547,#1548);
#1547 = CARTESIAN_POINT('',(77.,-631.,1.345E+03));
#1548 = VECTOR('',#1549,1.);
#1549 = DIRECTION('',(0.,0.,1.));
#1550 = PCURVE('',#1400,#1551);
#1551 = DEFINITIONAL_REPRESENTATION('',(#1552),#1556);
#1552 = LINE('',#1553,#1554);
#1553 = CARTESIAN_POINT('',(0.,110.));
#1554 = VECTOR('',#1555,1.);
#1555 = DIRECTION('',(1.,0.));
#1556 = ( GEOMETRIC_REPRESENTATION_CONTEXT(2) 
PARAMETRIC_REPRESENTATION_CONTEXT() REPRESENTATION_CONTEXT('2D SPACE',''
  ) );
#1557 = PCURVE('',#1558,#1563);
#1558 = PLANE('',#1559);
#1559 = AXIS2_PLACEMENT_3D('',#1560,#1561,#1562);
#1560 = CARTESIAN_POINT('',(77.,-631.,1.345E+03));
#1561 = DIRECTION('',(1.,0.,-0.));
#1562 = DIRECTION('',(0.,0.,1.));
#1563 = DEFINITIONAL_REPRESENTATION('',(#1564),#1568);
#1564 = LINE('',#1565,#1566);
#1565 = CARTESIAN_POINT('',(0.,0.));
#1566 = VECTOR('',#1567,1.);
#1567 = DIRECTION('',(1.,0.));
#1568 = ( GEOMETRIC_REPRESENTATION_CONTEXT(2) 
PARAMETRIC_REPRESENTATION_CONTEXT() REPRESENTATION_CONTEXT('2D SPACE',''
  ) );
#1569 = ADVANCED_FACE('',(#1570),#1482,.T.);
#1570 = FACE_BOUND('',#1571,.T.);
#1571 = EDGE_LOOP('',(#1572,#1573,#1574,#1597));
#1572 = ORIENTED_EDGE('',*,*,#1468,.F.);
#1573 = ORIENTED_EDGE('',*,*,#1521,.T.);
#1574 = ORIENTED_EDGE('',*,*,#1575,.T.);
#1575 = EDGE_CURVE('',#1522,#1576,#1578,.T.);
#1576 = VERTEX_POINT('',#1577);
#1577 = CARTESIAN_POINT('',(77.,-629.,1.425E+03));
#1578 = SURFACE_CURVE('',#1579,(#1583,#1590),.PCURVE_S1.);
#1579 = LINE('',#1580,#1581);
#1580 = CARTESIAN_POINT('',(77.,-631.,1.425E+03));
#1581 = VECTOR('',#1582,1.);
#1582 = DIRECTION('',(-0.,1.,0.));
#1583 = PCURVE('',#1482,#1584);
#1584 = DEFINITIONAL_REPRESENTATION('',(#1585),#1589);
#1585 = LINE('',#1586,#1587);
#1586 = CARTESIAN_POINT('',(110.,0.));
#1587 = VECTOR('',#1588,1.);
#1588 = DIRECTION('',(0.,1.));
#1589 = ( GEOMETRIC_REPRESENTATION_CONTEXT(2) 
PARAMETRIC_REPRESENTATION_CONTEXT() REPRESENTATION_CONTEXT('2D SPACE',''
  ) );
#1590 = PCURVE('',#1558,#1591);
#1591 = DEFINITIONAL_REPRESENTATION('',(#1592),#1596);
#1592 = LINE('',#1593,#1594);
#1593 = CARTESIAN_POINT('',(80.,0.));
#1594 = VECTOR('',#1595,1.);
#1595 = DIRECTION('',(0.,-1.));
#1596 = ( GEOMETRIC_REPRESENTATION_CONTEXT(2) 
PARAMETRIC_REPRESENTATION_CONTEXT() REPRESENTATION_CONTEXT('2D SPACE',''
  ) );
#1597 = ORIENTED_EDGE('',*,*,#1598,.F.);
#1598 = EDGE_CURVE('',#1441,#1576,#1599,.T.);
#1599 = SURFACE_CURVE('',#1600,(#1604,#1611),.PCURVE_S1.);
#1600 = LINE('',#1601,#1602);
#1601 = CARTESIAN_POINT('',(-33.,-629.,1.425E+03));
#1602 = VECTOR('',#1603,1.);
#1603 = DIRECTION('',(1.,0.,-0.));
#1604 = PCURVE('',#1482,#1605);
#1605 = DEFINITIONAL_REPRESENTATION('',(#1606),#1610);
#1606 = LINE('',#1607,#1608);
#1607 = CARTESIAN_POINT('',(0.,2.));
#1608 = VECTOR('',#1609,1.);
#1609 = DIRECTION('',(1.,0.));
#1610 = ( GEOMETRIC_REPRESENTATION_CONTEXT(2) 
PARAMETRIC_REPRESENTATION_CONTEXT() REPRESENTATION_CONTEXT('2D SPACE',''
  ) );
#1611 = PCURVE('',#1456,#1612);
#1612 = DEFINITIONAL_REPRESENTATION('',(#1613),#1617);
#1613 = LINE('',#1614,#1615);
#1614 = CARTESIAN_POINT('',(80.,0.));
#1615 = VECTOR('',#1616,1.);
#1616 = DIRECTION('',(0.,1.));
#1617 = ( GEOMETRIC_REPRESENTATION_CONTEXT(2) 
PARAMETRIC_REPRESENTATION_CONTEXT() REPRESENTATION_CONTEXT('2D SPACE',''
  ) );
#1618 = ADVANCED_FACE('',(#1619,#1667,#1773),#1456,.T.);
#1619 = FACE_BOUND('',#1620,.T.);
#1620 = EDGE_LOOP('',(#1621,#1644,#1645,#1646));
#1621 = ORIENTED_EDGE('',*,*,#1622,.F.);
#1622 = EDGE_CURVE('',#1413,#1623,#1625,.T.);
#1623 = VERTEX_POINT('',#1624);
#1624 = CARTESIAN_POINT('',(77.,-629.,1.345E+03));
#1625 = SURFACE_CURVE('',#1626,(#1630,#1637),.PCURVE_S1.);
#1626 = LINE('',#1627,#1628);
#1627 = CARTESIAN_POINT('',(-33.,-629.,1.345E+03));
#1628 = VECTOR('',#1629,1.);
#1629 = DIRECTION('',(1.,0.,-0.));
#1630 = PCURVE('',#1456,#1631);
#1631 = DEFINITIONAL_REPRESENTATION('',(#1632),#1636);
#1632 = LINE('',#1633,#1634);
#1633 = CARTESIAN_POINT('',(0.,0.));
#1634 = VECTOR('',#1635,1.);
#1635 = DIRECTION('',(0.,1.));
#1636 = ( GEOMETRIC_REPRESENTATION_CONTEXT(2) 
PARAMETRIC_REPRESENTATION_CONTEXT() REPRESENTATION_CONTEXT('2D SPACE',''
  ) );
#1637 = PCURVE('',#1428,#1638);
#1638 = DEFINITIONAL_REPRESENTATION('',(#1639),#1643);
#1639 = LINE('',#1640,#1641);
#1640 = CARTESIAN_POINT('',(0.,2.));
#1641 = VECTOR('',#1642,1.);
#1642 = DIRECTION('',(1.,0.));
#1643 = ( GEOMETRIC_REPRESENTATION_CONTEXT(2) 
PARAMETRIC_REPRESENTATION_CONTEXT() REPRESENTATION_CONTEXT('2D SPACE',''
  ) );
#1644 = ORIENTED_EDGE('',*,*,#1440,.T.);
#1645 = ORIENTED_EDGE('',*,*,#1598,.T.);
#1646 = ORIENTED_EDGE('',*,*,#1647,.F.);
#1647 = EDGE_CURVE('',#1623,#1576,#1648,.T.);
#1648 = SURFACE_CURVE('',#1649,(#1653,#1660),.PCURVE_S1.);
#1649 = LINE('',#1650,#1651);
#1650 = CARTESIAN_POINT('',(77.,-629.,1.345E+03));
#1651 = VECTOR('',#1652,1.);
#1652 = DIRECTION('',(0.,0.,1.));
#1653 = PCURVE('',#1456,#1654);
#1654 = DEFINITIONAL_REPRESENTATION('',(#1655),#1659);
#1655 = LINE('',#1656,#1657);
#1656 = CARTESIAN_POINT('',(0.,110.));
#1657 = VECTOR('',#1658,1.);
#1658 = DIRECTION('',(1.,0.));
#1659 = ( GEOMETRIC_REPRESENTATION_CONTEXT(2) 
PARAMETRIC_REPRESENTATION_CONTEXT() REPRESENTATION_CONTEXT('2D SPACE',''
  ) );
#1660 = PCURVE('',#1558,#1661);
#1661 = DEFINITIONAL_REPRESENTATION('',(#1662),#1666);
#1662 = LINE('',#1663,#1664);
#1663 = CARTESIAN_POINT('',(0.,-2.));
#1664 = VECTOR('',#1665,1.);
#1665 = DIRECTION('',(1.,0.));
#1666 = ( GEOMETRIC_REPRESENTATION_CONTEXT(2) 
PARAMETRIC_REPRESENTATION_CONTEXT() REPRESENTATION_CONTEXT('2D SPACE',''
  ) );
#1667 = FACE_BOUND('',#1668,.T.);
#1668 = EDGE_LOOP('',(#1669,#1697,#1723,#1749));
#1669 = ORIENTED_EDGE('',*,*,#1670,.F.);
#1670 = EDGE_CURVE('',#1671,#1673,#1675,.T.);
#1671 = VERTEX_POINT('',#1672);
#1672 = CARTESIAN_POINT('',(-28.,-629.,1.358E+03));
#1673 = VERTEX_POINT('',#1674);
#1674 = CARTESIAN_POINT('',(-22.,-629.,1.358E+03));
#1675 = SURFACE_CURVE('',#1676,(#1680,#1686),.PCURVE_S1.);
#1676 = LINE('',#1677,#1678);
#1677 = CARTESIAN_POINT('',(-30.5,-629.,1.358E+03));
#1678 = VECTOR('',#1679,1.);
#1679 = DIRECTION('',(1.,0.,-0.));
#1680 = PCURVE('',#1456,#1681);
#1681 = DEFINITIONAL_REPRESENTATION('',(#1682),#1685);
#1682 = B_SPLINE_CURVE_WITH_KNOTS('',1,(#1683,#1684),.UNSPECIFIED.,.F.,
  .F.,(2,2),(2.5,8.5),.PIECEWISE_BEZIER_KNOTS.);
#1683 = CARTESIAN_POINT('',(13.,5.));
#1684 = CARTESIAN_POINT('',(13.,11.));
#1685 = ( GEOMETRIC_REPRESENTATION_CONTEXT(2) 
PARAMETRIC_REPRESENTATION_CONTEXT() REPRESENTATION_CONTEXT('2D SPACE',''
  ) );
#1686 = PCURVE('',#1687,#1692);
#1687 = PLANE('',#1688);
#1688 = AXIS2_PLACEMENT_3D('',#1689,#1690,#1691);
#1689 = CARTESIAN_POINT('',(-28.,-630.,1.358E+03));
#1690 = DIRECTION('',(0.,0.,1.));
#1691 = DIRECTION('',(1.,0.,-0.));
#1692 = DEFINITIONAL_REPRESENTATION('',(#1693),#1696);
#1693 = B_SPLINE_CURVE_WITH_KNOTS('',1,(#1694,#1695),.UNSPECIFIED.,.F.,
  .F.,(2,2),(2.5,8.5),.PIECEWISE_BEZIER_KNOTS.);
#1694 = CARTESIAN_POINT('',(0.,1.));
#1695 = CARTESIAN_POINT('',(6.,1.));
#1696 = ( GEOMETRIC_REPRESENTATION_CONTEXT(2) 
PARAMETRIC_REPRESENTATION_CONTEXT() REPRESENTATION_CONTEXT('2D SPACE',''
  ) );
#1697 = ORIENTED_EDGE('',*,*,#1698,.T.);
#1698 = EDGE_CURVE('',#1671,#1699,#1701,.T.);
#1699 = VERTEX_POINT('',#1700);
#1700 = CARTESIAN_POINT('',(-28.,-629.,1.352E+03));
#1701 = SURFACE_CURVE('',#1702,(#1706,#1712),.PCURVE_S1.);
#1702 = LINE('',#1703,#1704);
#1703 = CARTESIAN_POINT('',(-28.,-629.,1.3485E+03));
#1704 = VECTOR('',#1705,1.);
#1705 = DIRECTION('',(-0.,0.,-1.));
#1706 = PCURVE('',#1456,#1707);
#1707 = DEFINITIONAL_REPRESENTATION('',(#1708),#1711);
#1708 = B_SPLINE_CURVE_WITH_KNOTS('',1,(#1709,#1710),.UNSPECIFIED.,.F.,
  .F.,(2,2),(-9.5,-3.5),.PIECEWISE_BEZIER_KNOTS.);
#1709 = CARTESIAN_POINT('',(13.,5.));
#1710 = CARTESIAN_POINT('',(7.,5.));
#1711 = ( GEOMETRIC_REPRESENTATION_CONTEXT(2) 
PARAMETRIC_REPRESENTATION_CONTEXT() REPRESENTATION_CONTEXT('2D SPACE',''
  ) );
#1712 = PCURVE('',#1713,#1718);
#1713 = PLANE('',#1714);
#1714 = AXIS2_PLACEMENT_3D('',#1715,#1716,#1717);
#1715 = CARTESIAN_POINT('',(-28.,-630.,1.352E+03));
#1716 = DIRECTION('',(1.,0.,-0.));
#1717 = DIRECTION('',(0.,0.,1.));
#1718 = DEFINITIONAL_REPRESENTATION('',(#1719),#1722);
#1719 = B_SPLINE_CURVE_WITH_KNOTS('',1,(#1720,#1721),.UNSPECIFIED.,.F.,
  .F.,(2,2),(-9.5,-3.5),.PIECEWISE_BEZIER_KNOTS.);
#1720 = CARTESIAN_POINT('',(6.,-1.));
#1721 = CARTESIAN_POINT('',(0.,-1.));
#1722 = ( GEOMETRIC_REPRESENTATION_CONTEXT(2) 
PARAMETRIC_REPRESENTATION_CONTEXT() REPRESENTATION_CONTEXT('2D SPACE',''
  ) );
#1723 = ORIENTED_EDGE('',*,*,#1724,.T.);
#1724 = EDGE_CURVE('',#1699,#1725,#1727,.T.);
#1725 = VERTEX_POINT('',#1726);
#1726 = CARTESIAN_POINT('',(-22.,-629.,1.352E+03));
#1727 = SURFACE_CURVE('',#1728,(#1732,#1738),.PCURVE_S1.);
#1728 = LINE('',#1729,#1730);
#1729 = CARTESIAN_POINT('',(-30.5,-629.,1.352E+03));
#1730 = VECTOR('',#1731,1.);
#1731 = DIRECTION('',(1.,0.,-0.));
#1732 = PCURVE('',#1456,#1733);
#1733 = DEFINITIONAL_REPRESENTATION('',(#1734),#1737);
#1734 = B_SPLINE_CURVE_WITH_KNOTS('',1,(#1735,#1736),.UNSPECIFIED.,.F.,
  .F.,(2,2),(2.5,8.5),.PIECEWISE_BEZIER_KNOTS.);
#1735 = CARTESIAN_POINT('',(7.,5.));
#1736 = CARTESIAN_POINT('',(7.,11.));
#1737 = ( GEOMETRIC_REPRESENTATION_CONTEXT(2) 
PARAMETRIC_REPRESENTATION_CONTEXT() REPRESENTATION_CONTEXT('2D SPACE',''
  ) );
#1738 = PCURVE('',#1739,#1744);
#1739 = PLANE('',#1740);
#1740 = AXIS2_PLACEMENT_3D('',#1741,#1742,#1743);
#1741 = CARTESIAN_POINT('',(-28.,-630.,1.352E+03));
#1742 = DIRECTION('',(0.,0.,1.));
#1743 = DIRECTION('',(1.,0.,-0.));
#1744 = DEFINITIONAL_REPRESENTATION('',(#1745),#1748);
#1745 = B_SPLINE_CURVE_WITH_KNOTS('',1,(#1746,#1747),.UNSPECIFIED.,.F.,
  .F.,(2,2),(2.5,8.5),.PIECEWISE_BEZIER_KNOTS.);
#1746 = CARTESIAN_POINT('',(0.,1.));
#1747 = CARTESIAN_POINT('',(6.,1.));
#1748 = ( GEOMETRIC_REPRESENTATION_CONTEXT(2) 
PARAMETRIC_REPRESENTATION_CONTEXT() REPRESENTATION_CONTEXT('2D SPACE',''
  ) );
#1749 = ORIENTED_EDGE('',*,*,#1750,.F.);
#1750 = EDGE_CURVE('',#1673,#1725,#1751,.T.);
#1751 = SURFACE_CURVE('',#1752,(#1756,#1762),.PCURVE_S1.);
#1752 = LINE('',#1753,#1754);
#1753 = CARTESIAN_POINT('',(-22.,-629.,1.3485E+03));
#1754 = VECTOR('',#1755,1.);
#1755 = DIRECTION('',(-0.,0.,-1.));
#1756 = PCURVE('',#1456,#1757);
#1757 = DEFINITIONAL_REPRESENTATION('',(#1758),#1761);
#1758 = B_SPLINE_CURVE_WITH_KNOTS('',1,(#1759,#1760),.UNSPECIFIED.,.F.,
  .F.,(2,2),(-9.5,-3.5),.PIECEWISE_BEZIER_KNOTS.);
#1759 = CARTESIAN_POINT('',(13.,11.));
#1760 = CARTESIAN_POINT('',(7.,11.));
#1761 = ( GEOMETRIC_REPRESENTATION_CONTEXT(2) 
PARAMETRIC_REPRESENTATION_CONTEXT() REPRESENTATION_CONTEXT('2D SPACE',''
  ) );
#1762 = PCURVE('',#1763,#1768);
#1763 = PLANE('',#1764);
#1764 = AXIS2_PLACEMENT_3D('',#1765,#1766,#1767);
#1765 = CARTESIAN_POINT('',(-22.,-630.,1.352E+03));
#1766 = DIRECTION('',(1.,0.,-0.));
#1767 = DIRECTION('',(0.,0.,1.));
#1768 = DEFINITIONAL_REPRESENTATION('',(#1769),#1772);
#1769 = B_SPLINE_CURVE_WITH_KNOTS('',1,(#1770,#1771),.UNSPECIFIED.,.F.,
  .F.,(2,2),(-9.5,-3.5),.PIECEWISE_BEZIER_KNOTS.);
#1770 = CARTESIAN_POINT('',(6.,-1.));
#1771 = CARTESIAN_POINT('',(0.,-1.));
#1772 = ( GEOMETRIC_REPRESENTATION_CONTEXT(2) 
PARAMETRIC_REPRESENTATION_CONTEXT() REPRESENTATION_CONTEXT('2D SPACE',''
  ) );
#1773 = FACE_BOUND('',#1774,.T.);
#1774 = EDGE_LOOP('',(#1775,#1803,#1829,#1855));
#1775 = ORIENTED_EDGE('',*,*,#1776,.F.);
#1776 = EDGE_CURVE('',#1777,#1779,#1781,.T.);
#1777 = VERTEX_POINT('',#1778);
#1778 = CARTESIAN_POINT('',(67.,-629.,1.358E+03));
#1779 = VERTEX_POINT('',#1780);
#1780 = CARTESIAN_POINT('',(73.,-629.,1.358E+03));
#1781 = SURFACE_CURVE('',#1782,(#1786,#1792),.PCURVE_S1.);
#1782 = LINE('',#1783,#1784);
#1783 = CARTESIAN_POINT('',(17.,-629.,1.358E+03));
#1784 = VECTOR('',#1785,1.);
#1785 = DIRECTION('',(1.,0.,-0.));
#1786 = PCURVE('',#1456,#1787);
#1787 = DEFINITIONAL_REPRESENTATION('',(#1788),#1791);
#1788 = B_SPLINE_CURVE_WITH_KNOTS('',1,(#1789,#1790),.UNSPECIFIED.,.F.,
  .F.,(2,2),(50.,56.),.PIECEWISE_BEZIER_KNOTS.);
#1789 = CARTESIAN_POINT('',(13.,100.));
#1790 = CARTESIAN_POINT('',(13.,106.));
#1791 = ( GEOMETRIC_REPRESENTATION_CONTEXT(2) 
PARAMETRIC_REPRESENTATION_CONTEXT() REPRESENTATION_CONTEXT('2D SPACE',''
  ) );
#1792 = PCURVE('',#1793,#1798);
#1793 = PLANE('',#1794);
#1794 = AXIS2_PLACEMENT_3D('',#1795,#1796,#1797);
#1795 = CARTESIAN_POINT('',(67.,-630.,1.358E+03));
#1796 = DIRECTION('',(0.,0.,1.));
#1797 = DIRECTION('',(1.,0.,-0.));
#1798 = DEFINITIONAL_REPRESENTATION('',(#1799),#1802);
#1799 = B_SPLINE_CURVE_WITH_KNOTS('',1,(#1800,#1801),.UNSPECIFIED.,.F.,
  .F.,(2,2),(50.,56.),.PIECEWISE_BEZIER_KNOTS.);
#1800 = CARTESIAN_POINT('',(0.,1.));
#1801 = CARTESIAN_POINT('',(6.,1.));
#1802 = ( GEOMETRIC_REPRESENTATION_CONTEXT(2) 
PARAMETRIC_REPRESENTATION_CONTEXT() REPRESENTATION_CONTEXT('2D SPACE',''
  ) );
#1803 = ORIENTED_EDGE('',*,*,#1804,.T.);
#1804 = EDGE_CURVE('',#1777,#1805,#1807,.T.);
#1805 = VERTEX_POINT('',#1806);
#1806 = CARTESIAN_POINT('',(67.,-629.,1.352E+03));
#1807 = SURFACE_CURVE('',#1808,(#1812,#1818),.PCURVE_S1.);
#1808 = LINE('',#1809,#1810);
#1809 = CARTESIAN_POINT('',(67.,-629.,1.3485E+03));
#1810 = VECTOR('',#1811,1.);
#1811 = DIRECTION('',(-0.,0.,-1.));
#1812 = PCURVE('',#1456,#1813);
#1813 = DEFINITIONAL_REPRESENTATION('',(#1814),#1817);
#1814 = B_SPLINE_CURVE_WITH_KNOTS('',1,(#1815,#1816),.UNSPECIFIED.,.F.,
  .F.,(2,2),(-9.5,-3.5),.PIECEWISE_BEZIER_KNOTS.);
#1815 = CARTESIAN_POINT('',(13.,100.));
#1816 = CARTESIAN_POINT('',(7.,100.));
#1817 = ( GEOMETRIC_REPRESENTATION_CONTEXT(2) 
PARAMETRIC_REPRESENTATION_CONTEXT() REPRESENTATION_CONTEXT('2D SPACE',''
  ) );
#1818 = PCURVE('',#1819,#1824);
#1819 = PLANE('',#1820);
#1820 = AXIS2_PLACEMENT_3D('',#1821,#1822,#1823);
#1821 = CARTESIAN_POINT('',(67.,-630.,1.352E+03));
#1822 = DIRECTION('',(1.,0.,-0.));
#1823 = DIRECTION('',(0.,0.,1.));
#1824 = DEFINITIONAL_REPRESENTATION('',(#1825),#1828);
#1825 = B_SPLINE_CURVE_WITH_KNOTS('',1,(#1826,#1827),.UNSPECIFIED.,.F.,
  .F.,(2,2),(-9.5,-3.5),.PIECEWISE_BEZIER_KNOTS.);
#1826 = CARTESIAN_POINT('',(6.,-1.));
#1827 = CARTESIAN_POINT('',(0.,-1.));
#1828 = ( GEOMETRIC_REPRESENTATION_CONTEXT(2) 
PARAMETRIC_REPRESENTATION_CONTEXT() REPRESENTATION_CONTEXT('2D SPACE',''
  ) );
#1829 = ORIENTED_EDGE('',*,*,#1830,.T.);
#1830 = EDGE_CURVE('',#1805,#1831,#1833,.T.);
#1831 = VERTEX_POINT('',#1832);
#1832 = CARTESIAN_POINT('',(73.,-629.,1.352E+03));
#1833 = SURFACE_CURVE('',#1834,(#1838,#1844),.PCURVE_S1.);
#1834 = LINE('',#1835,#1836);
#1835 = CARTESIAN_POINT('',(17.,-629.,1.352E+03));
#1836 = VECTOR('',#1837,1.);
#1837 = DIRECTION('',(1.,0.,-0.));
#1838 = PCURVE('',#1456,#1839);
#1839 = DEFINITIONAL_REPRESENTATION('',(#1840),#1843);
#1840 = B_SPLINE_CURVE_WITH_KNOTS('',1,(#1841,#1842),.UNSPECIFIED.,.F.,
  .F.,(2,2),(50.,56.),.PIECEWISE_BEZIER_KNOTS.);
#1841 = CARTESIAN_POINT('',(7.,100.));
#1842 = CARTESIAN_POINT('',(7.,106.));
#1843 = ( GEOMETRIC_REPRESENTATION_CONTEXT(2) 
PARAMETRIC_REPRESENTATION_CONTEXT() REPRESENTATION_CONTEXT('2D SPACE',''
  ) );
#1844 = PCURVE('',#1845,#1850);
#1845 = PLANE('',#1846);
#1846 = AXIS2_PLACEMENT_3D('',#1847,#1848,#1849);
#1847 = CARTESIAN_POINT('',(67.,-630.,1.352E+03));
#1848 = DIRECTION('',(0.,0.,1.));
#1849 = DIRECTION('',(1.,0.,-0.));
#1850 = DEFINITIONAL_REPRESENTATION('',(#1851),#1854);
#1851 = B_SPLINE_CURVE_WITH_KNOTS('',1,(#1852,#1853),.UNSPECIFIED.,.F.,
  .F.,(2,2),(50.,56.),.PIECEWISE_BEZIER_KNOTS.);
#1852 = CARTESIAN_POINT('',(0.,1.));
#1853 = CARTESIAN_POINT('',(6.,1.));
#1854 = ( GEOMETRIC_REPRESENTATION_CONTEXT(2) 
PARAMETRIC_REPRESENTATION_CONTEXT() REPRESENTATION_CONTEXT('2D SPACE',''
  ) );
#1855 = ORIENTED_EDGE('',*,*,#1856,.F.);
#1856 = EDGE_CURVE('',#1779,#1831,#1857,.T.);
#1857 = SURFACE_CURVE('',#1858,(#1862,#1868),.PCURVE_S1.);
#1858 = LINE('',#1859,#1860);
#1859 = CARTESIAN_POINT('',(73.,-629.,1.3485E+03));
#1860 = VECTOR('',#1861,1.);
#1861 = DIRECTION('',(-0.,0.,-1.));
#1862 = PCURVE('',#1456,#1863);
#1863 = DEFINITIONAL_REPRESENTATION('',(#1864),#1867);
#1864 = B_SPLINE_CURVE_WITH_KNOTS('',1,(#1865,#1866),.UNSPECIFIED.,.F.,
  .F.,(2,2),(-9.5,-3.5),.PIECEWISE_BEZIER_KNOTS.);
#1865 = CARTESIAN_POINT('',(13.,106.));
#1866 = CARTESIAN_POINT('',(7.,106.));
#1867 = ( GEOMETRIC_REPRESENTATION_CONTEXT(2) 
PARAMETRIC_REPRESENTATION_CONTEXT() REPRESENTATION_CONTEXT('2D SPACE',''
  ) );
#1868 = PCURVE('',#1869,#1874);
#1869 = PLANE('',#1870);
#1870 = AXIS2_PLACEMENT_3D('',#1871,#1872,#1873);
#1871 = CARTESIAN_POINT('',(73.,-630.,1.352E+03));
#1872 = DIRECTION('',(1.,0.,-0.));
#1873 = DIRECTION('',(0.,0.,1.));
#1874 = DEFINITIONAL_REPRESENTATION('',(#1875),#1878);
#1875 = B_SPLINE_CURVE_WITH_KNOTS('',1,(#1876,#1877),.UNSPECIFIED.,.F.,
  .F.,(2,2),(-9.5,-3.5),.PIECEWISE_BEZIER_KNOTS.);
#1876 = CARTESIAN_POINT('',(6.,-1.));
#1877 = CARTESIAN_POINT('',(0.,-1.));
#1878 = ( GEOMETRIC_REPRESENTATION_CONTEXT(2) 
PARAMETRIC_REPRESENTATION_CONTEXT() REPRESENTATION_CONTEXT('2D SPACE',''
  ) );
#1879 = ADVANCED_FACE('',(#1880),#1428,.F.);
#1880 = FACE_BOUND('',#1881,.F.);
#1881 = EDGE_LOOP('',(#1882,#1883,#1884,#1905));
#1882 = ORIENTED_EDGE('',*,*,#1412,.F.);
#1883 = ORIENTED_EDGE('',*,*,#1497,.T.);
#1884 = ORIENTED_EDGE('',*,*,#1885,.T.);
#1885 = EDGE_CURVE('',#1498,#1623,#1886,.T.);
#1886 = SURFACE_CURVE('',#1887,(#1891,#1898),.PCURVE_S1.);
#1887 = LINE('',#1888,#1889);
#1888 = CARTESIAN_POINT('',(77.,-631.,1.345E+03));
#1889 = VECTOR('',#1890,1.);
#1890 = DIRECTION('',(-0.,1.,0.));
#1891 = PCURVE('',#1428,#1892);
#1892 = DEFINITIONAL_REPRESENTATION('',(#1893),#1897);
#1893 = LINE('',#1894,#1895);
#1894 = CARTESIAN_POINT('',(110.,0.));
#1895 = VECTOR('',#1896,1.);
#1896 = DIRECTION('',(0.,1.));
#1897 = ( GEOMETRIC_REPRESENTATION_CONTEXT(2) 
PARAMETRIC_REPRESENTATION_CONTEXT() REPRESENTATION_CONTEXT('2D SPACE',''
  ) );
#1898 = PCURVE('',#1558,#1899);
#1899 = DEFINITIONAL_REPRESENTATION('',(#1900),#1904);
#1900 = LINE('',#1901,#1902);
#1901 = CARTESIAN_POINT('',(0.,0.));
#1902 = VECTOR('',#1903,1.);
#1903 = DIRECTION('',(0.,-1.));
#1904 = ( GEOMETRIC_REPRESENTATION_CONTEXT(2) 
PARAMETRIC_REPRESENTATION_CONTEXT() REPRESENTATION_CONTEXT('2D SPACE',''
  ) );
#1905 = ORIENTED_EDGE('',*,*,#1622,.F.);
#1906 = ADVANCED_FACE('',(#1907),#1558,.T.);
#1907 = FACE_BOUND('',#1908,.T.);
#1908 = EDGE_LOOP('',(#1909,#1910,#1911,#1912));
#1909 = ORIENTED_EDGE('',*,*,#1544,.F.);
#1910 = ORIENTED_EDGE('',*,*,#1885,.T.);
#1911 = ORIENTED_EDGE('',*,*,#1647,.T.);
#1912 = ORIENTED_EDGE('',*,*,#1575,.F.);
#1913 = ADVANCED_FACE('',(#1914),#1687,.T.);
#1914 = FACE_BOUND('',#1915,.T.);
#1915 = EDGE_LOOP('',(#1916,#1939,#1940,#1963));
#1916 = ORIENTED_EDGE('',*,*,#1917,.F.);
#1917 = EDGE_CURVE('',#1671,#1918,#1920,.T.);
#1918 = VERTEX_POINT('',#1919);
#1919 = CARTESIAN_POINT('',(-28.,-616.,1.358E+03));
#1920 = SURFACE_CURVE('',#1921,(#1925,#1932),.PCURVE_S1.);
#1921 = LINE('',#1922,#1923);
#1922 = CARTESIAN_POINT('',(-28.,-630.,1.358E+03));
#1923 = VECTOR('',#1924,1.);
#1924 = DIRECTION('',(-0.,1.,0.));
#1925 = PCURVE('',#1687,#1926);
#1926 = DEFINITIONAL_REPRESENTATION('',(#1927),#1931);
#1927 = LINE('',#1928,#1929);
#1928 = CARTESIAN_POINT('',(0.,0.));
#1929 = VECTOR('',#1930,1.);
#1930 = DIRECTION('',(0.,1.));
#1931 = ( GEOMETRIC_REPRESENTATION_CONTEXT(2) 
PARAMETRIC_REPRESENTATION_CONTEXT() REPRESENTATION_CONTEXT('2D SPACE',''
  ) );
#1932 = PCURVE('',#1713,#1933);
#1933 = DEFINITIONAL_REPRESENTATION('',(#1934),#1938);
#1934 = LINE('',#1935,#1936);
#1935 = CARTESIAN_POINT('',(6.,0.));
#1936 = VECTOR('',#1937,1.);
#1937 = DIRECTION('',(0.,-1.));
#1938 = ( GEOMETRIC_REPRESENTATION_CONTEXT(2) 
PARAMETRIC_REPRESENTATION_CONTEXT() REPRESENTATION_CONTEXT('2D SPACE',''
  ) );
#1939 = ORIENTED_EDGE('',*,*,#1670,.T.);
#1940 = ORIENTED_EDGE('',*,*,#1941,.T.);
#1941 = EDGE_CURVE('',#1673,#1942,#1944,.T.);
#1942 = VERTEX_POINT('',#1943);
#1943 = CARTESIAN_POINT('',(-22.,-616.,1.358E+03));
#1944 = SURFACE_CURVE('',#1945,(#1949,#1956),.PCURVE_S1.);
#1945 = LINE('',#1946,#1947);
#1946 = CARTESIAN_POINT('',(-22.,-630.,1.358E+03));
#1947 = VECTOR('',#1948,1.);
#1948 = DIRECTION('',(-0.,1.,0.));
#1949 = PCURVE('',#1687,#1950);
#1950 = DEFINITIONAL_REPRESENTATION('',(#1951),#1955);
#1951 = LINE('',#1952,#1953);
#1952 = CARTESIAN_POINT('',(6.,0.));
#1953 = VECTOR('',#1954,1.);
#1954 = DIRECTION('',(0.,1.));
#1955 = ( GEOMETRIC_REPRESENTATION_CONTEXT(2) 
PARAMETRIC_REPRESENTATION_CONTEXT() REPRESENTATION_CONTEXT('2D SPACE',''
  ) );
#1956 = PCURVE('',#1763,#1957);
#1957 = DEFINITIONAL_REPRESENTATION('',(#1958),#1962);
#1958 = LINE('',#1959,#1960);
#1959 = CARTESIAN_POINT('',(6.,0.));
#1960 = VECTOR('',#1961,1.);
#1961 = DIRECTION('',(0.,-1.));
#1962 = ( GEOMETRIC_REPRESENTATION_CONTEXT(2) 
PARAMETRIC_REPRESENTATION_CONTEXT() REPRESENTATION_CONTEXT('2D SPACE',''
  ) );
#1963 = ORIENTED_EDGE('',*,*,#1964,.F.);
#1964 = EDGE_CURVE('',#1918,#1942,#1965,.T.);
#1965 = SURFACE_CURVE('',#1966,(#1970,#1977),.PCURVE_S1.);
#1966 = LINE('',#1967,#1968);
#1967 = CARTESIAN_POINT('',(-28.,-616.,1.358E+03));
#1968 = VECTOR('',#1969,1.);
#1969 = DIRECTION('',(1.,0.,-0.));
#1970 = PCURVE('',#1687,#1971);
#1971 = DEFINITIONAL_REPRESENTATION('',(#1972),#1976);
#1972 = LINE('',#1973,#1974);
#1973 = CARTESIAN_POINT('',(0.,14.));
#1974 = VECTOR('',#1975,1.);
#1975 = DIRECTION('',(1.,0.));
#1976 = ( GEOMETRIC_REPRESENTATION_CONTEXT(2) 
PARAMETRIC_REPRESENTATION_CONTEXT() REPRESENTATION_CONTEXT('2D SPACE',''
  ) );
#1977 = PCURVE('',#1978,#1983);
#1978 = PLANE('',#1979);
#1979 = AXIS2_PLACEMENT_3D('',#1980,#1981,#1982);
#1980 = CARTESIAN_POINT('',(-28.,-616.,1.352E+03));
#1981 = DIRECTION('',(-0.,1.,0.));
#1982 = DIRECTION('',(0.,0.,1.));
#1983 = DEFINITIONAL_REPRESENTATION('',(#1984),#1988);
#1984 = LINE('',#1985,#1986);
#1985 = CARTESIAN_POINT('',(6.,0.));
#1986 = VECTOR('',#1987,1.);
#1987 = DIRECTION('',(0.,1.));
#1988 = ( GEOMETRIC_REPRESENTATION_CONTEXT(2) 
PARAMETRIC_REPRESENTATION_CONTEXT() REPRESENTATION_CONTEXT('2D SPACE',''
  ) );
#1989 = ADVANCED_FACE('',(#1990),#1763,.T.);
#1990 = FACE_BOUND('',#1991,.T.);
#1991 = EDGE_LOOP('',(#1992,#1993,#1994,#2017));
#1992 = ORIENTED_EDGE('',*,*,#1941,.F.);
#1993 = ORIENTED_EDGE('',*,*,#1750,.T.);
#1994 = ORIENTED_EDGE('',*,*,#1995,.T.);
#1995 = EDGE_CURVE('',#1725,#1996,#1998,.T.);
#1996 = VERTEX_POINT('',#1997);
#1997 = CARTESIAN_POINT('',(-22.,-616.,1.352E+03));
#1998 = SURFACE_CURVE('',#1999,(#2003,#2010),.PCURVE_S1.);
#1999 = LINE('',#2000,#2001);
#2000 = CARTESIAN_POINT('',(-22.,-630.,1.352E+03));
#2001 = VECTOR('',#2002,1.);
#2002 = DIRECTION('',(-0.,1.,0.));
#2003 = PCURVE('',#1763,#2004);
#2004 = DEFINITIONAL_REPRESENTATION('',(#2005),#2009);
#2005 = LINE('',#2006,#2007);
#2006 = CARTESIAN_POINT('',(0.,0.));
#2007 = VECTOR('',#2008,1.);
#2008 = DIRECTION('',(0.,-1.));
#2009 = ( GEOMETRIC_REPRESENTATION_CONTEXT(2) 
PARAMETRIC_REPRESENTATION_CONTEXT() REPRESENTATION_CONTEXT('2D SPACE',''
  ) );
#2010 = PCURVE('',#1739,#2011);
#2011 = DEFINITIONAL_REPRESENTATION('',(#2012),#2016);
#2012 = LINE('',#2013,#2014);
#2013 = CARTESIAN_POINT('',(6.,0.));
#2014 = VECTOR('',#2015,1.);
#2015 = DIRECTION('',(0.,1.));
#2016 = ( GEOMETRIC_REPRESENTATION_CONTEXT(2) 
PARAMETRIC_REPRESENTATION_CONTEXT() REPRESENTATION_CONTEXT('2D SPACE',''
  ) );
#2017 = ORIENTED_EDGE('',*,*,#2018,.T.);
#2018 = EDGE_CURVE('',#1996,#1942,#2019,.T.);
#2019 = SURFACE_CURVE('',#2020,(#2024,#2031),.PCURVE_S1.);
#2020 = LINE('',#2021,#2022);
#2021 = CARTESIAN_POINT('',(-22.,-616.,1.352E+03));
#2022 = VECTOR('',#2023,1.);
#2023 = DIRECTION('',(0.,0.,1.));
#2024 = PCURVE('',#1763,#2025);
#2025 = DEFINITIONAL_REPRESENTATION('',(#2026),#2030);
#2026 = LINE('',#2027,#2028);
#2027 = CARTESIAN_POINT('',(0.,-14.));
#2028 = VECTOR('',#2029,1.);
#2029 = DIRECTION('',(1.,0.));
#2030 = ( GEOMETRIC_REPRESENTATION_CONTEXT(2) 
PARAMETRIC_REPRESENTATION_CONTEXT() REPRESENTATION_CONTEXT('2D SPACE',''
  ) );
#2031 = PCURVE('',#1978,#2032);
#2032 = DEFINITIONAL_REPRESENTATION('',(#2033),#2037);
#2033 = LINE('',#2034,#2035);
#2034 = CARTESIAN_POINT('',(0.,6.));
#2035 = VECTOR('',#2036,1.);
#2036 = DIRECTION('',(1.,0.));
#2037 = ( GEOMETRIC_REPRESENTATION_CONTEXT(2) 
PARAMETRIC_REPRESENTATION_CONTEXT() REPRESENTATION_CONTEXT('2D SPACE',''
  ) );
#2038 = ADVANCED_FACE('',(#2039),#1739,.F.);
#2039 = FACE_BOUND('',#2040,.F.);
#2040 = EDGE_LOOP('',(#2041,#2064,#2065,#2066));
#2041 = ORIENTED_EDGE('',*,*,#2042,.F.);
#2042 = EDGE_CURVE('',#1699,#2043,#2045,.T.);
#2043 = VERTEX_POINT('',#2044);
#2044 = CARTESIAN_POINT('',(-28.,-616.,1.352E+03));
#2045 = SURFACE_CURVE('',#2046,(#2050,#2057),.PCURVE_S1.);
#2046 = LINE('',#2047,#2048);
#2047 = CARTESIAN_POINT('',(-28.,-630.,1.352E+03));
#2048 = VECTOR('',#2049,1.);
#2049 = DIRECTION('',(-0.,1.,0.));
#2050 = PCURVE('',#1739,#2051);
#2051 = DEFINITIONAL_REPRESENTATION('',(#2052),#2056);
#2052 = LINE('',#2053,#2054);
#2053 = CARTESIAN_POINT('',(0.,0.));
#2054 = VECTOR('',#2055,1.);
#2055 = DIRECTION('',(0.,1.));
#2056 = ( GEOMETRIC_REPRESENTATION_CONTEXT(2) 
PARAMETRIC_REPRESENTATION_CONTEXT() REPRESENTATION_CONTEXT('2D SPACE',''
  ) );
#2057 = PCURVE('',#1713,#2058);
#2058 = DEFINITIONAL_REPRESENTATION('',(#2059),#2063);
#2059 = LINE('',#2060,#2061);
#2060 = CARTESIAN_POINT('',(0.,0.));
#2061 = VECTOR('',#2062,1.);
#2062 = DIRECTION('',(0.,-1.));
#2063 = ( GEOMETRIC_REPRESENTATION_CONTEXT(2) 
PARAMETRIC_REPRESENTATION_CONTEXT() REPRESENTATION_CONTEXT('2D SPACE',''
  ) );
#2064 = ORIENTED_EDGE('',*,*,#1724,.T.);
#2065 = ORIENTED_EDGE('',*,*,#1995,.T.);
#2066 = ORIENTED_EDGE('',*,*,#2067,.F.);
#2067 = EDGE_CURVE('',#2043,#1996,#2068,.T.);
#2068 = SURFACE_CURVE('',#2069,(#2073,#2080),.PCURVE_S1.);
#2069 = LINE('',#2070,#2071);
#2070 = CARTESIAN_POINT('',(-28.,-616.,1.352E+03));
#2071 = VECTOR('',#2072,1.);
#2072 = DIRECTION('',(1.,0.,-0.));
#2073 = PCURVE('',#1739,#2074);
#2074 = DEFINITIONAL_REPRESENTATION('',(#2075),#2079);
#2075 = LINE('',#2076,#2077);
#2076 = CARTESIAN_POINT('',(0.,14.));
#2077 = VECTOR('',#2078,1.);
#2078 = DIRECTION('',(1.,0.));
#2079 = ( GEOMETRIC_REPRESENTATION_CONTEXT(2) 
PARAMETRIC_REPRESENTATION_CONTEXT() REPRESENTATION_CONTEXT('2D SPACE',''
  ) );
#2080 = PCURVE('',#1978,#2081);
#2081 = DEFINITIONAL_REPRESENTATION('',(#2082),#2086);
#2082 = LINE('',#2083,#2084);
#2083 = CARTESIAN_POINT('',(0.,0.));
#2084 = VECTOR('',#2085,1.);
#2085 = DIRECTION('',(0.,1.));
#2086 = ( GEOMETRIC_REPRESENTATION_CONTEXT(2) 
PARAMETRIC_REPRESENTATION_CONTEXT() REPRESENTATION_CONTEXT('2D SPACE',''
  ) );
#2087 = ADVANCED_FACE('',(#2088),#1713,.F.);
#2088 = FACE_BOUND('',#2089,.F.);
#2089 = EDGE_LOOP('',(#2090,#2091,#2092,#2093));
#2090 = ORIENTED_EDGE('',*,*,#1917,.F.);
#2091 = ORIENTED_EDGE('',*,*,#1698,.T.);
#2092 = ORIENTED_EDGE('',*,*,#2042,.T.);
#2093 = ORIENTED_EDGE('',*,*,#2094,.T.);
#2094 = EDGE_CURVE('',#2043,#1918,#2095,.T.);
#2095 = SURFACE_CURVE('',#2096,(#2100,#2107),.PCURVE_S1.);
#2096 = LINE('',#2097,#2098);
#2097 = CARTESIAN_POINT('',(-28.,-616.,1.352E+03));
#2098 = VECTOR('',#2099,1.);
#2099 = DIRECTION('',(0.,0.,1.));
#2100 = PCURVE('',#1713,#2101);
#2101 = DEFINITIONAL_REPRESENTATION('',(#2102),#2106);
#2102 = LINE('',#2103,#2104);
#2103 = CARTESIAN_POINT('',(0.,-14.));
#2104 = VECTOR('',#2105,1.);
#2105 = DIRECTION('',(1.,0.));
#2106 = ( GEOMETRIC_REPRESENTATION_CONTEXT(2) 
PARAMETRIC_REPRESENTATION_CONTEXT() REPRESENTATION_CONTEXT('2D SPACE',''
  ) );
#2107 = PCURVE('',#1978,#2108);
#2108 = DEFINITIONAL_REPRESENTATION('',(#2109),#2113);
#2109 = LINE('',#2110,#2111);
#2110 = CARTESIAN_POINT('',(0.,0.));
#2111 = VECTOR('',#2112,1.);
#2112 = DIRECTION('',(1.,0.));
#2113 = ( GEOMETRIC_REPRESENTATION_CONTEXT(2) 
PARAMETRIC_REPRESENTATION_CONTEXT() REPRESENTATION_CONTEXT('2D SPACE',''
  ) );
#2114 = ADVANCED_FACE('',(#2115),#1793,.T.);
#2115 = FACE_BOUND('',#2116,.T.);
#2116 = EDGE_LOOP('',(#2117,#2140,#2141,#2164));
#2117 = ORIENTED_EDGE('',*,*,#2118,.F.);
#2118 = EDGE_CURVE('',#1777,#2119,#2121,.T.);
#2119 = VERTEX_POINT('',#2120);
#2120 = CARTESIAN_POINT('',(67.,-616.,1.358E+03));
#2121 = SURFACE_CURVE('',#2122,(#2126,#2133),.PCURVE_S1.);
#2122 = LINE('',#2123,#2124);
#2123 = CARTESIAN_POINT('',(67.,-630.,1.358E+03));
#2124 = VECTOR('',#2125,1.);
#2125 = DIRECTION('',(-0.,1.,0.));
#2126 = PCURVE('',#1793,#2127);
#2127 = DEFINITIONAL_REPRESENTATION('',(#2128),#2132);
#2128 = LINE('',#2129,#2130);
#2129 = CARTESIAN_POINT('',(0.,0.));
#2130 = VECTOR('',#2131,1.);
#2131 = DIRECTION('',(0.,1.));
#2132 = ( GEOMETRIC_REPRESENTATION_CONTEXT(2) 
PARAMETRIC_REPRESENTATION_CONTEXT() REPRESENTATION_CONTEXT('2D SPACE',''
  ) );
#2133 = PCURVE('',#1819,#2134);
#2134 = DEFINITIONAL_REPRESENTATION('',(#2135),#2139);
#2135 = LINE('',#2136,#2137);
#2136 = CARTESIAN_POINT('',(6.,0.));
#2137 = VECTOR('',#2138,1.);
#2138 = DIRECTION('',(0.,-1.));
#2139 = ( GEOMETRIC_REPRESENTATION_CONTEXT(2) 
PARAMETRIC_REPRESENTATION_CONTEXT() REPRESENTATION_CONTEXT('2D SPACE',''
  ) );
#2140 = ORIENTED_EDGE('',*,*,#1776,.T.);
#2141 = ORIENTED_EDGE('',*,*,#2142,.T.);
#2142 = EDGE_CURVE('',#1779,#2143,#2145,.T.);
#2143 = VERTEX_POINT('',#2144);
#2144 = CARTESIAN_POINT('',(73.,-616.,1.358E+03));
#2145 = SURFACE_CURVE('',#2146,(#2150,#2157),.PCURVE_S1.);
#2146 = LINE('',#2147,#2148);
#2147 = CARTESIAN_POINT('',(73.,-630.,1.358E+03));
#2148 = VECTOR('',#2149,1.);
#2149 = DIRECTION('',(-0.,1.,0.));
#2150 = PCURVE('',#1793,#2151);
#2151 = DEFINITIONAL_REPRESENTATION('',(#2152),#2156);
#2152 = LINE('',#2153,#2154);
#2153 = CARTESIAN_POINT('',(6.,0.));
#2154 = VECTOR('',#2155,1.);
#2155 = DIRECTION('',(0.,1.));
#2156 = ( GEOMETRIC_REPRESENTATION_CONTEXT(2) 
PARAMETRIC_REPRESENTATION_CONTEXT() REPRESENTATION_CONTEXT('2D SPACE',''
  ) );
#2157 = PCURVE('',#1869,#2158);
#2158 = DEFINITIONAL_REPRESENTATION('',(#2159),#2163);
#2159 = LINE('',#2160,#2161);
#2160 = CARTESIAN_POINT('',(6.,0.));
#2161 = VECTOR('',#2162,1.);
#2162 = DIRECTION('',(0.,-1.));
#2163 = ( GEOMETRIC_REPRESENTATION_CONTEXT(2) 
PARAMETRIC_REPRESENTATION_CONTEXT() REPRESENTATION_CONTEXT('2D SPACE',''
  ) );
#2164 = ORIENTED_EDGE('',*,*,#2165,.F.);
#2165 = EDGE_CURVE('',#2119,#2143,#2166,.T.);
#2166 = SURFACE_CURVE('',#2167,(#2171,#2178),.PCURVE_S1.);
#2167 = LINE('',#2168,#2169);
#2168 = CARTESIAN_POINT('',(67.,-616.,1.358E+03));
#2169 = VECTOR('',#2170,1.);
#2170 = DIRECTION('',(1.,0.,-0.));
#2171 = PCURVE('',#1793,#2172);
#2172 = DEFINITIONAL_REPRESENTATION('',(#2173),#2177);
#2173 = LINE('',#2174,#2175);
#2174 = CARTESIAN_POINT('',(0.,14.));
#2175 = VECTOR('',#2176,1.);
#2176 = DIRECTION('',(1.,0.));
#2177 = ( GEOMETRIC_REPRESENTATION_CONTEXT(2) 
PARAMETRIC_REPRESENTATION_CONTEXT() REPRESENTATION_CONTEXT('2D SPACE',''
  ) );
#2178 = PCURVE('',#2179,#2184);
#2179 = PLANE('',#2180);
#2180 = AXIS2_PLACEMENT_3D('',#2181,#2182,#2183);
#2181 = CARTESIAN_POINT('',(67.,-616.,1.352E+03));
#2182 = DIRECTION('',(-0.,1.,0.));
#2183 = DIRECTION('',(0.,0.,1.));
#2184 = DEFINITIONAL_REPRESENTATION('',(#2185),#2189);
#2185 = LINE('',#2186,#2187);
#2186 = CARTESIAN_POINT('',(6.,0.));
#2187 = VECTOR('',#2188,1.);
#2188 = DIRECTION('',(0.,1.));
#2189 = ( GEOMETRIC_REPRESENTATION_CONTEXT(2) 
PARAMETRIC_REPRESENTATION_CONTEXT() REPRESENTATION_CONTEXT('2D SPACE',''
  ) );
#2190 = ADVANCED_FACE('',(#2191),#1869,.T.);
#2191 = FACE_BOUND('',#2192,.T.);
#2192 = EDGE_LOOP('',(#2193,#2194,#2195,#2218));
#2193 = ORIENTED_EDGE('',*,*,#2142,.F.);
#2194 = ORIENTED_EDGE('',*,*,#1856,.T.);
#2195 = ORIENTED_EDGE('',*,*,#2196,.T.);
#2196 = EDGE_CURVE('',#1831,#2197,#2199,.T.);
#2197 = VERTEX_POINT('',#2198);
#2198 = CARTESIAN_POINT('',(73.,-616.,1.352E+03));
#2199 = SURFACE_CURVE('',#2200,(#2204,#2211),.PCURVE_S1.);
#2200 = LINE('',#2201,#2202);
#2201 = CARTESIAN_POINT('',(73.,-630.,1.352E+03));
#2202 = VECTOR('',#2203,1.);
#2203 = DIRECTION('',(-0.,1.,0.));
#2204 = PCURVE('',#1869,#2205);
#2205 = DEFINITIONAL_REPRESENTATION('',(#2206),#2210);
#2206 = LINE('',#2207,#2208);
#2207 = CARTESIAN_POINT('',(0.,0.));
#2208 = VECTOR('',#2209,1.);
#2209 = DIRECTION('',(0.,-1.));
#2210 = ( GEOMETRIC_REPRESENTATION_CONTEXT(2) 
PARAMETRIC_REPRESENTATION_CONTEXT() REPRESENTATION_CONTEXT('2D SPACE',''
  ) );
#2211 = PCURVE('',#1845,#2212);
#2212 = DEFINITIONAL_REPRESENTATION('',(#2213),#2217);
#2213 = LINE('',#2214,#2215);
#2214 = CARTESIAN_POINT('',(6.,0.));
#2215 = VECTOR('',#2216,1.);
#2216 = DIRECTION('',(0.,1.));
#2217 = ( GEOMETRIC_REPRESENTATION_CONTEXT(2) 
PARAMETRIC_REPRESENTATION_CONTEXT() REPRESENTATION_CONTEXT('2D SPACE',''
  ) );
#2218 = ORIENTED_EDGE('',*,*,#2219,.T.);
#2219 = EDGE_CURVE('',#2197,#2143,#2220,.T.);
#2220 = SURFACE_CURVE('',#2221,(#2225,#2232),.PCURVE_S1.);
#2221 = LINE('',#2222,#2223);
#2222 = CARTESIAN_POINT('',(73.,-616.,1.352E+03));
#2223 = VECTOR('',#2224,1.);
#2224 = DIRECTION('',(0.,0.,1.));
#2225 = PCURVE('',#1869,#2226);
#2226 = DEFINITIONAL_REPRESENTATION('',(#2227),#2231);
#2227 = LINE('',#2228,#2229);
#2228 = CARTESIAN_POINT('',(0.,-14.));
#2229 = VECTOR('',#2230,1.);
#2230 = DIRECTION('',(1.,0.));
#2231 = ( GEOMETRIC_REPRESENTATION_CONTEXT(2) 
PARAMETRIC_REPRESENTATION_CONTEXT() REPRESENTATION_CONTEXT('2D SPACE',''
  ) );
#2232 = PCURVE('',#2179,#2233);
#2233 = DEFINITIONAL_REPRESENTATION('',(#2234),#2238);
#2234 = LINE('',#2235,#2236);
#2235 = CARTESIAN_POINT('',(0.,6.));
#2236 = VECTOR('',#2237,1.);
#2237 = DIRECTION('',(1.,0.));
#2238 = ( GEOMETRIC_REPRESENTATION_CONTEXT(2) 
PARAMETRIC_REPRESENTATION_CONTEXT() REPRESENTATION_CONTEXT('2D SPACE',''
  ) );
#2239 = ADVANCED_FACE('',(#2240),#1845,.F.);
#2240 = FACE_BOUND('',#2241,.F.);
#2241 = EDGE_LOOP('',(#2242,#2265,#2266,#2267));
#2242 = ORIENTED_EDGE('',*,*,#2243,.F.);
#2243 = EDGE_CURVE('',#1805,#2244,#2246,.T.);
#2244 = VERTEX_POINT('',#2245);
#2245 = CARTESIAN_POINT('',(67.,-616.,1.352E+03));
#2246 = SURFACE_CURVE('',#2247,(#2251,#2258),.PCURVE_S1.);
#2247 = LINE('',#2248,#2249);
#2248 = CARTESIAN_POINT('',(67.,-630.,1.352E+03));
#2249 = VECTOR('',#2250,1.);
#2250 = DIRECTION('',(-0.,1.,0.));
#2251 = PCURVE('',#1845,#2252);
#2252 = DEFINITIONAL_REPRESENTATION('',(#2253),#2257);
#2253 = LINE('',#2254,#2255);
#2254 = CARTESIAN_POINT('',(0.,0.));
#2255 = VECTOR('',#2256,1.);
#2256 = DIRECTION('',(0.,1.));
#2257 = ( GEOMETRIC_REPRESENTATION_CONTEXT(2) 
PARAMETRIC_REPRESENTATION_CONTEXT() REPRESENTATION_CONTEXT('2D SPACE',''
  ) );
#2258 = PCURVE('',#1819,#2259);
#2259 = DEFINITIONAL_REPRESENTATION('',(#2260),#2264);
#2260 = LINE('',#2261,#2262);
#2261 = CARTESIAN_POINT('',(0.,0.));
#2262 = VECTOR('',#2263,1.);
#2263 = DIRECTION('',(0.,-1.));
#2264 = ( GEOMETRIC_REPRESENTATION_CONTEXT(2) 
PARAMETRIC_REPRESENTATION_CONTEXT() REPRESENTATION_CONTEXT('2D SPACE',''
  ) );
#2265 = ORIENTED_EDGE('',*,*,#1830,.T.);
#2266 = ORIENTED_EDGE('',*,*,#2196,.T.);
#2267 = ORIENTED_EDGE('',*,*,#2268,.F.);
#2268 = EDGE_CURVE('',#2244,#2197,#2269,.T.);
#2269 = SURFACE_CURVE('',#2270,(#2274,#2281),.PCURVE_S1.);
#2270 = LINE('',#2271,#2272);
#2271 = CARTESIAN_POINT('',(67.,-616.,1.352E+03));
#2272 = VECTOR('',#2273,1.);
#2273 = DIRECTION('',(1.,0.,-0.));
#2274 = PCURVE('',#1845,#2275);
#2275 = DEFINITIONAL_REPRESENTATION('',(#2276),#2280);
#2276 = LINE('',#2277,#2278);
#2277 = CARTESIAN_POINT('',(0.,14.));
#2278 = VECTOR('',#2279,1.);
#2279 = DIRECTION('',(1.,0.));
#2280 = ( GEOMETRIC_REPRESENTATION_CONTEXT(2) 
PARAMETRIC_REPRESENTATION_CONTEXT() REPRESENTATION_CONTEXT('2D SPACE',''
  ) );
#2281 = PCURVE('',#2179,#2282);
#2282 = DEFINITIONAL_REPRESENTATION('',(#2283),#2287);
#2283 = LINE('',#2284,#2285);
#2284 = CARTESIAN_POINT('',(0.,0.));
#2285 = VECTOR('',#2286,1.);
#2286 = DIRECTION('',(0.,1.));
#2287 = ( GEOMETRIC_REPRESENTATION_CONTEXT(2) 
PARAMETRIC_REPRESENTATION_CONTEXT() REPRESENTATION_CONTEXT('2D SPACE',''
  ) );
#2288 = ADVANCED_FACE('',(#2289),#1819,.F.);
#2289 = FACE_BOUND('',#2290,.F.);
#2290 = EDGE_LOOP('',(#2291,#2292,#2293,#2294));
#2291 = ORIENTED_EDGE('',*,*,#2118,.F.);
#2292 = ORIENTED_EDGE('',*,*,#1804,.T.);
#2293 = ORIENTED_EDGE('',*,*,#2243,.T.);
#2294 = ORIENTED_EDGE('',*,*,#2295,.T.);
#2295 = EDGE_CURVE('',#2244,#2119,#2296,.T.);
#2296 = SURFACE_CURVE('',#2297,(#2301,#2308),.PCURVE_S1.);
#2297 = LINE('',#2298,#2299);
#2298 = CARTESIAN_POINT('',(67.,-616.,1.352E+03));
#2299 = VECTOR('',#2300,1.);
#2300 = DIRECTION('',(0.,0.,1.));
#2301 = PCURVE('',#1819,#2302);
#2302 = DEFINITIONAL_REPRESENTATION('',(#2303),#2307);
#2303 = LINE('',#2304,#2305);
#2304 = CARTESIAN_POINT('',(0.,-14.));
#2305 = VECTOR('',#2306,1.);
#2306 = DIRECTION('',(1.,0.));
#2307 = ( GEOMETRIC_REPRESENTATION_CONTEXT(2) 
PARAMETRIC_REPRESENTATION_CONTEXT() REPRESENTATION_CONTEXT('2D SPACE',''
  ) );
#2308 = PCURVE('',#2179,#2309);
#2309 = DEFINITIONAL_REPRESENTATION('',(#2310),#2314);
#2310 = LINE('',#2311,#2312);
#2311 = CARTESIAN_POINT('',(0.,0.));
#2312 = VECTOR('',#2313,1.);
#2313 = DIRECTION('',(1.,0.));
#2314 = ( GEOMETRIC_REPRESENTATION_CONTEXT(2) 
PARAMETRIC_REPRESENTATION_CONTEXT() REPRESENTATION_CONTEXT('2D SPACE',''
  ) );
#2315 = ADVANCED_FACE('',(#2316),#1978,.T.);
#2316 = FACE_BOUND('',#2317,.T.);
#2317 = EDGE_LOOP('',(#2318,#2319,#2320,#2321));
#2318 = ORIENTED_EDGE('',*,*,#2067,.F.);
#2319 = ORIENTED_EDGE('',*,*,#2094,.T.);
#2320 = ORIENTED_EDGE('',*,*,#1964,.T.);
#2321 = ORIENTED_EDGE('',*,*,#2018,.F.);
#2322 = ADVANCED_FACE('',(#2323),#2179,.T.);
#2323 = FACE_BOUND('',#2324,.T.);
#2324 = EDGE_LOOP('',(#2325,#2326,#2327,#2328));
#2325 = ORIENTED_EDGE('',*,*,#2268,.F.);
#2326 = ORIENTED_EDGE('',*,*,#2295,.T.);
#2327 = ORIENTED_EDGE('',*,*,#2165,.T.);
#2328 = ORIENTED_EDGE('',*,*,#2219,.F.);
#2329 = ( GEOMETRIC_REPRESENTATION_CONTEXT(3) 
GLOBAL_UNCERTAINTY_ASSIGNED_CONTEXT((#2333)) 
GLOBAL_UNIT_ASSIGNED_CONTEXT((#2330,#2331,#2332)) REPRESENTATION_CONTEXT
('Context #1','3D Context with UNIT and UNCERTAINTY') );
#2330 = ( LENGTH_UNIT() NAMED_UNIT(*) SI_UNIT(.MILLI.,.METRE.) );
#2331 = ( NAMED_UNIT(*) PLANE_ANGLE_UNIT() SI_UNIT($,.RADIAN.) );
#2332 = ( NAMED_UNIT(*) SI_UNIT($,.STERADIAN.) SOLID_ANGLE_UNIT() );
#2333 = UNCERTAINTY_MEASURE_WITH_UNIT(LENGTH_MEASURE(2.E-07),#2330,
  'distance_accuracy_value','confusion accuracy');
#2334 = CONTEXT_DEPENDENT_SHAPE_REPRESENTATION(#2335,#2337);
#2335 = ( REPRESENTATION_RELATIONSHIP('','',#1370,#10) 
REPRESENTATION_RELATIONSHIP_WITH_TRANSFORMATION(#2336) 
SHAPE_REPRESENTATION_RELATIONSHIP() );
#2336 = ITEM_DEFINED_TRANSFORMATION('','',#11,#23);
#2337 = PRODUCT_DEFINITION_SHAPE('Placement','Placement of an item',
  #2338);
#2338 = NEXT_ASSEMBLY_USAGE_OCCURRENCE('15','=>[0:1:1:4]','',#5,#1365,$
  );
#2339 = PRODUCT_RELATED_PRODUCT_CATEGORY('part',$,(#1367));
#2340 = SHAPE_DEFINITION_REPRESENTATION(#2341,#2347);
#2341 = PRODUCT_DEFINITION_SHAPE('','',#2342);
#2342 = PRODUCT_DEFINITION('design','',#2343,#2346);
#2343 = PRODUCT_DEFINITION_FORMATION('','',#2344);
#2344 = PRODUCT('COMPOUND','COMPOUND','',(#2345));
#2345 = PRODUCT_CONTEXT('',#2,'mechanical');
#2346 = PRODUCT_DEFINITION_CONTEXT('part definition',#2,'design');
#2347 = ADVANCED_BREP_SHAPE_REPRESENTATION('',(#11,#2348),#5308);
#2348 = MANIFOLD_SOLID_BREP('',#2349);
#2349 = CLOSED_SHELL('',(#2350,#2470,#2867,#3020,#3069,#3304,#3353,#3402
    ,#3429,#3534,#3583,#3656,#3761,#3810,#3883,#3890,#3897,#3952,#3979,
    #4006,#4044,#4071,#4098,#4136,#4140,#4300,#4460,#4515,#4570,#4703,
    #4752,#4847,#4874,#5007,#5056,#5151,#5178,#5182,#5186,#5233,#5240,
    #5247,#5294,#5301));
#2350 = ADVANCED_FACE('',(#2351),#2365,.F.);
#2351 = FACE_BOUND('',#2352,.F.);
#2352 = EDGE_LOOP('',(#2353,#2388,#2416,#2444));
#2353 = ORIENTED_EDGE('',*,*,#2354,.F.);
#2354 = EDGE_CURVE('',#2355,#2357,#2359,.T.);
#2355 = VERTEX_POINT('',#2356);
#2356 = CARTESIAN_POINT('',(-100.,-612.,1.2127E+03));
#2357 = VERTEX_POINT('',#2358);
#2358 = CARTESIAN_POINT('',(-100.,-612.,1.5253E+03));
#2359 = SURFACE_CURVE('',#2360,(#2364,#2376),.PCURVE_S1.);
#2360 = LINE('',#2361,#2362);
#2361 = CARTESIAN_POINT('',(-100.,-612.,1.2127E+03));
#2362 = VECTOR('',#2363,1.);
#2363 = DIRECTION('',(0.,0.,1.));
#2364 = PCURVE('',#2365,#2370);
#2365 = PLANE('',#2366);
#2366 = AXIS2_PLACEMENT_3D('',#2367,#2368,#2369);
#2367 = CARTESIAN_POINT('',(-100.,-612.,1.2127E+03));
#2368 = DIRECTION('',(1.,0.,-0.));
#2369 = DIRECTION('',(0.,0.,1.));
#2370 = DEFINITIONAL_REPRESENTATION('',(#2371),#2375);
#2371 = LINE('',#2372,#2373);
#2372 = CARTESIAN_POINT('',(0.,0.));
#2373 = VECTOR('',#2374,1.);
#2374 = DIRECTION('',(1.,0.));
#2375 = ( GEOMETRIC_REPRESENTATION_CONTEXT(2) 
PARAMETRIC_REPRESENTATION_CONTEXT() REPRESENTATION_CONTEXT('2D SPACE',''
  ) );
#2376 = PCURVE('',#2377,#2382);
#2377 = PLANE('',#2378);
#2378 = AXIS2_PLACEMENT_3D('',#2379,#2380,#2381);
#2379 = CARTESIAN_POINT('',(-100.,-612.,1.2127E+03));
#2380 = DIRECTION('',(-0.,1.,0.));
#2381 = DIRECTION('',(0.,0.,1.));
#2382 = DEFINITIONAL_REPRESENTATION('',(#2383),#2387);
#2383 = LINE('',#2384,#2385);
#2384 = CARTESIAN_POINT('',(0.,0.));
#2385 = VECTOR('',#2386,1.);
#2386 = DIRECTION('',(1.,0.));
#2387 = ( GEOMETRIC_REPRESENTATION_CONTEXT(2) 
PARAMETRIC_REPRESENTATION_CONTEXT() REPRESENTATION_CONTEXT('2D SPACE',''
  ) );
#2388 = ORIENTED_EDGE('',*,*,#2389,.T.);
#2389 = EDGE_CURVE('',#2355,#2390,#2392,.T.);
#2390 = VERTEX_POINT('',#2391);
#2391 = CARTESIAN_POINT('',(-100.,-604.,1.2127E+03));
#2392 = SURFACE_CURVE('',#2393,(#2397,#2404),.PCURVE_S1.);
#2393 = LINE('',#2394,#2395);
#2394 = CARTESIAN_POINT('',(-100.,-612.,1.2127E+03));
#2395 = VECTOR('',#2396,1.);
#2396 = DIRECTION('',(-0.,1.,0.));
#2397 = PCURVE('',#2365,#2398);
#2398 = DEFINITIONAL_REPRESENTATION('',(#2399),#2403);
#2399 = LINE('',#2400,#2401);
#2400 = CARTESIAN_POINT('',(0.,0.));
#2401 = VECTOR('',#2402,1.);
#2402 = DIRECTION('',(0.,-1.));
#2403 = ( GEOMETRIC_REPRESENTATION_CONTEXT(2) 
PARAMETRIC_REPRESENTATION_CONTEXT() REPRESENTATION_CONTEXT('2D SPACE',''
  ) );
#2404 = PCURVE('',#2405,#2410);
#2405 = PLANE('',#2406);
#2406 = AXIS2_PLACEMENT_3D('',#2407,#2408,#2409);
#2407 = CARTESIAN_POINT('',(-100.,-612.,1.2127E+03));
#2408 = DIRECTION('',(0.,0.,1.));
#2409 = DIRECTION('',(1.,0.,-0.));
#2410 = DEFINITIONAL_REPRESENTATION('',(#2411),#2415);
#2411 = LINE('',#2412,#2413);
#2412 = CARTESIAN_POINT('',(0.,0.));
#2413 = VECTOR('',#2414,1.);
#2414 = DIRECTION('',(0.,1.));
#2415 = ( GEOMETRIC_REPRESENTATION_CONTEXT(2) 
PARAMETRIC_REPRESENTATION_CONTEXT() REPRESENTATION_CONTEXT('2D SPACE',''
  ) );
#2416 = ORIENTED_EDGE('',*,*,#2417,.T.);
#2417 = EDGE_CURVE('',#2390,#2418,#2420,.T.);
#2418 = VERTEX_POINT('',#2419);
#2419 = CARTESIAN_POINT('',(-100.,-604.,1.5253E+03));
#2420 = SURFACE_CURVE('',#2421,(#2425,#2432),.PCURVE_S1.);
#2421 = LINE('',#2422,#2423);
#2422 = CARTESIAN_POINT('',(-100.,-604.,1.2127E+03));
#2423 = VECTOR('',#2424,1.);
#2424 = DIRECTION('',(0.,0.,1.));
#2425 = PCURVE('',#2365,#2426);
#2426 = DEFINITIONAL_REPRESENTATION('',(#2427),#2431);
#2427 = LINE('',#2428,#2429);
#2428 = CARTESIAN_POINT('',(0.,-8.));
#2429 = VECTOR('',#2430,1.);
#2430 = DIRECTION('',(1.,0.));
#2431 = ( GEOMETRIC_REPRESENTATION_CONTEXT(2) 
PARAMETRIC_REPRESENTATION_CONTEXT() REPRESENTATION_CONTEXT('2D SPACE',''
  ) );
#2432 = PCURVE('',#2433,#2438);
#2433 = PLANE('',#2434);
#2434 = AXIS2_PLACEMENT_3D('',#2435,#2436,#2437);
#2435 = CARTESIAN_POINT('',(-100.,-604.,1.2127E+03));
#2436 = DIRECTION('',(-0.,1.,0.));
#2437 = DIRECTION('',(0.,0.,1.));
#2438 = DEFINITIONAL_REPRESENTATION('',(#2439),#2443);
#2439 = LINE('',#2440,#2441);
#2440 = CARTESIAN_POINT('',(0.,0.));
#2441 = VECTOR('',#2442,1.);
#2442 = DIRECTION('',(1.,0.));
#2443 = ( GEOMETRIC_REPRESENTATION_CONTEXT(2) 
PARAMETRIC_REPRESENTATION_CONTEXT() REPRESENTATION_CONTEXT('2D SPACE',''
  ) );
#2444 = ORIENTED_EDGE('',*,*,#2445,.F.);
#2445 = EDGE_CURVE('',#2357,#2418,#2446,.T.);
#2446 = SURFACE_CURVE('',#2447,(#2451,#2458),.PCURVE_S1.);
#2447 = LINE('',#2448,#2449);
#2448 = CARTESIAN_POINT('',(-100.,-612.,1.5253E+03));
#2449 = VECTOR('',#2450,1.);
#2450 = DIRECTION('',(-0.,1.,0.));
#2451 = PCURVE('',#2365,#2452);
#2452 = DEFINITIONAL_REPRESENTATION('',(#2453),#2457);
#2453 = LINE('',#2454,#2455);
#2454 = CARTESIAN_POINT('',(312.6,0.));
#2455 = VECTOR('',#2456,1.);
#2456 = DIRECTION('',(0.,-1.));
#2457 = ( GEOMETRIC_REPRESENTATION_CONTEXT(2) 
PARAMETRIC_REPRESENTATION_CONTEXT() REPRESENTATION_CONTEXT('2D SPACE',''
  ) );
#2458 = PCURVE('',#2459,#2464);
#2459 = PLANE('',#2460);
#2460 = AXIS2_PLACEMENT_3D('',#2461,#2462,#2463);
#2461 = CARTESIAN_POINT('',(-100.,-612.,1.5253E+03));
#2462 = DIRECTION('',(0.,0.,1.));
#2463 = DIRECTION('',(1.,0.,-0.));
#2464 = DEFINITIONAL_REPRESENTATION('',(#2465),#2469);
#2465 = LINE('',#2466,#2467);
#2466 = CARTESIAN_POINT('',(0.,0.));
#2467 = VECTOR('',#2468,1.);
#2468 = DIRECTION('',(0.,1.));
#2469 = ( GEOMETRIC_REPRESENTATION_CONTEXT(2) 
PARAMETRIC_REPRESENTATION_CONTEXT() REPRESENTATION_CONTEXT('2D SPACE',''
  ) );
#2470 = ADVANCED_FACE('',(#2471),#2377,.F.);
#2471 = FACE_BOUND('',#2472,.F.);
#2472 = EDGE_LOOP('',(#2473,#2498,#2526,#2549,#2577,#2605,#2633,#2656,
    #2684,#2712,#2740,#2761,#2762,#2785,#2813,#2841));
#2473 = ORIENTED_EDGE('',*,*,#2474,.T.);
#2474 = EDGE_CURVE('',#2475,#2477,#2479,.T.);
#2475 = VERTEX_POINT('',#2476);
#2476 = CARTESIAN_POINT('',(20.,-612.,1.5253E+03));
#2477 = VERTEX_POINT('',#2478);
#2478 = CARTESIAN_POINT('',(100.,-612.,1.5253E+03));
#2479 = SURFACE_CURVE('',#2480,(#2484,#2491),.PCURVE_S1.);
#2480 = LINE('',#2481,#2482);
#2481 = CARTESIAN_POINT('',(-100.,-612.,1.5253E+03));
#2482 = VECTOR('',#2483,1.);
#2483 = DIRECTION('',(1.,0.,-0.));
#2484 = PCURVE('',#2377,#2485);
#2485 = DEFINITIONAL_REPRESENTATION('',(#2486),#2490);
#2486 = LINE('',#2487,#2488);
#2487 = CARTESIAN_POINT('',(312.6,0.));
#2488 = VECTOR('',#2489,1.);
#2489 = DIRECTION('',(0.,1.));
#2490 = ( GEOMETRIC_REPRESENTATION_CONTEXT(2) 
PARAMETRIC_REPRESENTATION_CONTEXT() REPRESENTATION_CONTEXT('2D SPACE',''
  ) );
#2491 = PCURVE('',#2459,#2492);
#2492 = DEFINITIONAL_REPRESENTATION('',(#2493),#2497);
#2493 = LINE('',#2494,#2495);
#2494 = CARTESIAN_POINT('',(0.,0.));
#2495 = VECTOR('',#2496,1.);
#2496 = DIRECTION('',(1.,0.));
#2497 = ( GEOMETRIC_REPRESENTATION_CONTEXT(2) 
PARAMETRIC_REPRESENTATION_CONTEXT() REPRESENTATION_CONTEXT('2D SPACE',''
  ) );
#2498 = ORIENTED_EDGE('',*,*,#2499,.F.);
#2499 = EDGE_CURVE('',#2500,#2477,#2502,.T.);
#2500 = VERTEX_POINT('',#2501);
#2501 = CARTESIAN_POINT('',(100.,-612.,1.2127E+03));
#2502 = SURFACE_CURVE('',#2503,(#2507,#2514),.PCURVE_S1.);
#2503 = LINE('',#2504,#2505);
#2504 = CARTESIAN_POINT('',(100.,-612.,1.2127E+03));
#2505 = VECTOR('',#2506,1.);
#2506 = DIRECTION('',(0.,0.,1.));
#2507 = PCURVE('',#2377,#2508);
#2508 = DEFINITIONAL_REPRESENTATION('',(#2509),#2513);
#2509 = LINE('',#2510,#2511);
#2510 = CARTESIAN_POINT('',(0.,200.));
#2511 = VECTOR('',#2512,1.);
#2512 = DIRECTION('',(1.,0.));
#2513 = ( GEOMETRIC_REPRESENTATION_CONTEXT(2) 
PARAMETRIC_REPRESENTATION_CONTEXT() REPRESENTATION_CONTEXT('2D SPACE',''
  ) );
#2514 = PCURVE('',#2515,#2520);
#2515 = PLANE('',#2516);
#2516 = AXIS2_PLACEMENT_3D('',#2517,#2518,#2519);
#2517 = CARTESIAN_POINT('',(100.,-612.,1.2127E+03));
#2518 = DIRECTION('',(1.,0.,-0.));
#2519 = DIRECTION('',(0.,0.,1.));
#2520 = DEFINITIONAL_REPRESENTATION('',(#2521),#2525);
#2521 = LINE('',#2522,#2523);
#2522 = CARTESIAN_POINT('',(0.,0.));
#2523 = VECTOR('',#2524,1.);
#2524 = DIRECTION('',(1.,0.));
#2525 = ( GEOMETRIC_REPRESENTATION_CONTEXT(2) 
PARAMETRIC_REPRESENTATION_CONTEXT() REPRESENTATION_CONTEXT('2D SPACE',''
  ) );
#2526 = ORIENTED_EDGE('',*,*,#2527,.F.);
#2527 = EDGE_CURVE('',#2528,#2500,#2530,.T.);
#2528 = VERTEX_POINT('',#2529);
#2529 = CARTESIAN_POINT('',(90.,-612.,1.2127E+03));
#2530 = SURFACE_CURVE('',#2531,(#2535,#2542),.PCURVE_S1.);
#2531 = LINE('',#2532,#2533);
#2532 = CARTESIAN_POINT('',(-100.,-612.,1.2127E+03));
#2533 = VECTOR('',#2534,1.);
#2534 = DIRECTION('',(1.,0.,-0.));
#2535 = PCURVE('',#2377,#2536);
#2536 = DEFINITIONAL_REPRESENTATION('',(#2537),#2541);
#2537 = LINE('',#2538,#2539);
#2538 = CARTESIAN_POINT('',(0.,0.));
#2539 = VECTOR('',#2540,1.);
#2540 = DIRECTION('',(0.,1.));
#2541 = ( GEOMETRIC_REPRESENTATION_CONTEXT(2) 
PARAMETRIC_REPRESENTATION_CONTEXT() REPRESENTATION_CONTEXT('2D SPACE',''
  ) );
#2542 = PCURVE('',#2405,#2543);
#2543 = DEFINITIONAL_REPRESENTATION('',(#2544),#2548);
#2544 = LINE('',#2545,#2546);
#2545 = CARTESIAN_POINT('',(0.,0.));
#2546 = VECTOR('',#2547,1.);
#2547 = DIRECTION('',(1.,0.));
#2548 = ( GEOMETRIC_REPRESENTATION_CONTEXT(2) 
PARAMETRIC_REPRESENTATION_CONTEXT() REPRESENTATION_CONTEXT('2D SPACE',''
  ) );
#2549 = ORIENTED_EDGE('',*,*,#2550,.T.);
#2550 = EDGE_CURVE('',#2528,#2551,#2553,.T.);
#2551 = VERTEX_POINT('',#2552);
#2552 = CARTESIAN_POINT('',(90.,-612.,1.2367E+03));
#2553 = SURFACE_CURVE('',#2554,(#2558,#2565),.PCURVE_S1.);
#2554 = LINE('',#2555,#2556);
#2555 = CARTESIAN_POINT('',(90.,-612.,1.2127E+03));
#2556 = VECTOR('',#2557,1.);
#2557 = DIRECTION('',(0.,0.,1.));
#2558 = PCURVE('',#2377,#2559);
#2559 = DEFINITIONAL_REPRESENTATION('',(#2560),#2564);
#2560 = LINE('',#2561,#2562);
#2561 = CARTESIAN_POINT('',(0.,190.));
#2562 = VECTOR('',#2563,1.);
#2563 = DIRECTION('',(1.,0.));
#2564 = ( GEOMETRIC_REPRESENTATION_CONTEXT(2) 
PARAMETRIC_REPRESENTATION_CONTEXT() REPRESENTATION_CONTEXT('2D SPACE',''
  ) );
#2565 = PCURVE('',#2566,#2571);
#2566 = PLANE('',#2567);
#2567 = AXIS2_PLACEMENT_3D('',#2568,#2569,#2570);
#2568 = CARTESIAN_POINT('',(90.,-697.,1.2127E+03));
#2569 = DIRECTION('',(1.,0.,-0.));
#2570 = DIRECTION('',(0.,0.,1.));
#2571 = DEFINITIONAL_REPRESENTATION('',(#2572),#2576);
#2572 = LINE('',#2573,#2574);
#2573 = CARTESIAN_POINT('',(0.,-85.));
#2574 = VECTOR('',#2575,1.);
#2575 = DIRECTION('',(1.,0.));
#2576 = ( GEOMETRIC_REPRESENTATION_CONTEXT(2) 
PARAMETRIC_REPRESENTATION_CONTEXT() REPRESENTATION_CONTEXT('2D SPACE',''
  ) );
#2577 = ORIENTED_EDGE('',*,*,#2578,.F.);
#2578 = EDGE_CURVE('',#2579,#2551,#2581,.T.);
#2579 = VERTEX_POINT('',#2580);
#2580 = CARTESIAN_POINT('',(50.,-612.,1.2367E+03));
#2581 = SURFACE_CURVE('',#2582,(#2586,#2593),.PCURVE_S1.);
#2582 = LINE('',#2583,#2584);
#2583 = CARTESIAN_POINT('',(50.,-612.,1.2367E+03));
#2584 = VECTOR('',#2585,1.);
#2585 = DIRECTION('',(1.,0.,-0.));
#2586 = PCURVE('',#2377,#2587);
#2587 = DEFINITIONAL_REPRESENTATION('',(#2588),#2592);
#2588 = LINE('',#2589,#2590);
#2589 = CARTESIAN_POINT('',(24.,150.));
#2590 = VECTOR('',#2591,1.);
#2591 = DIRECTION('',(0.,1.));
#2592 = ( GEOMETRIC_REPRESENTATION_CONTEXT(2) 
PARAMETRIC_REPRESENTATION_CONTEXT() REPRESENTATION_CONTEXT('2D SPACE',''
  ) );
#2593 = PCURVE('',#2594,#2599);
#2594 = PLANE('',#2595);
#2595 = AXIS2_PLACEMENT_3D('',#2596,#2597,#2598);
#2596 = CARTESIAN_POINT('',(50.,-636.,1.2367E+03));
#2597 = DIRECTION('',(0.,0.,1.));
#2598 = DIRECTION('',(1.,0.,-0.));
#2599 = DEFINITIONAL_REPRESENTATION('',(#2600),#2604);
#2600 = LINE('',#2601,#2602);
#2601 = CARTESIAN_POINT('',(0.,24.));
#2602 = VECTOR('',#2603,1.);
#2603 = DIRECTION('',(1.,0.));
#2604 = ( GEOMETRIC_REPRESENTATION_CONTEXT(2) 
PARAMETRIC_REPRESENTATION_CONTEXT() REPRESENTATION_CONTEXT('2D SPACE',''
  ) );
#2605 = ORIENTED_EDGE('',*,*,#2606,.F.);
#2606 = EDGE_CURVE('',#2607,#2579,#2609,.T.);
#2607 = VERTEX_POINT('',#2608);
#2608 = CARTESIAN_POINT('',(50.,-612.,1.2127E+03));
#2609 = SURFACE_CURVE('',#2610,(#2614,#2621),.PCURVE_S1.);
#2610 = LINE('',#2611,#2612);
#2611 = CARTESIAN_POINT('',(50.,-612.,1.2127E+03));
#2612 = VECTOR('',#2613,1.);
#2613 = DIRECTION('',(0.,0.,1.));
#2614 = PCURVE('',#2377,#2615);
#2615 = DEFINITIONAL_REPRESENTATION('',(#2616),#2620);
#2616 = LINE('',#2617,#2618);
#2617 = CARTESIAN_POINT('',(0.,150.));
#2618 = VECTOR('',#2619,1.);
#2619 = DIRECTION('',(1.,0.));
#2620 = ( GEOMETRIC_REPRESENTATION_CONTEXT(2) 
PARAMETRIC_REPRESENTATION_CONTEXT() REPRESENTATION_CONTEXT('2D SPACE',''
  ) );
#2621 = PCURVE('',#2622,#2627);
#2622 = PLANE('',#2623);
#2623 = AXIS2_PLACEMENT_3D('',#2624,#2625,#2626);
#2624 = CARTESIAN_POINT('',(50.,-697.,1.2127E+03));
#2625 = DIRECTION('',(1.,0.,-0.));
#2626 = DIRECTION('',(0.,0.,1.));
#2627 = DEFINITIONAL_REPRESENTATION('',(#2628),#2632);
#2628 = LINE('',#2629,#2630);
#2629 = CARTESIAN_POINT('',(0.,-85.));
#2630 = VECTOR('',#2631,1.);
#2631 = DIRECTION('',(1.,0.));
#2632 = ( GEOMETRIC_REPRESENTATION_CONTEXT(2) 
PARAMETRIC_REPRESENTATION_CONTEXT() REPRESENTATION_CONTEXT('2D SPACE',''
  ) );
#2633 = ORIENTED_EDGE('',*,*,#2634,.F.);
#2634 = EDGE_CURVE('',#2635,#2607,#2637,.T.);
#2635 = VERTEX_POINT('',#2636);
#2636 = CARTESIAN_POINT('',(-50.,-612.,1.2127E+03));
#2637 = SURFACE_CURVE('',#2638,(#2642,#2649),.PCURVE_S1.);
#2638 = LINE('',#2639,#2640);
#2639 = CARTESIAN_POINT('',(-100.,-612.,1.2127E+03));
#2640 = VECTOR('',#2641,1.);
#2641 = DIRECTION('',(1.,0.,-0.));
#2642 = PCURVE('',#2377,#2643);
#2643 = DEFINITIONAL_REPRESENTATION('',(#2644),#2648);
#2644 = LINE('',#2645,#2646);
#2645 = CARTESIAN_POINT('',(0.,0.));
#2646 = VECTOR('',#2647,1.);
#2647 = DIRECTION('',(0.,1.));
#2648 = ( GEOMETRIC_REPRESENTATION_CONTEXT(2) 
PARAMETRIC_REPRESENTATION_CONTEXT() REPRESENTATION_CONTEXT('2D SPACE',''
  ) );
#2649 = PCURVE('',#2405,#2650);
#2650 = DEFINITIONAL_REPRESENTATION('',(#2651),#2655);
#2651 = LINE('',#2652,#2653);
#2652 = CARTESIAN_POINT('',(0.,0.));
#2653 = VECTOR('',#2654,1.);
#2654 = DIRECTION('',(1.,0.));
#2655 = ( GEOMETRIC_REPRESENTATION_CONTEXT(2) 
PARAMETRIC_REPRESENTATION_CONTEXT() REPRESENTATION_CONTEXT('2D SPACE',''
  ) );
#2656 = ORIENTED_EDGE('',*,*,#2657,.T.);
#2657 = EDGE_CURVE('',#2635,#2658,#2660,.T.);
#2658 = VERTEX_POINT('',#2659);
#2659 = CARTESIAN_POINT('',(-50.,-612.,1.2367E+03));
#2660 = SURFACE_CURVE('',#2661,(#2665,#2672),.PCURVE_S1.);
#2661 = LINE('',#2662,#2663);
#2662 = CARTESIAN_POINT('',(-50.,-612.,1.2127E+03));
#2663 = VECTOR('',#2664,1.);
#2664 = DIRECTION('',(0.,0.,1.));
#2665 = PCURVE('',#2377,#2666);
#2666 = DEFINITIONAL_REPRESENTATION('',(#2667),#2671);
#2667 = LINE('',#2668,#2669);
#2668 = CARTESIAN_POINT('',(0.,50.));
#2669 = VECTOR('',#2670,1.);
#2670 = DIRECTION('',(1.,0.));
#2671 = ( GEOMETRIC_REPRESENTATION_CONTEXT(2) 
PARAMETRIC_REPRESENTATION_CONTEXT() REPRESENTATION_CONTEXT('2D SPACE',''
  ) );
#2672 = PCURVE('',#2673,#2678);
#2673 = PLANE('',#2674);
#2674 = AXIS2_PLACEMENT_3D('',#2675,#2676,#2677);
#2675 = CARTESIAN_POINT('',(-50.,-697.,1.2127E+03));
#2676 = DIRECTION('',(1.,0.,-0.));
#2677 = DIRECTION('',(0.,0.,1.));
#2678 = DEFINITIONAL_REPRESENTATION('',(#2679),#2683);
#2679 = LINE('',#2680,#2681);
#2680 = CARTESIAN_POINT('',(0.,-85.));
#2681 = VECTOR('',#2682,1.);
#2682 = DIRECTION('',(1.,0.));
#2683 = ( GEOMETRIC_REPRESENTATION_CONTEXT(2) 
PARAMETRIC_REPRESENTATION_CONTEXT() REPRESENTATION_CONTEXT('2D SPACE',''
  ) );
#2684 = ORIENTED_EDGE('',*,*,#2685,.F.);
#2685 = EDGE_CURVE('',#2686,#2658,#2688,.T.);
#2686 = VERTEX_POINT('',#2687);
#2687 = CARTESIAN_POINT('',(-90.,-612.,1.2367E+03));
#2688 = SURFACE_CURVE('',#2689,(#2693,#2700),.PCURVE_S1.);
#2689 = LINE('',#2690,#2691);
#2690 = CARTESIAN_POINT('',(-90.,-612.,1.2367E+03));
#2691 = VECTOR('',#2692,1.);
#2692 = DIRECTION('',(1.,0.,-0.));
#2693 = PCURVE('',#2377,#2694);
#2694 = DEFINITIONAL_REPRESENTATION('',(#2695),#2699);
#2695 = LINE('',#2696,#2697);
#2696 = CARTESIAN_POINT('',(24.,10.));
#2697 = VECTOR('',#2698,1.);
#2698 = DIRECTION('',(0.,1.));
#2699 = ( GEOMETRIC_REPRESENTATION_CONTEXT(2) 
PARAMETRIC_REPRESENTATION_CONTEXT() REPRESENTATION_CONTEXT('2D SPACE',''
  ) );
#2700 = PCURVE('',#2701,#2706);
#2701 = PLANE('',#2702);
#2702 = AXIS2_PLACEMENT_3D('',#2703,#2704,#2705);
#2703 = CARTESIAN_POINT('',(-90.,-636.,1.2367E+03));
#2704 = DIRECTION('',(0.,0.,1.));
#2705 = DIRECTION('',(1.,0.,-0.));
#2706 = DEFINITIONAL_REPRESENTATION('',(#2707),#2711);
#2707 = LINE('',#2708,#2709);
#2708 = CARTESIAN_POINT('',(0.,24.));
#2709 = VECTOR('',#2710,1.);
#2710 = DIRECTION('',(1.,0.));
#2711 = ( GEOMETRIC_REPRESENTATION_CONTEXT(2) 
PARAMETRIC_REPRESENTATION_CONTEXT() REPRESENTATION_CONTEXT('2D SPACE',''
  ) );
#2712 = ORIENTED_EDGE('',*,*,#2713,.F.);
#2713 = EDGE_CURVE('',#2714,#2686,#2716,.T.);
#2714 = VERTEX_POINT('',#2715);
#2715 = CARTESIAN_POINT('',(-90.,-612.,1.2127E+03));
#2716 = SURFACE_CURVE('',#2717,(#2721,#2728),.PCURVE_S1.);
#2717 = LINE('',#2718,#2719);
#2718 = CARTESIAN_POINT('',(-90.,-612.,1.2127E+03));
#2719 = VECTOR('',#2720,1.);
#2720 = DIRECTION('',(0.,0.,1.));
#2721 = PCURVE('',#2377,#2722);
#2722 = DEFINITIONAL_REPRESENTATION('',(#2723),#2727);
#2723 = LINE('',#2724,#2725);
#2724 = CARTESIAN_POINT('',(0.,10.));
#2725 = VECTOR('',#2726,1.);
#2726 = DIRECTION('',(1.,0.));
#2727 = ( GEOMETRIC_REPRESENTATION_CONTEXT(2) 
PARAMETRIC_REPRESENTATION_CONTEXT() REPRESENTATION_CONTEXT('2D SPACE',''
  ) );
#2728 = PCURVE('',#2729,#2734);
#2729 = PLANE('',#2730);
#2730 = AXIS2_PLACEMENT_3D('',#2731,#2732,#2733);
#2731 = CARTESIAN_POINT('',(-90.,-697.,1.2127E+03));
#2732 = DIRECTION('',(1.,0.,-0.));
#2733 = DIRECTION('',(0.,0.,1.));
#2734 = DEFINITIONAL_REPRESENTATION('',(#2735),#2739);
#2735 = LINE('',#2736,#2737);
#2736 = CARTESIAN_POINT('',(0.,-85.));
#2737 = VECTOR('',#2738,1.);
#2738 = DIRECTION('',(1.,0.));
#2739 = ( GEOMETRIC_REPRESENTATION_CONTEXT(2) 
PARAMETRIC_REPRESENTATION_CONTEXT() REPRESENTATION_CONTEXT('2D SPACE',''
  ) );
#2740 = ORIENTED_EDGE('',*,*,#2741,.F.);
#2741 = EDGE_CURVE('',#2355,#2714,#2742,.T.);
#2742 = SURFACE_CURVE('',#2743,(#2747,#2754),.PCURVE_S1.);
#2743 = LINE('',#2744,#2745);
#2744 = CARTESIAN_POINT('',(-100.,-612.,1.2127E+03));
#2745 = VECTOR('',#2746,1.);
#2746 = DIRECTION('',(1.,0.,-0.));
#2747 = PCURVE('',#2377,#2748);
#2748 = DEFINITIONAL_REPRESENTATION('',(#2749),#2753);
#2749 = LINE('',#2750,#2751);
#2750 = CARTESIAN_POINT('',(0.,0.));
#2751 = VECTOR('',#2752,1.);
#2752 = DIRECTION('',(0.,1.));
#2753 = ( GEOMETRIC_REPRESENTATION_CONTEXT(2) 
PARAMETRIC_REPRESENTATION_CONTEXT() REPRESENTATION_CONTEXT('2D SPACE',''
  ) );
#2754 = PCURVE('',#2405,#2755);
#2755 = DEFINITIONAL_REPRESENTATION('',(#2756),#2760);
#2756 = LINE('',#2757,#2758);
#2757 = CARTESIAN_POINT('',(0.,0.));
#2758 = VECTOR('',#2759,1.);
#2759 = DIRECTION('',(1.,0.));
#2760 = ( GEOMETRIC_REPRESENTATION_CONTEXT(2) 
PARAMETRIC_REPRESENTATION_CONTEXT() REPRESENTATION_CONTEXT('2D SPACE',''
  ) );
#2761 = ORIENTED_EDGE('',*,*,#2354,.T.);
#2762 = ORIENTED_EDGE('',*,*,#2763,.T.);
#2763 = EDGE_CURVE('',#2357,#2764,#2766,.T.);
#2764 = VERTEX_POINT('',#2765);
#2765 = CARTESIAN_POINT('',(-20.,-612.,1.5253E+03));
#2766 = SURFACE_CURVE('',#2767,(#2771,#2778),.PCURVE_S1.);
#2767 = LINE('',#2768,#2769);
#2768 = CARTESIAN_POINT('',(-100.,-612.,1.5253E+03));
#2769 = VECTOR('',#2770,1.);
#2770 = DIRECTION('',(1.,0.,-0.));
#2771 = PCURVE('',#2377,#2772);
#2772 = DEFINITIONAL_REPRESENTATION('',(#2773),#2777);
#2773 = LINE('',#2774,#2775);
#2774 = CARTESIAN_POINT('',(312.6,0.));
#2775 = VECTOR('',#2776,1.);
#2776 = DIRECTION('',(0.,1.));
#2777 = ( GEOMETRIC_REPRESENTATION_CONTEXT(2) 
PARAMETRIC_REPRESENTATION_CONTEXT() REPRESENTATION_CONTEXT('2D SPACE',''
  ) );
#2778 = PCURVE('',#2459,#2779);
#2779 = DEFINITIONAL_REPRESENTATION('',(#2780),#2784);
#2780 = LINE('',#2781,#2782);
#2781 = CARTESIAN_POINT('',(0.,0.));
#2782 = VECTOR('',#2783,1.);
#2783 = DIRECTION('',(1.,0.));
#2784 = ( GEOMETRIC_REPRESENTATION_CONTEXT(2) 
PARAMETRIC_REPRESENTATION_CONTEXT() REPRESENTATION_CONTEXT('2D SPACE',''
  ) );
#2785 = ORIENTED_EDGE('',*,*,#2786,.F.);
#2786 = EDGE_CURVE('',#2787,#2764,#2789,.T.);
#2787 = VERTEX_POINT('',#2788);
#2788 = CARTESIAN_POINT('',(-20.,-612.,1.5153E+03));
#2789 = SURFACE_CURVE('',#2790,(#2794,#2801),.PCURVE_S1.);
#2790 = LINE('',#2791,#2792);
#2791 = CARTESIAN_POINT('',(-20.,-612.,1.5153E+03));
#2792 = VECTOR('',#2793,1.);
#2793 = DIRECTION('',(0.,0.,1.));
#2794 = PCURVE('',#2377,#2795);
#2795 = DEFINITIONAL_REPRESENTATION('',(#2796),#2800);
#2796 = LINE('',#2797,#2798);
#2797 = CARTESIAN_POINT('',(302.6,80.));
#2798 = VECTOR('',#2799,1.);
#2799 = DIRECTION('',(1.,0.));
#2800 = ( GEOMETRIC_REPRESENTATION_CONTEXT(2) 
PARAMETRIC_REPRESENTATION_CONTEXT() REPRESENTATION_CONTEXT('2D SPACE',''
  ) );
#2801 = PCURVE('',#2802,#2807);
#2802 = PLANE('',#2803);
#2803 = AXIS2_PLACEMENT_3D('',#2804,#2805,#2806);
#2804 = CARTESIAN_POINT('',(-20.,-642.,1.5153E+03));
#2805 = DIRECTION('',(1.,0.,-0.));
#2806 = DIRECTION('',(0.,0.,1.));
#2807 = DEFINITIONAL_REPRESENTATION('',(#2808),#2812);
#2808 = LINE('',#2809,#2810);
#2809 = CARTESIAN_POINT('',(0.,-30.));
#2810 = VECTOR('',#2811,1.);
#2811 = DIRECTION('',(1.,0.));
#2812 = ( GEOMETRIC_REPRESENTATION_CONTEXT(2) 
PARAMETRIC_REPRESENTATION_CONTEXT() REPRESENTATION_CONTEXT('2D SPACE',''
  ) );
#2813 = ORIENTED_EDGE('',*,*,#2814,.T.);
#2814 = EDGE_CURVE('',#2787,#2815,#2817,.T.);
#2815 = VERTEX_POINT('',#2816);
#2816 = CARTESIAN_POINT('',(20.,-612.,1.5153E+03));
#2817 = SURFACE_CURVE('',#2818,(#2822,#2829),.PCURVE_S1.);
#2818 = LINE('',#2819,#2820);
#2819 = CARTESIAN_POINT('',(-20.,-612.,1.5153E+03));
#2820 = VECTOR('',#2821,1.);
#2821 = DIRECTION('',(1.,0.,-0.));
#2822 = PCURVE('',#2377,#2823);
#2823 = DEFINITIONAL_REPRESENTATION('',(#2824),#2828);
#2824 = LINE('',#2825,#2826);
#2825 = CARTESIAN_POINT('',(302.6,80.));
#2826 = VECTOR('',#2827,1.);
#2827 = DIRECTION('',(0.,1.));
#2828 = ( GEOMETRIC_REPRESENTATION_CONTEXT(2) 
PARAMETRIC_REPRESENTATION_CONTEXT() REPRESENTATION_CONTEXT('2D SPACE',''
  ) );
#2829 = PCURVE('',#2830,#2835);
#2830 = PLANE('',#2831);
#2831 = AXIS2_PLACEMENT_3D('',#2832,#2833,#2834);
#2832 = CARTESIAN_POINT('',(-20.,-642.,1.5153E+03));
#2833 = DIRECTION('',(0.,0.,1.));
#2834 = DIRECTION('',(1.,0.,-0.));
#2835 = DEFINITIONAL_REPRESENTATION('',(#2836),#2840);
#2836 = LINE('',#2837,#2838);
#2837 = CARTESIAN_POINT('',(0.,30.));
#2838 = VECTOR('',#2839,1.);
#2839 = DIRECTION('',(1.,0.));
#2840 = ( GEOMETRIC_REPRESENTATION_CONTEXT(2) 
PARAMETRIC_REPRESENTATION_CONTEXT() REPRESENTATION_CONTEXT('2D SPACE',''
  ) );
#2841 = ORIENTED_EDGE('',*,*,#2842,.T.);
#2842 = EDGE_CURVE('',#2815,#2475,#2843,.T.);
#2843 = SURFACE_CURVE('',#2844,(#2848,#2855),.PCURVE_S1.);
#2844 = LINE('',#2845,#2846);
#2845 = CARTESIAN_POINT('',(20.,-612.,1.5153E+03));
#2846 = VECTOR('',#2847,1.);
#2847 = DIRECTION('',(0.,0.,1.));
#2848 = PCURVE('',#2377,#2849);
#2849 = DEFINITIONAL_REPRESENTATION('',(#2850),#2854);
#2850 = LINE('',#2851,#2852);
#2851 = CARTESIAN_POINT('',(302.6,120.));
#2852 = VECTOR('',#2853,1.);
#2853 = DIRECTION('',(1.,0.));
#2854 = ( GEOMETRIC_REPRESENTATION_CONTEXT(2) 
PARAMETRIC_REPRESENTATION_CONTEXT() REPRESENTATION_CONTEXT('2D SPACE',''
  ) );
#2855 = PCURVE('',#2856,#2861);
#2856 = PLANE('',#2857);
#2857 = AXIS2_PLACEMENT_3D('',#2858,#2859,#2860);
#2858 = CARTESIAN_POINT('',(20.,-642.,1.5153E+03));
#2859 = DIRECTION('',(1.,0.,-0.));
#2860 = DIRECTION('',(0.,0.,1.));
#2861 = DEFINITIONAL_REPRESENTATION('',(#2862),#2866);
#2862 = LINE('',#2863,#2864);
#2863 = CARTESIAN_POINT('',(0.,-30.));
#2864 = VECTOR('',#2865,1.);
#2865 = DIRECTION('',(1.,0.));
#2866 = ( GEOMETRIC_REPRESENTATION_CONTEXT(2) 
PARAMETRIC_REPRESENTATION_CONTEXT() REPRESENTATION_CONTEXT('2D SPACE',''
  ) );
#2867 = ADVANCED_FACE('',(#2868,#2989),#2459,.T.);
#2868 = FACE_BOUND('',#2869,.T.);
#2869 = EDGE_LOOP('',(#2870,#2871,#2872,#2895,#2923,#2944,#2945,#2968));
#2870 = ORIENTED_EDGE('',*,*,#2445,.F.);
#2871 = ORIENTED_EDGE('',*,*,#2763,.T.);
#2872 = ORIENTED_EDGE('',*,*,#2873,.F.);
#2873 = EDGE_CURVE('',#2874,#2764,#2876,.T.);
#2874 = VERTEX_POINT('',#2875);
#2875 = CARTESIAN_POINT('',(-20.,-642.,1.5253E+03));
#2876 = SURFACE_CURVE('',#2877,(#2881,#2888),.PCURVE_S1.);
#2877 = LINE('',#2878,#2879);
#2878 = CARTESIAN_POINT('',(-20.,-642.,1.5253E+03));
#2879 = VECTOR('',#2880,1.);
#2880 = DIRECTION('',(-0.,1.,0.));
#2881 = PCURVE('',#2459,#2882);
#2882 = DEFINITIONAL_REPRESENTATION('',(#2883),#2887);
#2883 = LINE('',#2884,#2885);
#2884 = CARTESIAN_POINT('',(80.,-30.));
#2885 = VECTOR('',#2886,1.);
#2886 = DIRECTION('',(0.,1.));
#2887 = ( GEOMETRIC_REPRESENTATION_CONTEXT(2) 
PARAMETRIC_REPRESENTATION_CONTEXT() REPRESENTATION_CONTEXT('2D SPACE',''
  ) );
#2888 = PCURVE('',#2802,#2889);
#2889 = DEFINITIONAL_REPRESENTATION('',(#2890),#2894);
#2890 = LINE('',#2891,#2892);
#2891 = CARTESIAN_POINT('',(10.,0.));
#2892 = VECTOR('',#2893,1.);
#2893 = DIRECTION('',(0.,-1.));
#2894 = ( GEOMETRIC_REPRESENTATION_CONTEXT(2) 
PARAMETRIC_REPRESENTATION_CONTEXT() REPRESENTATION_CONTEXT('2D SPACE',''
  ) );
#2895 = ORIENTED_EDGE('',*,*,#2896,.T.);
#2896 = EDGE_CURVE('',#2874,#2897,#2899,.T.);
#2897 = VERTEX_POINT('',#2898);
#2898 = CARTESIAN_POINT('',(20.,-642.,1.5253E+03));
#2899 = SURFACE_CURVE('',#2900,(#2904,#2911),.PCURVE_S1.);
#2900 = LINE('',#2901,#2902);
#2901 = CARTESIAN_POINT('',(-20.,-642.,1.5253E+03));
#2902 = VECTOR('',#2903,1.);
#2903 = DIRECTION('',(1.,0.,-0.));
#2904 = PCURVE('',#2459,#2905);
#2905 = DEFINITIONAL_REPRESENTATION('',(#2906),#2910);
#2906 = LINE('',#2907,#2908);
#2907 = CARTESIAN_POINT('',(80.,-30.));
#2908 = VECTOR('',#2909,1.);
#2909 = DIRECTION('',(1.,0.));
#2910 = ( GEOMETRIC_REPRESENTATION_CONTEXT(2) 
PARAMETRIC_REPRESENTATION_CONTEXT() REPRESENTATION_CONTEXT('2D SPACE',''
  ) );
#2911 = PCURVE('',#2912,#2917);
#2912 = PLANE('',#2913);
#2913 = AXIS2_PLACEMENT_3D('',#2914,#2915,#2916);
#2914 = CARTESIAN_POINT('',(-20.,-642.,1.5153E+03));
#2915 = DIRECTION('',(-0.,1.,0.));
#2916 = DIRECTION('',(0.,0.,1.));
#2917 = DEFINITIONAL_REPRESENTATION('',(#2918),#2922);
#2918 = LINE('',#2919,#2920);
#2919 = CARTESIAN_POINT('',(10.,0.));
#2920 = VECTOR('',#2921,1.);
#2921 = DIRECTION('',(0.,1.));
#2922 = ( GEOMETRIC_REPRESENTATION_CONTEXT(2) 
PARAMETRIC_REPRESENTATION_CONTEXT() REPRESENTATION_CONTEXT('2D SPACE',''
  ) );
#2923 = ORIENTED_EDGE('',*,*,#2924,.T.);
#2924 = EDGE_CURVE('',#2897,#2475,#2925,.T.);
#2925 = SURFACE_CURVE('',#2926,(#2930,#2937),.PCURVE_S1.);
#2926 = LINE('',#2927,#2928);
#2927 = CARTESIAN_POINT('',(20.,-642.,1.5253E+03));
#2928 = VECTOR('',#2929,1.);
#2929 = DIRECTION('',(-0.,1.,0.));
#2930 = PCURVE('',#2459,#2931);
#2931 = DEFINITIONAL_REPRESENTATION('',(#2932),#2936);
#2932 = LINE('',#2933,#2934);
#2933 = CARTESIAN_POINT('',(120.,-30.));
#2934 = VECTOR('',#2935,1.);
#2935 = DIRECTION('',(0.,1.));
#2936 = ( GEOMETRIC_REPRESENTATION_CONTEXT(2) 
PARAMETRIC_REPRESENTATION_CONTEXT() REPRESENTATION_CONTEXT('2D SPACE',''
  ) );
#2937 = PCURVE('',#2856,#2938);
#2938 = DEFINITIONAL_REPRESENTATION('',(#2939),#2943);
#2939 = LINE('',#2940,#2941);
#2940 = CARTESIAN_POINT('',(10.,0.));
#2941 = VECTOR('',#2942,1.);
#2942 = DIRECTION('',(0.,-1.));
#2943 = ( GEOMETRIC_REPRESENTATION_CONTEXT(2) 
PARAMETRIC_REPRESENTATION_CONTEXT() REPRESENTATION_CONTEXT('2D SPACE',''
  ) );
#2944 = ORIENTED_EDGE('',*,*,#2474,.T.);
#2945 = ORIENTED_EDGE('',*,*,#2946,.T.);
#2946 = EDGE_CURVE('',#2477,#2947,#2949,.T.);
#2947 = VERTEX_POINT('',#2948);
#2948 = CARTESIAN_POINT('',(100.,-604.,1.5253E+03));
#2949 = SURFACE_CURVE('',#2950,(#2954,#2961),.PCURVE_S1.);
#2950 = LINE('',#2951,#2952);
#2951 = CARTESIAN_POINT('',(100.,-612.,1.5253E+03));
#2952 = VECTOR('',#2953,1.);
#2953 = DIRECTION('',(-0.,1.,0.));
#2954 = PCURVE('',#2459,#2955);
#2955 = DEFINITIONAL_REPRESENTATION('',(#2956),#2960);
#2956 = LINE('',#2957,#2958);
#2957 = CARTESIAN_POINT('',(200.,0.));
#2958 = VECTOR('',#2959,1.);
#2959 = DIRECTION('',(0.,1.));
#2960 = ( GEOMETRIC_REPRESENTATION_CONTEXT(2) 
PARAMETRIC_REPRESENTATION_CONTEXT() REPRESENTATION_CONTEXT('2D SPACE',''
  ) );
#2961 = PCURVE('',#2515,#2962);
#2962 = DEFINITIONAL_REPRESENTATION('',(#2963),#2967);
#2963 = LINE('',#2964,#2965);
#2964 = CARTESIAN_POINT('',(312.6,0.));
#2965 = VECTOR('',#2966,1.);
#2966 = DIRECTION('',(0.,-1.));
#2967 = ( GEOMETRIC_REPRESENTATION_CONTEXT(2) 
PARAMETRIC_REPRESENTATION_CONTEXT() REPRESENTATION_CONTEXT('2D SPACE',''
  ) );
#2968 = ORIENTED_EDGE('',*,*,#2969,.F.);
#2969 = EDGE_CURVE('',#2418,#2947,#2970,.T.);
#2970 = SURFACE_CURVE('',#2971,(#2975,#2982),.PCURVE_S1.);
#2971 = LINE('',#2972,#2973);
#2972 = CARTESIAN_POINT('',(-100.,-604.,1.5253E+03));
#2973 = VECTOR('',#2974,1.);
#2974 = DIRECTION('',(1.,0.,-0.));
#2975 = PCURVE('',#2459,#2976);
#2976 = DEFINITIONAL_REPRESENTATION('',(#2977),#2981);
#2977 = LINE('',#2978,#2979);
#2978 = CARTESIAN_POINT('',(0.,8.));
#2979 = VECTOR('',#2980,1.);
#2980 = DIRECTION('',(1.,0.));
#2981 = ( GEOMETRIC_REPRESENTATION_CONTEXT(2) 
PARAMETRIC_REPRESENTATION_CONTEXT() REPRESENTATION_CONTEXT('2D SPACE',''
  ) );
#2982 = PCURVE('',#2433,#2983);
#2983 = DEFINITIONAL_REPRESENTATION('',(#2984),#2988);
#2984 = LINE('',#2985,#2986);
#2985 = CARTESIAN_POINT('',(312.6,0.));
#2986 = VECTOR('',#2987,1.);
#2987 = DIRECTION('',(0.,1.));
#2988 = ( GEOMETRIC_REPRESENTATION_CONTEXT(2) 
PARAMETRIC_REPRESENTATION_CONTEXT() REPRESENTATION_CONTEXT('2D SPACE',''
  ) );
#2989 = FACE_BOUND('',#2990,.T.);
#2990 = EDGE_LOOP('',(#2991));
#2991 = ORIENTED_EDGE('',*,*,#2992,.F.);
#2992 = EDGE_CURVE('',#2993,#2993,#2995,.T.);
#2993 = VERTEX_POINT('',#2994);
#2994 = CARTESIAN_POINT('',(6.,-627.,1.5253E+03));
#2995 = SURFACE_CURVE('',#2996,(#3001,#3008),.PCURVE_S1.);
#2996 = CIRCLE('',#2997,6.);
#2997 = AXIS2_PLACEMENT_3D('',#2998,#2999,#3000);
#2998 = CARTESIAN_POINT('',(0.,-627.,1.5253E+03));
#2999 = DIRECTION('',(0.,0.,1.));
#3000 = DIRECTION('',(1.,0.,-0.));
#3001 = PCURVE('',#2459,#3002);
#3002 = DEFINITIONAL_REPRESENTATION('',(#3003),#3007);
#3003 = CIRCLE('',#3004,6.);
#3004 = AXIS2_PLACEMENT_2D('',#3005,#3006);
#3005 = CARTESIAN_POINT('',(100.,-15.));
#3006 = DIRECTION('',(1.,0.));
#3007 = ( GEOMETRIC_REPRESENTATION_CONTEXT(2) 
PARAMETRIC_REPRESENTATION_CONTEXT() REPRESENTATION_CONTEXT('2D SPACE',''
  ) );
#3008 = PCURVE('',#3009,#3014);
#3009 = CYLINDRICAL_SURFACE('',#3010,6.);
#3010 = AXIS2_PLACEMENT_3D('',#3011,#3012,#3013);
#3011 = CARTESIAN_POINT('',(0.,-627.,1.5253E+03));
#3012 = DIRECTION('',(0.,0.,1.));
#3013 = DIRECTION('',(1.,0.,-0.));
#3014 = DEFINITIONAL_REPRESENTATION('',(#3015),#3019);
#3015 = LINE('',#3016,#3017);
#3016 = CARTESIAN_POINT('',(0.,0.));
#3017 = VECTOR('',#3018,1.);
#3018 = DIRECTION('',(1.,0.));
#3019 = ( GEOMETRIC_REPRESENTATION_CONTEXT(2) 
PARAMETRIC_REPRESENTATION_CONTEXT() REPRESENTATION_CONTEXT('2D SPACE',''
  ) );
#3020 = ADVANCED_FACE('',(#3021),#2433,.T.);
#3021 = FACE_BOUND('',#3022,.T.);
#3022 = EDGE_LOOP('',(#3023,#3046,#3047,#3048));
#3023 = ORIENTED_EDGE('',*,*,#3024,.F.);
#3024 = EDGE_CURVE('',#2390,#3025,#3027,.T.);
#3025 = VERTEX_POINT('',#3026);
#3026 = CARTESIAN_POINT('',(100.,-604.,1.2127E+03));
#3027 = SURFACE_CURVE('',#3028,(#3032,#3039),.PCURVE_S1.);
#3028 = LINE('',#3029,#3030);
#3029 = CARTESIAN_POINT('',(-100.,-604.,1.2127E+03));
#3030 = VECTOR('',#3031,1.);
#3031 = DIRECTION('',(1.,0.,-0.));
#3032 = PCURVE('',#2433,#3033);
#3033 = DEFINITIONAL_REPRESENTATION('',(#3034),#3038);
#3034 = LINE('',#3035,#3036);
#3035 = CARTESIAN_POINT('',(0.,0.));
#3036 = VECTOR('',#3037,1.);
#3037 = DIRECTION('',(0.,1.));
#3038 = ( GEOMETRIC_REPRESENTATION_CONTEXT(2) 
PARAMETRIC_REPRESENTATION_CONTEXT() REPRESENTATION_CONTEXT('2D SPACE',''
  ) );
#3039 = PCURVE('',#2405,#3040);
#3040 = DEFINITIONAL_REPRESENTATION('',(#3041),#3045);
#3041 = LINE('',#3042,#3043);
#3042 = CARTESIAN_POINT('',(0.,8.));
#3043 = VECTOR('',#3044,1.);
#3044 = DIRECTION('',(1.,0.));
#3045 = ( GEOMETRIC_REPRESENTATION_CONTEXT(2) 
PARAMETRIC_REPRESENTATION_CONTEXT() REPRESENTATION_CONTEXT('2D SPACE',''
  ) );
#3046 = ORIENTED_EDGE('',*,*,#2417,.T.);
#3047 = ORIENTED_EDGE('',*,*,#2969,.T.);
#3048 = ORIENTED_EDGE('',*,*,#3049,.F.);
#3049 = EDGE_CURVE('',#3025,#2947,#3050,.T.);
#3050 = SURFACE_CURVE('',#3051,(#3055,#3062),.PCURVE_S1.);
#3051 = LINE('',#3052,#3053);
#3052 = CARTESIAN_POINT('',(100.,-604.,1.2127E+03));
#3053 = VECTOR('',#3054,1.);
#3054 = DIRECTION('',(0.,0.,1.));
#3055 = PCURVE('',#2433,#3056);
#3056 = DEFINITIONAL_REPRESENTATION('',(#3057),#3061);
#3057 = LINE('',#3058,#3059);
#3058 = CARTESIAN_POINT('',(0.,200.));
#3059 = VECTOR('',#3060,1.);
#3060 = DIRECTION('',(1.,0.));
#3061 = ( GEOMETRIC_REPRESENTATION_CONTEXT(2) 
PARAMETRIC_REPRESENTATION_CONTEXT() REPRESENTATION_CONTEXT('2D SPACE',''
  ) );
#3062 = PCURVE('',#2515,#3063);
#3063 = DEFINITIONAL_REPRESENTATION('',(#3064),#3068);
#3064 = LINE('',#3065,#3066);
#3065 = CARTESIAN_POINT('',(0.,-8.));
#3066 = VECTOR('',#3067,1.);
#3067 = DIRECTION('',(1.,0.));
#3068 = ( GEOMETRIC_REPRESENTATION_CONTEXT(2) 
PARAMETRIC_REPRESENTATION_CONTEXT() REPRESENTATION_CONTEXT('2D SPACE',''
  ) );
#3069 = ADVANCED_FACE('',(#3070,#3242,#3273),#2405,.F.);
#3070 = FACE_BOUND('',#3071,.F.);
#3071 = EDGE_LOOP('',(#3072,#3073,#3074,#3097,#3125,#3146,#3147,#3170,
    #3198,#3219,#3220,#3241));
#3072 = ORIENTED_EDGE('',*,*,#2389,.F.);
#3073 = ORIENTED_EDGE('',*,*,#2741,.T.);
#3074 = ORIENTED_EDGE('',*,*,#3075,.F.);
#3075 = EDGE_CURVE('',#3076,#2714,#3078,.T.);
#3076 = VERTEX_POINT('',#3077);
#3077 = CARTESIAN_POINT('',(-90.,-697.,1.2127E+03));
#3078 = SURFACE_CURVE('',#3079,(#3083,#3090),.PCURVE_S1.);
#3079 = LINE('',#3080,#3081);
#3080 = CARTESIAN_POINT('',(-90.,-697.,1.2127E+03));
#3081 = VECTOR('',#3082,1.);
#3082 = DIRECTION('',(0.,1.,0.));
#3083 = PCURVE('',#2405,#3084);
#3084 = DEFINITIONAL_REPRESENTATION('',(#3085),#3089);
#3085 = LINE('',#3086,#3087);
#3086 = CARTESIAN_POINT('',(10.,-85.));
#3087 = VECTOR('',#3088,1.);
#3088 = DIRECTION('',(0.,1.));
#3089 = ( GEOMETRIC_REPRESENTATION_CONTEXT(2) 
PARAMETRIC_REPRESENTATION_CONTEXT() REPRESENTATION_CONTEXT('2D SPACE',''
  ) );
#3090 = PCURVE('',#2729,#3091);
#3091 = DEFINITIONAL_REPRESENTATION('',(#3092),#3096);
#3092 = LINE('',#3093,#3094);
#3093 = CARTESIAN_POINT('',(0.,0.));
#3094 = VECTOR('',#3095,1.);
#3095 = DIRECTION('',(0.,-1.));
#3096 = ( GEOMETRIC_REPRESENTATION_CONTEXT(2) 
PARAMETRIC_REPRESENTATION_CONTEXT() REPRESENTATION_CONTEXT('2D SPACE',''
  ) );
#3097 = ORIENTED_EDGE('',*,*,#3098,.T.);
#3098 = EDGE_CURVE('',#3076,#3099,#3101,.T.);
#3099 = VERTEX_POINT('',#3100);
#3100 = CARTESIAN_POINT('',(-50.,-697.,1.2127E+03));
#3101 = SURFACE_CURVE('',#3102,(#3106,#3113),.PCURVE_S1.);
#3102 = LINE('',#3103,#3104);
#3103 = CARTESIAN_POINT('',(-90.,-697.,1.2127E+03));
#3104 = VECTOR('',#3105,1.);
#3105 = DIRECTION('',(1.,0.,-0.));
#3106 = PCURVE('',#2405,#3107);
#3107 = DEFINITIONAL_REPRESENTATION('',(#3108),#3112);
#3108 = LINE('',#3109,#3110);
#3109 = CARTESIAN_POINT('',(10.,-85.));
#3110 = VECTOR('',#3111,1.);
#3111 = DIRECTION('',(1.,0.));
#3112 = ( GEOMETRIC_REPRESENTATION_CONTEXT(2) 
PARAMETRIC_REPRESENTATION_CONTEXT() REPRESENTATION_CONTEXT('2D SPACE',''
  ) );
#3113 = PCURVE('',#3114,#3119);
#3114 = PLANE('',#3115);
#3115 = AXIS2_PLACEMENT_3D('',#3116,#3117,#3118);
#3116 = CARTESIAN_POINT('',(-90.,-697.,1.2127E+03));
#3117 = DIRECTION('',(-0.,1.,0.));
#3118 = DIRECTION('',(0.,0.,1.));
#3119 = DEFINITIONAL_REPRESENTATION('',(#3120),#3124);
#3120 = LINE('',#3121,#3122);
#3121 = CARTESIAN_POINT('',(0.,0.));
#3122 = VECTOR('',#3123,1.);
#3123 = DIRECTION('',(0.,1.));
#3124 = ( GEOMETRIC_REPRESENTATION_CONTEXT(2) 
PARAMETRIC_REPRESENTATION_CONTEXT() REPRESENTATION_CONTEXT('2D SPACE',''
  ) );
#3125 = ORIENTED_EDGE('',*,*,#3126,.F.);
#3126 = EDGE_CURVE('',#2635,#3099,#3127,.T.);
#3127 = SURFACE_CURVE('',#3128,(#3132,#3139),.PCURVE_S1.);
#3128 = LINE('',#3129,#3130);
#3129 = CARTESIAN_POINT('',(-50.,-612.,1.2127E+03));
#3130 = VECTOR('',#3131,1.);
#3131 = DIRECTION('',(0.,-1.,0.));
#3132 = PCURVE('',#2405,#3133);
#3133 = DEFINITIONAL_REPRESENTATION('',(#3134),#3138);
#3134 = LINE('',#3135,#3136);
#3135 = CARTESIAN_POINT('',(50.,0.));
#3136 = VECTOR('',#3137,1.);
#3137 = DIRECTION('',(0.,-1.));
#3138 = ( GEOMETRIC_REPRESENTATION_CONTEXT(2) 
PARAMETRIC_REPRESENTATION_CONTEXT() REPRESENTATION_CONTEXT('2D SPACE',''
  ) );
#3139 = PCURVE('',#2673,#3140);
#3140 = DEFINITIONAL_REPRESENTATION('',(#3141),#3145);
#3141 = LINE('',#3142,#3143);
#3142 = CARTESIAN_POINT('',(0.,-85.));
#3143 = VECTOR('',#3144,1.);
#3144 = DIRECTION('',(0.,1.));
#3145 = ( GEOMETRIC_REPRESENTATION_CONTEXT(2) 
PARAMETRIC_REPRESENTATION_CONTEXT() REPRESENTATION_CONTEXT('2D SPACE',''
  ) );
#3146 = ORIENTED_EDGE('',*,*,#2634,.T.);
#3147 = ORIENTED_EDGE('',*,*,#3148,.F.);
#3148 = EDGE_CURVE('',#3149,#2607,#3151,.T.);
#3149 = VERTEX_POINT('',#3150);
#3150 = CARTESIAN_POINT('',(50.,-697.,1.2127E+03));
#3151 = SURFACE_CURVE('',#3152,(#3156,#3163),.PCURVE_S1.);
#3152 = LINE('',#3153,#3154);
#3153 = CARTESIAN_POINT('',(50.,-697.,1.2127E+03));
#3154 = VECTOR('',#3155,1.);
#3155 = DIRECTION('',(0.,1.,0.));
#3156 = PCURVE('',#2405,#3157);
#3157 = DEFINITIONAL_REPRESENTATION('',(#3158),#3162);
#3158 = LINE('',#3159,#3160);
#3159 = CARTESIAN_POINT('',(150.,-85.));
#3160 = VECTOR('',#3161,1.);
#3161 = DIRECTION('',(0.,1.));
#3162 = ( GEOMETRIC_REPRESENTATION_CONTEXT(2) 
PARAMETRIC_REPRESENTATION_CONTEXT() REPRESENTATION_CONTEXT('2D SPACE',''
  ) );
#3163 = PCURVE('',#2622,#3164);
#3164 = DEFINITIONAL_REPRESENTATION('',(#3165),#3169);
#3165 = LINE('',#3166,#3167);
#3166 = CARTESIAN_POINT('',(0.,0.));
#3167 = VECTOR('',#3168,1.);
#3168 = DIRECTION('',(0.,-1.));
#3169 = ( GEOMETRIC_REPRESENTATION_CONTEXT(2) 
PARAMETRIC_REPRESENTATION_CONTEXT() REPRESENTATION_CONTEXT('2D SPACE',''
  ) );
#3170 = ORIENTED_EDGE('',*,*,#3171,.T.);
#3171 = EDGE_CURVE('',#3149,#3172,#3174,.T.);
#3172 = VERTEX_POINT('',#3173);
#3173 = CARTESIAN_POINT('',(90.,-697.,1.2127E+03));
#3174 = SURFACE_CURVE('',#3175,(#3179,#3186),.PCURVE_S1.);
#3175 = LINE('',#3176,#3177);
#3176 = CARTESIAN_POINT('',(50.,-697.,1.2127E+03));
#3177 = VECTOR('',#3178,1.);
#3178 = DIRECTION('',(1.,0.,-0.));
#3179 = PCURVE('',#2405,#3180);
#3180 = DEFINITIONAL_REPRESENTATION('',(#3181),#3185);
#3181 = LINE('',#3182,#3183);
#3182 = CARTESIAN_POINT('',(150.,-85.));
#3183 = VECTOR('',#3184,1.);
#3184 = DIRECTION('',(1.,0.));
#3185 = ( GEOMETRIC_REPRESENTATION_CONTEXT(2) 
PARAMETRIC_REPRESENTATION_CONTEXT() REPRESENTATION_CONTEXT('2D SPACE',''
  ) );
#3186 = PCURVE('',#3187,#3192);
#3187 = PLANE('',#3188);
#3188 = AXIS2_PLACEMENT_3D('',#3189,#3190,#3191);
#3189 = CARTESIAN_POINT('',(50.,-697.,1.2127E+03));
#3190 = DIRECTION('',(-0.,1.,0.));
#3191 = DIRECTION('',(0.,0.,1.));
#3192 = DEFINITIONAL_REPRESENTATION('',(#3193),#3197);
#3193 = LINE('',#3194,#3195);
#3194 = CARTESIAN_POINT('',(0.,0.));
#3195 = VECTOR('',#3196,1.);
#3196 = DIRECTION('',(0.,1.));
#3197 = ( GEOMETRIC_REPRESENTATION_CONTEXT(2) 
PARAMETRIC_REPRESENTATION_CONTEXT() REPRESENTATION_CONTEXT('2D SPACE',''
  ) );
#3198 = ORIENTED_EDGE('',*,*,#3199,.F.);
#3199 = EDGE_CURVE('',#2528,#3172,#3200,.T.);
#3200 = SURFACE_CURVE('',#3201,(#3205,#3212),.PCURVE_S1.);
#3201 = LINE('',#3202,#3203);
#3202 = CARTESIAN_POINT('',(90.,-612.,1.2127E+03));
#3203 = VECTOR('',#3204,1.);
#3204 = DIRECTION('',(0.,-1.,0.));
#3205 = PCURVE('',#2405,#3206);
#3206 = DEFINITIONAL_REPRESENTATION('',(#3207),#3211);
#3207 = LINE('',#3208,#3209);
#3208 = CARTESIAN_POINT('',(190.,0.));
#3209 = VECTOR('',#3210,1.);
#3210 = DIRECTION('',(0.,-1.));
#3211 = ( GEOMETRIC_REPRESENTATION_CONTEXT(2) 
PARAMETRIC_REPRESENTATION_CONTEXT() REPRESENTATION_CONTEXT('2D SPACE',''
  ) );
#3212 = PCURVE('',#2566,#3213);
#3213 = DEFINITIONAL_REPRESENTATION('',(#3214),#3218);
#3214 = LINE('',#3215,#3216);
#3215 = CARTESIAN_POINT('',(0.,-85.));
#3216 = VECTOR('',#3217,1.);
#3217 = DIRECTION('',(0.,1.));
#3218 = ( GEOMETRIC_REPRESENTATION_CONTEXT(2) 
PARAMETRIC_REPRESENTATION_CONTEXT() REPRESENTATION_CONTEXT('2D SPACE',''
  ) );
#3219 = ORIENTED_EDGE('',*,*,#2527,.T.);
#3220 = ORIENTED_EDGE('',*,*,#3221,.T.);
#3221 = EDGE_CURVE('',#2500,#3025,#3222,.T.);
#3222 = SURFACE_CURVE('',#3223,(#3227,#3234),.PCURVE_S1.);
#3223 = LINE('',#3224,#3225);
#3224 = CARTESIAN_POINT('',(100.,-612.,1.2127E+03));
#3225 = VECTOR('',#3226,1.);
#3226 = DIRECTION('',(-0.,1.,0.));
#3227 = PCURVE('',#2405,#3228);
#3228 = DEFINITIONAL_REPRESENTATION('',(#3229),#3233);
#3229 = LINE('',#3230,#3231);
#3230 = CARTESIAN_POINT('',(200.,0.));
#3231 = VECTOR('',#3232,1.);
#3232 = DIRECTION('',(0.,1.));
#3233 = ( GEOMETRIC_REPRESENTATION_CONTEXT(2) 
PARAMETRIC_REPRESENTATION_CONTEXT() REPRESENTATION_CONTEXT('2D SPACE',''
  ) );
#3234 = PCURVE('',#2515,#3235);
#3235 = DEFINITIONAL_REPRESENTATION('',(#3236),#3240);
#3236 = LINE('',#3237,#3238);
#3237 = CARTESIAN_POINT('',(0.,0.));
#3238 = VECTOR('',#3239,1.);
#3239 = DIRECTION('',(0.,-1.));
#3240 = ( GEOMETRIC_REPRESENTATION_CONTEXT(2) 
PARAMETRIC_REPRESENTATION_CONTEXT() REPRESENTATION_CONTEXT('2D SPACE',''
  ) );
#3241 = ORIENTED_EDGE('',*,*,#3024,.F.);
#3242 = FACE_BOUND('',#3243,.F.);
#3243 = EDGE_LOOP('',(#3244));
#3244 = ORIENTED_EDGE('',*,*,#3245,.F.);
#3245 = EDGE_CURVE('',#3246,#3246,#3248,.T.);
#3246 = VERTEX_POINT('',#3247);
#3247 = CARTESIAN_POINT('',(-65.,-691.,1.2127E+03));
#3248 = SURFACE_CURVE('',#3249,(#3254,#3261),.PCURVE_S1.);
#3249 = CIRCLE('',#3250,5.);
#3250 = AXIS2_PLACEMENT_3D('',#3251,#3252,#3253);
#3251 = CARTESIAN_POINT('',(-70.,-691.,1.2127E+03));
#3252 = DIRECTION('',(0.,0.,1.));
#3253 = DIRECTION('',(1.,0.,-0.));
#3254 = PCURVE('',#2405,#3255);
#3255 = DEFINITIONAL_REPRESENTATION('',(#3256),#3260);
#3256 = CIRCLE('',#3257,5.);
#3257 = AXIS2_PLACEMENT_2D('',#3258,#3259);
#3258 = CARTESIAN_POINT('',(30.,-79.));
#3259 = DIRECTION('',(1.,0.));
#3260 = ( GEOMETRIC_REPRESENTATION_CONTEXT(2) 
PARAMETRIC_REPRESENTATION_CONTEXT() REPRESENTATION_CONTEXT('2D SPACE',''
  ) );
#3261 = PCURVE('',#3262,#3267);
#3262 = CYLINDRICAL_SURFACE('',#3263,5.);
#3263 = AXIS2_PLACEMENT_3D('',#3264,#3265,#3266);
#3264 = CARTESIAN_POINT('',(-70.,-691.,1.192E+03));
#3265 = DIRECTION('',(0.,0.,1.));
#3266 = DIRECTION('',(1.,0.,-0.));
#3267 = DEFINITIONAL_REPRESENTATION('',(#3268),#3272);
#3268 = LINE('',#3269,#3270);
#3269 = CARTESIAN_POINT('',(0.,20.7));
#3270 = VECTOR('',#3271,1.);
#3271 = DIRECTION('',(1.,0.));
#3272 = ( GEOMETRIC_REPRESENTATION_CONTEXT(2) 
PARAMETRIC_REPRESENTATION_CONTEXT() REPRESENTATION_CONTEXT('2D SPACE',''
  ) );
#3273 = FACE_BOUND('',#3274,.F.);
#3274 = EDGE_LOOP('',(#3275));
#3275 = ORIENTED_EDGE('',*,*,#3276,.F.);
#3276 = EDGE_CURVE('',#3277,#3277,#3279,.T.);
#3277 = VERTEX_POINT('',#3278);
#3278 = CARTESIAN_POINT('',(75.,-691.,1.2127E+03));
#3279 = SURFACE_CURVE('',#3280,(#3285,#3292),.PCURVE_S1.);
#3280 = CIRCLE('',#3281,5.);
#3281 = AXIS2_PLACEMENT_3D('',#3282,#3283,#3284);
#3282 = CARTESIAN_POINT('',(70.,-691.,1.2127E+03));
#3283 = DIRECTION('',(0.,0.,1.));
#3284 = DIRECTION('',(1.,0.,-0.));
#3285 = PCURVE('',#2405,#3286);
#3286 = DEFINITIONAL_REPRESENTATION('',(#3287),#3291);
#3287 = CIRCLE('',#3288,5.);
#3288 = AXIS2_PLACEMENT_2D('',#3289,#3290);
#3289 = CARTESIAN_POINT('',(170.,-79.));
#3290 = DIRECTION('',(1.,0.));
#3291 = ( GEOMETRIC_REPRESENTATION_CONTEXT(2) 
PARAMETRIC_REPRESENTATION_CONTEXT() REPRESENTATION_CONTEXT('2D SPACE',''
  ) );
#3292 = PCURVE('',#3293,#3298);
#3293 = CYLINDRICAL_SURFACE('',#3294,5.);
#3294 = AXIS2_PLACEMENT_3D('',#3295,#3296,#3297);
#3295 = CARTESIAN_POINT('',(70.,-691.,1.192E+03));
#3296 = DIRECTION('',(0.,0.,1.));
#3297 = DIRECTION('',(1.,0.,-0.));
#3298 = DEFINITIONAL_REPRESENTATION('',(#3299),#3303);
#3299 = LINE('',#3300,#3301);
#3300 = CARTESIAN_POINT('',(0.,20.7));
#3301 = VECTOR('',#3302,1.);
#3302 = DIRECTION('',(1.,0.));
#3303 = ( GEOMETRIC_REPRESENTATION_CONTEXT(2) 
PARAMETRIC_REPRESENTATION_CONTEXT() REPRESENTATION_CONTEXT('2D SPACE',''
  ) );
#3304 = ADVANCED_FACE('',(#3305),#2856,.T.);
#3305 = FACE_BOUND('',#3306,.T.);
#3306 = EDGE_LOOP('',(#3307,#3330,#3351,#3352));
#3307 = ORIENTED_EDGE('',*,*,#3308,.F.);
#3308 = EDGE_CURVE('',#3309,#2897,#3311,.T.);
#3309 = VERTEX_POINT('',#3310);
#3310 = CARTESIAN_POINT('',(20.,-642.,1.5153E+03));
#3311 = SURFACE_CURVE('',#3312,(#3316,#3323),.PCURVE_S1.);
#3312 = LINE('',#3313,#3314);
#3313 = CARTESIAN_POINT('',(20.,-642.,1.5153E+03));
#3314 = VECTOR('',#3315,1.);
#3315 = DIRECTION('',(0.,0.,1.));
#3316 = PCURVE('',#2856,#3317);
#3317 = DEFINITIONAL_REPRESENTATION('',(#3318),#3322);
#3318 = LINE('',#3319,#3320);
#3319 = CARTESIAN_POINT('',(0.,0.));
#3320 = VECTOR('',#3321,1.);
#3321 = DIRECTION('',(1.,0.));
#3322 = ( GEOMETRIC_REPRESENTATION_CONTEXT(2) 
PARAMETRIC_REPRESENTATION_CONTEXT() REPRESENTATION_CONTEXT('2D SPACE',''
  ) );
#3323 = PCURVE('',#2912,#3324);
#3324 = DEFINITIONAL_REPRESENTATION('',(#3325),#3329);
#3325 = LINE('',#3326,#3327);
#3326 = CARTESIAN_POINT('',(0.,40.));
#3327 = VECTOR('',#3328,1.);
#3328 = DIRECTION('',(1.,0.));
#3329 = ( GEOMETRIC_REPRESENTATION_CONTEXT(2) 
PARAMETRIC_REPRESENTATION_CONTEXT() REPRESENTATION_CONTEXT('2D SPACE',''
  ) );
#3330 = ORIENTED_EDGE('',*,*,#3331,.T.);
#3331 = EDGE_CURVE('',#3309,#2815,#3332,.T.);
#3332 = SURFACE_CURVE('',#3333,(#3337,#3344),.PCURVE_S1.);
#3333 = LINE('',#3334,#3335);
#3334 = CARTESIAN_POINT('',(20.,-642.,1.5153E+03));
#3335 = VECTOR('',#3336,1.);
#3336 = DIRECTION('',(-0.,1.,0.));
#3337 = PCURVE('',#2856,#3338);
#3338 = DEFINITIONAL_REPRESENTATION('',(#3339),#3343);
#3339 = LINE('',#3340,#3341);
#3340 = CARTESIAN_POINT('',(0.,0.));
#3341 = VECTOR('',#3342,1.);
#3342 = DIRECTION('',(0.,-1.));
#3343 = ( GEOMETRIC_REPRESENTATION_CONTEXT(2) 
PARAMETRIC_REPRESENTATION_CONTEXT() REPRESENTATION_CONTEXT('2D SPACE',''
  ) );
#3344 = PCURVE('',#2830,#3345);
#3345 = DEFINITIONAL_REPRESENTATION('',(#3346),#3350);
#3346 = LINE('',#3347,#3348);
#3347 = CARTESIAN_POINT('',(40.,0.));
#3348 = VECTOR('',#3349,1.);
#3349 = DIRECTION('',(0.,1.));
#3350 = ( GEOMETRIC_REPRESENTATION_CONTEXT(2) 
PARAMETRIC_REPRESENTATION_CONTEXT() REPRESENTATION_CONTEXT('2D SPACE',''
  ) );
#3351 = ORIENTED_EDGE('',*,*,#2842,.T.);
#3352 = ORIENTED_EDGE('',*,*,#2924,.F.);
#3353 = ADVANCED_FACE('',(#3354),#2830,.F.);
#3354 = FACE_BOUND('',#3355,.F.);
#3355 = EDGE_LOOP('',(#3356,#3379,#3400,#3401));
#3356 = ORIENTED_EDGE('',*,*,#3357,.F.);
#3357 = EDGE_CURVE('',#3358,#2787,#3360,.T.);
#3358 = VERTEX_POINT('',#3359);
#3359 = CARTESIAN_POINT('',(-20.,-642.,1.5153E+03));
#3360 = SURFACE_CURVE('',#3361,(#3365,#3372),.PCURVE_S1.);
#3361 = LINE('',#3362,#3363);
#3362 = CARTESIAN_POINT('',(-20.,-642.,1.5153E+03));
#3363 = VECTOR('',#3364,1.);
#3364 = DIRECTION('',(-0.,1.,0.));
#3365 = PCURVE('',#2830,#3366);
#3366 = DEFINITIONAL_REPRESENTATION('',(#3367),#3371);
#3367 = LINE('',#3368,#3369);
#3368 = CARTESIAN_POINT('',(0.,0.));
#3369 = VECTOR('',#3370,1.);
#3370 = DIRECTION('',(0.,1.));
#3371 = ( GEOMETRIC_REPRESENTATION_CONTEXT(2) 
PARAMETRIC_REPRESENTATION_CONTEXT() REPRESENTATION_CONTEXT('2D SPACE',''
  ) );
#3372 = PCURVE('',#2802,#3373);
#3373 = DEFINITIONAL_REPRESENTATION('',(#3374),#3378);
#3374 = LINE('',#3375,#3376);
#3375 = CARTESIAN_POINT('',(0.,0.));
#3376 = VECTOR('',#3377,1.);
#3377 = DIRECTION('',(0.,-1.));
#3378 = ( GEOMETRIC_REPRESENTATION_CONTEXT(2) 
PARAMETRIC_REPRESENTATION_CONTEXT() REPRESENTATION_CONTEXT('2D SPACE',''
  ) );
#3379 = ORIENTED_EDGE('',*,*,#3380,.T.);
#3380 = EDGE_CURVE('',#3358,#3309,#3381,.T.);
#3381 = SURFACE_CURVE('',#3382,(#3386,#3393),.PCURVE_S1.);
#3382 = LINE('',#3383,#3384);
#3383 = CARTESIAN_POINT('',(-20.,-642.,1.5153E+03));
#3384 = VECTOR('',#3385,1.);
#3385 = DIRECTION('',(1.,0.,-0.));
#3386 = PCURVE('',#2830,#3387);
#3387 = DEFINITIONAL_REPRESENTATION('',(#3388),#3392);
#3388 = LINE('',#3389,#3390);
#3389 = CARTESIAN_POINT('',(0.,0.));
#3390 = VECTOR('',#3391,1.);
#3391 = DIRECTION('',(1.,0.));
#3392 = ( GEOMETRIC_REPRESENTATION_CONTEXT(2) 
PARAMETRIC_REPRESENTATION_CONTEXT() REPRESENTATION_CONTEXT('2D SPACE',''
  ) );
#3393 = PCURVE('',#2912,#3394);
#3394 = DEFINITIONAL_REPRESENTATION('',(#3395),#3399);
#3395 = LINE('',#3396,#3397);
#3396 = CARTESIAN_POINT('',(0.,0.));
#3397 = VECTOR('',#3398,1.);
#3398 = DIRECTION('',(0.,1.));
#3399 = ( GEOMETRIC_REPRESENTATION_CONTEXT(2) 
PARAMETRIC_REPRESENTATION_CONTEXT() REPRESENTATION_CONTEXT('2D SPACE',''
  ) );
#3400 = ORIENTED_EDGE('',*,*,#3331,.T.);
#3401 = ORIENTED_EDGE('',*,*,#2814,.F.);
#3402 = ADVANCED_FACE('',(#3403),#2802,.F.);
#3403 = FACE_BOUND('',#3404,.F.);
#3404 = EDGE_LOOP('',(#3405,#3426,#3427,#3428));
#3405 = ORIENTED_EDGE('',*,*,#3406,.F.);
#3406 = EDGE_CURVE('',#3358,#2874,#3407,.T.);
#3407 = SURFACE_CURVE('',#3408,(#3412,#3419),.PCURVE_S1.);
#3408 = LINE('',#3409,#3410);
#3409 = CARTESIAN_POINT('',(-20.,-642.,1.5153E+03));
#3410 = VECTOR('',#3411,1.);
#3411 = DIRECTION('',(0.,0.,1.));
#3412 = PCURVE('',#2802,#3413);
#3413 = DEFINITIONAL_REPRESENTATION('',(#3414),#3418);
#3414 = LINE('',#3415,#3416);
#3415 = CARTESIAN_POINT('',(0.,0.));
#3416 = VECTOR('',#3417,1.);
#3417 = DIRECTION('',(1.,0.));
#3418 = ( GEOMETRIC_REPRESENTATION_CONTEXT(2) 
PARAMETRIC_REPRESENTATION_CONTEXT() REPRESENTATION_CONTEXT('2D SPACE',''
  ) );
#3419 = PCURVE('',#2912,#3420);
#3420 = DEFINITIONAL_REPRESENTATION('',(#3421),#3425);
#3421 = LINE('',#3422,#3423);
#3422 = CARTESIAN_POINT('',(0.,0.));
#3423 = VECTOR('',#3424,1.);
#3424 = DIRECTION('',(1.,0.));
#3425 = ( GEOMETRIC_REPRESENTATION_CONTEXT(2) 
PARAMETRIC_REPRESENTATION_CONTEXT() REPRESENTATION_CONTEXT('2D SPACE',''
  ) );
#3426 = ORIENTED_EDGE('',*,*,#3357,.T.);
#3427 = ORIENTED_EDGE('',*,*,#2786,.T.);
#3428 = ORIENTED_EDGE('',*,*,#2873,.F.);
#3429 = ADVANCED_FACE('',(#3430),#2729,.F.);
#3430 = FACE_BOUND('',#3431,.F.);
#3431 = EDGE_LOOP('',(#3432,#3455,#3456,#3457,#3480,#3508));
#3432 = ORIENTED_EDGE('',*,*,#3433,.F.);
#3433 = EDGE_CURVE('',#3076,#3434,#3436,.T.);
#3434 = VERTEX_POINT('',#3435);
#3435 = CARTESIAN_POINT('',(-90.,-697.,1.2247E+03));
#3436 = SURFACE_CURVE('',#3437,(#3441,#3448),.PCURVE_S1.);
#3437 = LINE('',#3438,#3439);
#3438 = CARTESIAN_POINT('',(-90.,-697.,1.2127E+03));
#3439 = VECTOR('',#3440,1.);
#3440 = DIRECTION('',(0.,0.,1.));
#3441 = PCURVE('',#2729,#3442);
#3442 = DEFINITIONAL_REPRESENTATION('',(#3443),#3447);
#3443 = LINE('',#3444,#3445);
#3444 = CARTESIAN_POINT('',(0.,0.));
#3445 = VECTOR('',#3446,1.);
#3446 = DIRECTION('',(1.,0.));
#3447 = ( GEOMETRIC_REPRESENTATION_CONTEXT(2) 
PARAMETRIC_REPRESENTATION_CONTEXT() REPRESENTATION_CONTEXT('2D SPACE',''
  ) );
#3448 = PCURVE('',#3114,#3449);
#3449 = DEFINITIONAL_REPRESENTATION('',(#3450),#3454);
#3450 = LINE('',#3451,#3452);
#3451 = CARTESIAN_POINT('',(0.,0.));
#3452 = VECTOR('',#3453,1.);
#3453 = DIRECTION('',(1.,0.));
#3454 = ( GEOMETRIC_REPRESENTATION_CONTEXT(2) 
PARAMETRIC_REPRESENTATION_CONTEXT() REPRESENTATION_CONTEXT('2D SPACE',''
  ) );
#3455 = ORIENTED_EDGE('',*,*,#3075,.T.);
#3456 = ORIENTED_EDGE('',*,*,#2713,.T.);
#3457 = ORIENTED_EDGE('',*,*,#3458,.F.);
#3458 = EDGE_CURVE('',#3459,#2686,#3461,.T.);
#3459 = VERTEX_POINT('',#3460);
#3460 = CARTESIAN_POINT('',(-90.,-636.,1.2367E+03));
#3461 = SURFACE_CURVE('',#3462,(#3466,#3473),.PCURVE_S1.);
#3462 = LINE('',#3463,#3464);
#3463 = CARTESIAN_POINT('',(-90.,-636.,1.2367E+03));
#3464 = VECTOR('',#3465,1.);
#3465 = DIRECTION('',(-0.,1.,0.));
#3466 = PCURVE('',#2729,#3467);
#3467 = DEFINITIONAL_REPRESENTATION('',(#3468),#3472);
#3468 = LINE('',#3469,#3470);
#3469 = CARTESIAN_POINT('',(24.,-61.));
#3470 = VECTOR('',#3471,1.);
#3471 = DIRECTION('',(0.,-1.));
#3472 = ( GEOMETRIC_REPRESENTATION_CONTEXT(2) 
PARAMETRIC_REPRESENTATION_CONTEXT() REPRESENTATION_CONTEXT('2D SPACE',''
  ) );
#3473 = PCURVE('',#2701,#3474);
#3474 = DEFINITIONAL_REPRESENTATION('',(#3475),#3479);
#3475 = LINE('',#3476,#3477);
#3476 = CARTESIAN_POINT('',(0.,0.));
#3477 = VECTOR('',#3478,1.);
#3478 = DIRECTION('',(0.,1.));
#3479 = ( GEOMETRIC_REPRESENTATION_CONTEXT(2) 
PARAMETRIC_REPRESENTATION_CONTEXT() REPRESENTATION_CONTEXT('2D SPACE',''
  ) );
#3480 = ORIENTED_EDGE('',*,*,#3481,.F.);
#3481 = EDGE_CURVE('',#3482,#3459,#3484,.T.);
#3482 = VERTEX_POINT('',#3483);
#3483 = CARTESIAN_POINT('',(-90.,-636.,1.2247E+03));
#3484 = SURFACE_CURVE('',#3485,(#3489,#3496),.PCURVE_S1.);
#3485 = LINE('',#3486,#3487);
#3486 = CARTESIAN_POINT('',(-90.,-636.,1.2127E+03));
#3487 = VECTOR('',#3488,1.);
#3488 = DIRECTION('',(0.,0.,1.));
#3489 = PCURVE('',#2729,#3490);
#3490 = DEFINITIONAL_REPRESENTATION('',(#3491),#3495);
#3491 = LINE('',#3492,#3493);
#3492 = CARTESIAN_POINT('',(0.,-61.));
#3493 = VECTOR('',#3494,1.);
#3494 = DIRECTION('',(1.,0.));
#3495 = ( GEOMETRIC_REPRESENTATION_CONTEXT(2) 
PARAMETRIC_REPRESENTATION_CONTEXT() REPRESENTATION_CONTEXT('2D SPACE',''
  ) );
#3496 = PCURVE('',#3497,#3502);
#3497 = PLANE('',#3498);
#3498 = AXIS2_PLACEMENT_3D('',#3499,#3500,#3501);
#3499 = CARTESIAN_POINT('',(-90.,-636.,1.2127E+03));
#3500 = DIRECTION('',(-0.,1.,0.));
#3501 = DIRECTION('',(0.,0.,1.));
#3502 = DEFINITIONAL_REPRESENTATION('',(#3503),#3507);
#3503 = LINE('',#3504,#3505);
#3504 = CARTESIAN_POINT('',(0.,0.));
#3505 = VECTOR('',#3506,1.);
#3506 = DIRECTION('',(1.,0.));
#3507 = ( GEOMETRIC_REPRESENTATION_CONTEXT(2) 
PARAMETRIC_REPRESENTATION_CONTEXT() REPRESENTATION_CONTEXT('2D SPACE',''
  ) );
#3508 = ORIENTED_EDGE('',*,*,#3509,.F.);
#3509 = EDGE_CURVE('',#3434,#3482,#3510,.T.);
#3510 = SURFACE_CURVE('',#3511,(#3515,#3522),.PCURVE_S1.);
#3511 = LINE('',#3512,#3513);
#3512 = CARTESIAN_POINT('',(-90.,-697.,1.2247E+03));
#3513 = VECTOR('',#3514,1.);
#3514 = DIRECTION('',(-0.,1.,0.));
#3515 = PCURVE('',#2729,#3516);
#3516 = DEFINITIONAL_REPRESENTATION('',(#3517),#3521);
#3517 = LINE('',#3518,#3519);
#3518 = CARTESIAN_POINT('',(12.,0.));
#3519 = VECTOR('',#3520,1.);
#3520 = DIRECTION('',(0.,-1.));
#3521 = ( GEOMETRIC_REPRESENTATION_CONTEXT(2) 
PARAMETRIC_REPRESENTATION_CONTEXT() REPRESENTATION_CONTEXT('2D SPACE',''
  ) );
#3522 = PCURVE('',#3523,#3528);
#3523 = PLANE('',#3524);
#3524 = AXIS2_PLACEMENT_3D('',#3525,#3526,#3527);
#3525 = CARTESIAN_POINT('',(-90.,-697.,1.2247E+03));
#3526 = DIRECTION('',(0.,0.,1.));
#3527 = DIRECTION('',(1.,0.,-0.));
#3528 = DEFINITIONAL_REPRESENTATION('',(#3529),#3533);
#3529 = LINE('',#3530,#3531);
#3530 = CARTESIAN_POINT('',(0.,0.));
#3531 = VECTOR('',#3532,1.);
#3532 = DIRECTION('',(0.,1.));
#3533 = ( GEOMETRIC_REPRESENTATION_CONTEXT(2) 
PARAMETRIC_REPRESENTATION_CONTEXT() REPRESENTATION_CONTEXT('2D SPACE',''
  ) );
#3534 = ADVANCED_FACE('',(#3535),#2701,.T.);
#3535 = FACE_BOUND('',#3536,.T.);
#3536 = EDGE_LOOP('',(#3537,#3538,#3561,#3582));
#3537 = ORIENTED_EDGE('',*,*,#3458,.F.);
#3538 = ORIENTED_EDGE('',*,*,#3539,.T.);
#3539 = EDGE_CURVE('',#3459,#3540,#3542,.T.);
#3540 = VERTEX_POINT('',#3541);
#3541 = CARTESIAN_POINT('',(-50.,-636.,1.2367E+03));
#3542 = SURFACE_CURVE('',#3543,(#3547,#3554),.PCURVE_S1.);
#3543 = LINE('',#3544,#3545);
#3544 = CARTESIAN_POINT('',(-90.,-636.,1.2367E+03));
#3545 = VECTOR('',#3546,1.);
#3546 = DIRECTION('',(1.,0.,-0.));
#3547 = PCURVE('',#2701,#3548);
#3548 = DEFINITIONAL_REPRESENTATION('',(#3549),#3553);
#3549 = LINE('',#3550,#3551);
#3550 = CARTESIAN_POINT('',(0.,0.));
#3551 = VECTOR('',#3552,1.);
#3552 = DIRECTION('',(1.,0.));
#3553 = ( GEOMETRIC_REPRESENTATION_CONTEXT(2) 
PARAMETRIC_REPRESENTATION_CONTEXT() REPRESENTATION_CONTEXT('2D SPACE',''
  ) );
#3554 = PCURVE('',#3497,#3555);
#3555 = DEFINITIONAL_REPRESENTATION('',(#3556),#3560);
#3556 = LINE('',#3557,#3558);
#3557 = CARTESIAN_POINT('',(24.,0.));
#3558 = VECTOR('',#3559,1.);
#3559 = DIRECTION('',(0.,1.));
#3560 = ( GEOMETRIC_REPRESENTATION_CONTEXT(2) 
PARAMETRIC_REPRESENTATION_CONTEXT() REPRESENTATION_CONTEXT('2D SPACE',''
  ) );
#3561 = ORIENTED_EDGE('',*,*,#3562,.T.);
#3562 = EDGE_CURVE('',#3540,#2658,#3563,.T.);
#3563 = SURFACE_CURVE('',#3564,(#3568,#3575),.PCURVE_S1.);
#3564 = LINE('',#3565,#3566);
#3565 = CARTESIAN_POINT('',(-50.,-636.,1.2367E+03));
#3566 = VECTOR('',#3567,1.);
#3567 = DIRECTION('',(-0.,1.,0.));
#3568 = PCURVE('',#2701,#3569);
#3569 = DEFINITIONAL_REPRESENTATION('',(#3570),#3574);
#3570 = LINE('',#3571,#3572);
#3571 = CARTESIAN_POINT('',(40.,0.));
#3572 = VECTOR('',#3573,1.);
#3573 = DIRECTION('',(0.,1.));
#3574 = ( GEOMETRIC_REPRESENTATION_CONTEXT(2) 
PARAMETRIC_REPRESENTATION_CONTEXT() REPRESENTATION_CONTEXT('2D SPACE',''
  ) );
#3575 = PCURVE('',#2673,#3576);
#3576 = DEFINITIONAL_REPRESENTATION('',(#3577),#3581);
#3577 = LINE('',#3578,#3579);
#3578 = CARTESIAN_POINT('',(24.,-61.));
#3579 = VECTOR('',#3580,1.);
#3580 = DIRECTION('',(0.,-1.));
#3581 = ( GEOMETRIC_REPRESENTATION_CONTEXT(2) 
PARAMETRIC_REPRESENTATION_CONTEXT() REPRESENTATION_CONTEXT('2D SPACE',''
  ) );
#3582 = ORIENTED_EDGE('',*,*,#2685,.F.);
#3583 = ADVANCED_FACE('',(#3584),#2673,.T.);
#3584 = FACE_BOUND('',#3585,.T.);
#3585 = EDGE_LOOP('',(#3586,#3609,#3610,#3611,#3612,#3635));
#3586 = ORIENTED_EDGE('',*,*,#3587,.F.);
#3587 = EDGE_CURVE('',#3099,#3588,#3590,.T.);
#3588 = VERTEX_POINT('',#3589);
#3589 = CARTESIAN_POINT('',(-50.,-697.,1.2247E+03));
#3590 = SURFACE_CURVE('',#3591,(#3595,#3602),.PCURVE_S1.);
#3591 = LINE('',#3592,#3593);
#3592 = CARTESIAN_POINT('',(-50.,-697.,1.2127E+03));
#3593 = VECTOR('',#3594,1.);
#3594 = DIRECTION('',(0.,0.,1.));
#3595 = PCURVE('',#2673,#3596);
#3596 = DEFINITIONAL_REPRESENTATION('',(#3597),#3601);
#3597 = LINE('',#3598,#3599);
#3598 = CARTESIAN_POINT('',(0.,0.));
#3599 = VECTOR('',#3600,1.);
#3600 = DIRECTION('',(1.,0.));
#3601 = ( GEOMETRIC_REPRESENTATION_CONTEXT(2) 
PARAMETRIC_REPRESENTATION_CONTEXT() REPRESENTATION_CONTEXT('2D SPACE',''
  ) );
#3602 = PCURVE('',#3114,#3603);
#3603 = DEFINITIONAL_REPRESENTATION('',(#3604),#3608);
#3604 = LINE('',#3605,#3606);
#3605 = CARTESIAN_POINT('',(0.,40.));
#3606 = VECTOR('',#3607,1.);
#3607 = DIRECTION('',(1.,0.));
#3608 = ( GEOMETRIC_REPRESENTATION_CONTEXT(2) 
PARAMETRIC_REPRESENTATION_CONTEXT() REPRESENTATION_CONTEXT('2D SPACE',''
  ) );
#3609 = ORIENTED_EDGE('',*,*,#3126,.F.);
#3610 = ORIENTED_EDGE('',*,*,#2657,.T.);
#3611 = ORIENTED_EDGE('',*,*,#3562,.F.);
#3612 = ORIENTED_EDGE('',*,*,#3613,.F.);
#3613 = EDGE_CURVE('',#3614,#3540,#3616,.T.);
#3614 = VERTEX_POINT('',#3615);
#3615 = CARTESIAN_POINT('',(-50.,-636.,1.2247E+03));
#3616 = SURFACE_CURVE('',#3617,(#3621,#3628),.PCURVE_S1.);
#3617 = LINE('',#3618,#3619);
#3618 = CARTESIAN_POINT('',(-50.,-636.,1.2127E+03));
#3619 = VECTOR('',#3620,1.);
#3620 = DIRECTION('',(0.,0.,1.));
#3621 = PCURVE('',#2673,#3622);
#3622 = DEFINITIONAL_REPRESENTATION('',(#3623),#3627);
#3623 = LINE('',#3624,#3625);
#3624 = CARTESIAN_POINT('',(0.,-61.));
#3625 = VECTOR('',#3626,1.);
#3626 = DIRECTION('',(1.,0.));
#3627 = ( GEOMETRIC_REPRESENTATION_CONTEXT(2) 
PARAMETRIC_REPRESENTATION_CONTEXT() REPRESENTATION_CONTEXT('2D SPACE',''
  ) );
#3628 = PCURVE('',#3497,#3629);
#3629 = DEFINITIONAL_REPRESENTATION('',(#3630),#3634);
#3630 = LINE('',#3631,#3632);
#3631 = CARTESIAN_POINT('',(0.,40.));
#3632 = VECTOR('',#3633,1.);
#3633 = DIRECTION('',(1.,0.));
#3634 = ( GEOMETRIC_REPRESENTATION_CONTEXT(2) 
PARAMETRIC_REPRESENTATION_CONTEXT() REPRESENTATION_CONTEXT('2D SPACE',''
  ) );
#3635 = ORIENTED_EDGE('',*,*,#3636,.F.);
#3636 = EDGE_CURVE('',#3588,#3614,#3637,.T.);
#3637 = SURFACE_CURVE('',#3638,(#3642,#3649),.PCURVE_S1.);
#3638 = LINE('',#3639,#3640);
#3639 = CARTESIAN_POINT('',(-50.,-697.,1.2247E+03));
#3640 = VECTOR('',#3641,1.);
#3641 = DIRECTION('',(-0.,1.,0.));
#3642 = PCURVE('',#2673,#3643);
#3643 = DEFINITIONAL_REPRESENTATION('',(#3644),#3648);
#3644 = LINE('',#3645,#3646);
#3645 = CARTESIAN_POINT('',(12.,0.));
#3646 = VECTOR('',#3647,1.);
#3647 = DIRECTION('',(0.,-1.));
#3648 = ( GEOMETRIC_REPRESENTATION_CONTEXT(2) 
PARAMETRIC_REPRESENTATION_CONTEXT() REPRESENTATION_CONTEXT('2D SPACE',''
  ) );
#3649 = PCURVE('',#3523,#3650);
#3650 = DEFINITIONAL_REPRESENTATION('',(#3651),#3655);
#3651 = LINE('',#3652,#3653);
#3652 = CARTESIAN_POINT('',(40.,0.));
#3653 = VECTOR('',#3654,1.);
#3654 = DIRECTION('',(0.,1.));
#3655 = ( GEOMETRIC_REPRESENTATION_CONTEXT(2) 
PARAMETRIC_REPRESENTATION_CONTEXT() REPRESENTATION_CONTEXT('2D SPACE',''
  ) );
#3656 = ADVANCED_FACE('',(#3657),#2622,.F.);
#3657 = FACE_BOUND('',#3658,.F.);
#3658 = EDGE_LOOP('',(#3659,#3682,#3683,#3684,#3707,#3735));
#3659 = ORIENTED_EDGE('',*,*,#3660,.F.);
#3660 = EDGE_CURVE('',#3149,#3661,#3663,.T.);
#3661 = VERTEX_POINT('',#3662);
#3662 = CARTESIAN_POINT('',(50.,-697.,1.2247E+03));
#3663 = SURFACE_CURVE('',#3664,(#3668,#3675),.PCURVE_S1.);
#3664 = LINE('',#3665,#3666);
#3665 = CARTESIAN_POINT('',(50.,-697.,1.2127E+03));
#3666 = VECTOR('',#3667,1.);
#3667 = DIRECTION('',(0.,0.,1.));
#3668 = PCURVE('',#2622,#3669);
#3669 = DEFINITIONAL_REPRESENTATION('',(#3670),#3674);
#3670 = LINE('',#3671,#3672);
#3671 = CARTESIAN_POINT('',(0.,0.));
#3672 = VECTOR('',#3673,1.);
#3673 = DIRECTION('',(1.,0.));
#3674 = ( GEOMETRIC_REPRESENTATION_CONTEXT(2) 
PARAMETRIC_REPRESENTATION_CONTEXT() REPRESENTATION_CONTEXT('2D SPACE',''
  ) );
#3675 = PCURVE('',#3187,#3676);
#3676 = DEFINITIONAL_REPRESENTATION('',(#3677),#3681);
#3677 = LINE('',#3678,#3679);
#3678 = CARTESIAN_POINT('',(0.,0.));
#3679 = VECTOR('',#3680,1.);
#3680 = DIRECTION('',(1.,0.));
#3681 = ( GEOMETRIC_REPRESENTATION_CONTEXT(2) 
PARAMETRIC_REPRESENTATION_CONTEXT() REPRESENTATION_CONTEXT('2D SPACE',''
  ) );
#3682 = ORIENTED_EDGE('',*,*,#3148,.T.);
#3683 = ORIENTED_EDGE('',*,*,#2606,.T.);
#3684 = ORIENTED_EDGE('',*,*,#3685,.F.);
#3685 = EDGE_CURVE('',#3686,#2579,#3688,.T.);
#3686 = VERTEX_POINT('',#3687);
#3687 = CARTESIAN_POINT('',(50.,-636.,1.2367E+03));
#3688 = SURFACE_CURVE('',#3689,(#3693,#3700),.PCURVE_S1.);
#3689 = LINE('',#3690,#3691);
#3690 = CARTESIAN_POINT('',(50.,-636.,1.2367E+03));
#3691 = VECTOR('',#3692,1.);
#3692 = DIRECTION('',(-0.,1.,0.));
#3693 = PCURVE('',#2622,#3694);
#3694 = DEFINITIONAL_REPRESENTATION('',(#3695),#3699);
#3695 = LINE('',#3696,#3697);
#3696 = CARTESIAN_POINT('',(24.,-61.));
#3697 = VECTOR('',#3698,1.);
#3698 = DIRECTION('',(0.,-1.));
#3699 = ( GEOMETRIC_REPRESENTATION_CONTEXT(2) 
PARAMETRIC_REPRESENTATION_CONTEXT() REPRESENTATION_CONTEXT('2D SPACE',''
  ) );
#3700 = PCURVE('',#2594,#3701);
#3701 = DEFINITIONAL_REPRESENTATION('',(#3702),#3706);
#3702 = LINE('',#3703,#3704);
#3703 = CARTESIAN_POINT('',(0.,0.));
#3704 = VECTOR('',#3705,1.);
#3705 = DIRECTION('',(0.,1.));
#3706 = ( GEOMETRIC_REPRESENTATION_CONTEXT(2) 
PARAMETRIC_REPRESENTATION_CONTEXT() REPRESENTATION_CONTEXT('2D SPACE',''
  ) );
#3707 = ORIENTED_EDGE('',*,*,#3708,.F.);
#3708 = EDGE_CURVE('',#3709,#3686,#3711,.T.);
#3709 = VERTEX_POINT('',#3710);
#3710 = CARTESIAN_POINT('',(50.,-636.,1.2247E+03));
#3711 = SURFACE_CURVE('',#3712,(#3716,#3723),.PCURVE_S1.);
#3712 = LINE('',#3713,#3714);
#3713 = CARTESIAN_POINT('',(50.,-636.,1.2127E+03));
#3714 = VECTOR('',#3715,1.);
#3715 = DIRECTION('',(0.,0.,1.));
#3716 = PCURVE('',#2622,#3717);
#3717 = DEFINITIONAL_REPRESENTATION('',(#3718),#3722);
#3718 = LINE('',#3719,#3720);
#3719 = CARTESIAN_POINT('',(0.,-61.));
#3720 = VECTOR('',#3721,1.);
#3721 = DIRECTION('',(1.,0.));
#3722 = ( GEOMETRIC_REPRESENTATION_CONTEXT(2) 
PARAMETRIC_REPRESENTATION_CONTEXT() REPRESENTATION_CONTEXT('2D SPACE',''
  ) );
#3723 = PCURVE('',#3724,#3729);
#3724 = PLANE('',#3725);
#3725 = AXIS2_PLACEMENT_3D('',#3726,#3727,#3728);
#3726 = CARTESIAN_POINT('',(50.,-636.,1.2127E+03));
#3727 = DIRECTION('',(-0.,1.,0.));
#3728 = DIRECTION('',(0.,0.,1.));
#3729 = DEFINITIONAL_REPRESENTATION('',(#3730),#3734);
#3730 = LINE('',#3731,#3732);
#3731 = CARTESIAN_POINT('',(0.,0.));
#3732 = VECTOR('',#3733,1.);
#3733 = DIRECTION('',(1.,0.));
#3734 = ( GEOMETRIC_REPRESENTATION_CONTEXT(2) 
PARAMETRIC_REPRESENTATION_CONTEXT() REPRESENTATION_CONTEXT('2D SPACE',''
  ) );
#3735 = ORIENTED_EDGE('',*,*,#3736,.F.);
#3736 = EDGE_CURVE('',#3661,#3709,#3737,.T.);
#3737 = SURFACE_CURVE('',#3738,(#3742,#3749),.PCURVE_S1.);
#3738 = LINE('',#3739,#3740);
#3739 = CARTESIAN_POINT('',(50.,-697.,1.2247E+03));
#3740 = VECTOR('',#3741,1.);
#3741 = DIRECTION('',(-0.,1.,0.));
#3742 = PCURVE('',#2622,#3743);
#3743 = DEFINITIONAL_REPRESENTATION('',(#3744),#3748);
#3744 = LINE('',#3745,#3746);
#3745 = CARTESIAN_POINT('',(12.,0.));
#3746 = VECTOR('',#3747,1.);
#3747 = DIRECTION('',(0.,-1.));
#3748 = ( GEOMETRIC_REPRESENTATION_CONTEXT(2) 
PARAMETRIC_REPRESENTATION_CONTEXT() REPRESENTATION_CONTEXT('2D SPACE',''
  ) );
#3749 = PCURVE('',#3750,#3755);
#3750 = PLANE('',#3751);
#3751 = AXIS2_PLACEMENT_3D('',#3752,#3753,#3754);
#3752 = CARTESIAN_POINT('',(50.,-697.,1.2247E+03));
#3753 = DIRECTION('',(0.,0.,1.));
#3754 = DIRECTION('',(1.,0.,-0.));
#3755 = DEFINITIONAL_REPRESENTATION('',(#3756),#3760);
#3756 = LINE('',#3757,#3758);
#3757 = CARTESIAN_POINT('',(0.,0.));
#3758 = VECTOR('',#3759,1.);
#3759 = DIRECTION('',(0.,1.));
#3760 = ( GEOMETRIC_REPRESENTATION_CONTEXT(2) 
PARAMETRIC_REPRESENTATION_CONTEXT() REPRESENTATION_CONTEXT('2D SPACE',''
  ) );
#3761 = ADVANCED_FACE('',(#3762),#2594,.T.);
#3762 = FACE_BOUND('',#3763,.T.);
#3763 = EDGE_LOOP('',(#3764,#3765,#3788,#3809));
#3764 = ORIENTED_EDGE('',*,*,#3685,.F.);
#3765 = ORIENTED_EDGE('',*,*,#3766,.T.);
#3766 = EDGE_CURVE('',#3686,#3767,#3769,.T.);
#3767 = VERTEX_POINT('',#3768);
#3768 = CARTESIAN_POINT('',(90.,-636.,1.2367E+03));
#3769 = SURFACE_CURVE('',#3770,(#3774,#3781),.PCURVE_S1.);
#3770 = LINE('',#3771,#3772);
#3771 = CARTESIAN_POINT('',(50.,-636.,1.2367E+03));
#3772 = VECTOR('',#3773,1.);
#3773 = DIRECTION('',(1.,0.,-0.));
#3774 = PCURVE('',#2594,#3775);
#3775 = DEFINITIONAL_REPRESENTATION('',(#3776),#3780);
#3776 = LINE('',#3777,#3778);
#3777 = CARTESIAN_POINT('',(0.,0.));
#3778 = VECTOR('',#3779,1.);
#3779 = DIRECTION('',(1.,0.));
#3780 = ( GEOMETRIC_REPRESENTATION_CONTEXT(2) 
PARAMETRIC_REPRESENTATION_CONTEXT() REPRESENTATION_CONTEXT('2D SPACE',''
  ) );
#3781 = PCURVE('',#3724,#3782);
#3782 = DEFINITIONAL_REPRESENTATION('',(#3783),#3787);
#3783 = LINE('',#3784,#3785);
#3784 = CARTESIAN_POINT('',(24.,0.));
#3785 = VECTOR('',#3786,1.);
#3786 = DIRECTION('',(0.,1.));
#3787 = ( GEOMETRIC_REPRESENTATION_CONTEXT(2) 
PARAMETRIC_REPRESENTATION_CONTEXT() REPRESENTATION_CONTEXT('2D SPACE',''
  ) );
#3788 = ORIENTED_EDGE('',*,*,#3789,.T.);
#3789 = EDGE_CURVE('',#3767,#2551,#3790,.T.);
#3790 = SURFACE_CURVE('',#3791,(#3795,#3802),.PCURVE_S1.);
#3791 = LINE('',#3792,#3793);
#3792 = CARTESIAN_POINT('',(90.,-636.,1.2367E+03));
#3793 = VECTOR('',#3794,1.);
#3794 = DIRECTION('',(-0.,1.,0.));
#3795 = PCURVE('',#2594,#3796);
#3796 = DEFINITIONAL_REPRESENTATION('',(#3797),#3801);
#3797 = LINE('',#3798,#3799);
#3798 = CARTESIAN_POINT('',(40.,0.));
#3799 = VECTOR('',#3800,1.);
#3800 = DIRECTION('',(0.,1.));
#3801 = ( GEOMETRIC_REPRESENTATION_CONTEXT(2) 
PARAMETRIC_REPRESENTATION_CONTEXT() REPRESENTATION_CONTEXT('2D SPACE',''
  ) );
#3802 = PCURVE('',#2566,#3803);
#3803 = DEFINITIONAL_REPRESENTATION('',(#3804),#3808);
#3804 = LINE('',#3805,#3806);
#3805 = CARTESIAN_POINT('',(24.,-61.));
#3806 = VECTOR('',#3807,1.);
#3807 = DIRECTION('',(0.,-1.));
#3808 = ( GEOMETRIC_REPRESENTATION_CONTEXT(2) 
PARAMETRIC_REPRESENTATION_CONTEXT() REPRESENTATION_CONTEXT('2D SPACE',''
  ) );
#3809 = ORIENTED_EDGE('',*,*,#2578,.F.);
#3810 = ADVANCED_FACE('',(#3811),#2566,.T.);
#3811 = FACE_BOUND('',#3812,.T.);
#3812 = EDGE_LOOP('',(#3813,#3836,#3837,#3838,#3839,#3862));
#3813 = ORIENTED_EDGE('',*,*,#3814,.F.);
#3814 = EDGE_CURVE('',#3172,#3815,#3817,.T.);
#3815 = VERTEX_POINT('',#3816);
#3816 = CARTESIAN_POINT('',(90.,-697.,1.2247E+03));
#3817 = SURFACE_CURVE('',#3818,(#3822,#3829),.PCURVE_S1.);
#3818 = LINE('',#3819,#3820);
#3819 = CARTESIAN_POINT('',(90.,-697.,1.2127E+03));
#3820 = VECTOR('',#3821,1.);
#3821 = DIRECTION('',(0.,0.,1.));
#3822 = PCURVE('',#2566,#3823);
#3823 = DEFINITIONAL_REPRESENTATION('',(#3824),#3828);
#3824 = LINE('',#3825,#3826);
#3825 = CARTESIAN_POINT('',(0.,0.));
#3826 = VECTOR('',#3827,1.);
#3827 = DIRECTION('',(1.,0.));
#3828 = ( GEOMETRIC_REPRESENTATION_CONTEXT(2) 
PARAMETRIC_REPRESENTATION_CONTEXT() REPRESENTATION_CONTEXT('2D SPACE',''
  ) );
#3829 = PCURVE('',#3187,#3830);
#3830 = DEFINITIONAL_REPRESENTATION('',(#3831),#3835);
#3831 = LINE('',#3832,#3833);
#3832 = CARTESIAN_POINT('',(0.,40.));
#3833 = VECTOR('',#3834,1.);
#3834 = DIRECTION('',(1.,0.));
#3835 = ( GEOMETRIC_REPRESENTATION_CONTEXT(2) 
PARAMETRIC_REPRESENTATION_CONTEXT() REPRESENTATION_CONTEXT('2D SPACE',''
  ) );
#3836 = ORIENTED_EDGE('',*,*,#3199,.F.);
#3837 = ORIENTED_EDGE('',*,*,#2550,.T.);
#3838 = ORIENTED_EDGE('',*,*,#3789,.F.);
#3839 = ORIENTED_EDGE('',*,*,#3840,.F.);
#3840 = EDGE_CURVE('',#3841,#3767,#3843,.T.);
#3841 = VERTEX_POINT('',#3842);
#3842 = CARTESIAN_POINT('',(90.,-636.,1.2247E+03));
#3843 = SURFACE_CURVE('',#3844,(#3848,#3855),.PCURVE_S1.);
#3844 = LINE('',#3845,#3846);
#3845 = CARTESIAN_POINT('',(90.,-636.,1.2127E+03));
#3846 = VECTOR('',#3847,1.);
#3847 = DIRECTION('',(0.,0.,1.));
#3848 = PCURVE('',#2566,#3849);
#3849 = DEFINITIONAL_REPRESENTATION('',(#3850),#3854);
#3850 = LINE('',#3851,#3852);
#3851 = CARTESIAN_POINT('',(0.,-61.));
#3852 = VECTOR('',#3853,1.);
#3853 = DIRECTION('',(1.,0.));
#3854 = ( GEOMETRIC_REPRESENTATION_CONTEXT(2) 
PARAMETRIC_REPRESENTATION_CONTEXT() REPRESENTATION_CONTEXT('2D SPACE',''
  ) );
#3855 = PCURVE('',#3724,#3856);
#3856 = DEFINITIONAL_REPRESENTATION('',(#3857),#3861);
#3857 = LINE('',#3858,#3859);
#3858 = CARTESIAN_POINT('',(0.,40.));
#3859 = VECTOR('',#3860,1.);
#3860 = DIRECTION('',(1.,0.));
#3861 = ( GEOMETRIC_REPRESENTATION_CONTEXT(2) 
PARAMETRIC_REPRESENTATION_CONTEXT() REPRESENTATION_CONTEXT('2D SPACE',''
  ) );
#3862 = ORIENTED_EDGE('',*,*,#3863,.F.);
#3863 = EDGE_CURVE('',#3815,#3841,#3864,.T.);
#3864 = SURFACE_CURVE('',#3865,(#3869,#3876),.PCURVE_S1.);
#3865 = LINE('',#3866,#3867);
#3866 = CARTESIAN_POINT('',(90.,-697.,1.2247E+03));
#3867 = VECTOR('',#3868,1.);
#3868 = DIRECTION('',(-0.,1.,0.));
#3869 = PCURVE('',#2566,#3870);
#3870 = DEFINITIONAL_REPRESENTATION('',(#3871),#3875);
#3871 = LINE('',#3872,#3873);
#3872 = CARTESIAN_POINT('',(12.,0.));
#3873 = VECTOR('',#3874,1.);
#3874 = DIRECTION('',(0.,-1.));
#3875 = ( GEOMETRIC_REPRESENTATION_CONTEXT(2) 
PARAMETRIC_REPRESENTATION_CONTEXT() REPRESENTATION_CONTEXT('2D SPACE',''
  ) );
#3876 = PCURVE('',#3750,#3877);
#3877 = DEFINITIONAL_REPRESENTATION('',(#3878),#3882);
#3878 = LINE('',#3879,#3880);
#3879 = CARTESIAN_POINT('',(40.,0.));
#3880 = VECTOR('',#3881,1.);
#3881 = DIRECTION('',(0.,1.));
#3882 = ( GEOMETRIC_REPRESENTATION_CONTEXT(2) 
PARAMETRIC_REPRESENTATION_CONTEXT() REPRESENTATION_CONTEXT('2D SPACE',''
  ) );
#3883 = ADVANCED_FACE('',(#3884),#2515,.T.);
#3884 = FACE_BOUND('',#3885,.T.);
#3885 = EDGE_LOOP('',(#3886,#3887,#3888,#3889));
#3886 = ORIENTED_EDGE('',*,*,#2499,.F.);
#3887 = ORIENTED_EDGE('',*,*,#3221,.T.);
#3888 = ORIENTED_EDGE('',*,*,#3049,.T.);
#3889 = ORIENTED_EDGE('',*,*,#2946,.F.);
#3890 = ADVANCED_FACE('',(#3891),#2912,.F.);
#3891 = FACE_BOUND('',#3892,.F.);
#3892 = EDGE_LOOP('',(#3893,#3894,#3895,#3896));
#3893 = ORIENTED_EDGE('',*,*,#3380,.F.);
#3894 = ORIENTED_EDGE('',*,*,#3406,.T.);
#3895 = ORIENTED_EDGE('',*,*,#2896,.T.);
#3896 = ORIENTED_EDGE('',*,*,#3308,.F.);
#3897 = ADVANCED_FACE('',(#3898),#3009,.T.);
#3898 = FACE_BOUND('',#3899,.T.);
#3899 = EDGE_LOOP('',(#3900,#3929,#3950,#3951));
#3900 = ORIENTED_EDGE('',*,*,#3901,.F.);
#3901 = EDGE_CURVE('',#3902,#3902,#3904,.T.);
#3902 = VERTEX_POINT('',#3903);
#3903 = CARTESIAN_POINT('',(6.,-627.,1.5473E+03));
#3904 = SURFACE_CURVE('',#3905,(#3910,#3917),.PCURVE_S1.);
#3905 = CIRCLE('',#3906,6.);
#3906 = AXIS2_PLACEMENT_3D('',#3907,#3908,#3909);
#3907 = CARTESIAN_POINT('',(0.,-627.,1.5473E+03));
#3908 = DIRECTION('',(0.,0.,1.));
#3909 = DIRECTION('',(1.,0.,-0.));
#3910 = PCURVE('',#3009,#3911);
#3911 = DEFINITIONAL_REPRESENTATION('',(#3912),#3916);
#3912 = LINE('',#3913,#3914);
#3913 = CARTESIAN_POINT('',(0.,22.));
#3914 = VECTOR('',#3915,1.);
#3915 = DIRECTION('',(1.,0.));
#3916 = ( GEOMETRIC_REPRESENTATION_CONTEXT(2) 
PARAMETRIC_REPRESENTATION_CONTEXT() REPRESENTATION_CONTEXT('2D SPACE',''
  ) );
#3917 = PCURVE('',#3918,#3923);
#3918 = PLANE('',#3919);
#3919 = AXIS2_PLACEMENT_3D('',#3920,#3921,#3922);
#3920 = CARTESIAN_POINT('',(0.,-627.,1.5473E+03));
#3921 = DIRECTION('',(0.,0.,1.));
#3922 = DIRECTION('',(1.,0.,-0.));
#3923 = DEFINITIONAL_REPRESENTATION('',(#3924),#3928);
#3924 = CIRCLE('',#3925,6.);
#3925 = AXIS2_PLACEMENT_2D('',#3926,#3927);
#3926 = CARTESIAN_POINT('',(0.,0.));
#3927 = DIRECTION('',(1.,0.));
#3928 = ( GEOMETRIC_REPRESENTATION_CONTEXT(2) 
PARAMETRIC_REPRESENTATION_CONTEXT() REPRESENTATION_CONTEXT('2D SPACE',''
  ) );
#3929 = ORIENTED_EDGE('',*,*,#3930,.F.);
#3930 = EDGE_CURVE('',#2993,#3902,#3931,.T.);
#3931 = SEAM_CURVE('',#3932,(#3936,#3943),.PCURVE_S1.);
#3932 = LINE('',#3933,#3934);
#3933 = CARTESIAN_POINT('',(6.,-627.,1.5253E+03));
#3934 = VECTOR('',#3935,1.);
#3935 = DIRECTION('',(0.,0.,1.));
#3936 = PCURVE('',#3009,#3937);
#3937 = DEFINITIONAL_REPRESENTATION('',(#3938),#3942);
#3938 = LINE('',#3939,#3940);
#3939 = CARTESIAN_POINT('',(6.28318530718,-0.));
#3940 = VECTOR('',#3941,1.);
#3941 = DIRECTION('',(0.,1.));
#3942 = ( GEOMETRIC_REPRESENTATION_CONTEXT(2) 
PARAMETRIC_REPRESENTATION_CONTEXT() REPRESENTATION_CONTEXT('2D SPACE',''
  ) );
#3943 = PCURVE('',#3009,#3944);
#3944 = DEFINITIONAL_REPRESENTATION('',(#3945),#3949);
#3945 = LINE('',#3946,#3947);
#3946 = CARTESIAN_POINT('',(0.,-0.));
#3947 = VECTOR('',#3948,1.);
#3948 = DIRECTION('',(0.,1.));
#3949 = ( GEOMETRIC_REPRESENTATION_CONTEXT(2) 
PARAMETRIC_REPRESENTATION_CONTEXT() REPRESENTATION_CONTEXT('2D SPACE',''
  ) );
#3950 = ORIENTED_EDGE('',*,*,#2992,.T.);
#3951 = ORIENTED_EDGE('',*,*,#3930,.T.);
#3952 = ADVANCED_FACE('',(#3953),#3114,.F.);
#3953 = FACE_BOUND('',#3954,.F.);
#3954 = EDGE_LOOP('',(#3955,#3956,#3957,#3978));
#3955 = ORIENTED_EDGE('',*,*,#3098,.F.);
#3956 = ORIENTED_EDGE('',*,*,#3433,.T.);
#3957 = ORIENTED_EDGE('',*,*,#3958,.T.);
#3958 = EDGE_CURVE('',#3434,#3588,#3959,.T.);
#3959 = SURFACE_CURVE('',#3960,(#3964,#3971),.PCURVE_S1.);
#3960 = LINE('',#3961,#3962);
#3961 = CARTESIAN_POINT('',(-90.,-697.,1.2247E+03));
#3962 = VECTOR('',#3963,1.);
#3963 = DIRECTION('',(1.,0.,-0.));
#3964 = PCURVE('',#3114,#3965);
#3965 = DEFINITIONAL_REPRESENTATION('',(#3966),#3970);
#3966 = LINE('',#3967,#3968);
#3967 = CARTESIAN_POINT('',(12.,0.));
#3968 = VECTOR('',#3969,1.);
#3969 = DIRECTION('',(0.,1.));
#3970 = ( GEOMETRIC_REPRESENTATION_CONTEXT(2) 
PARAMETRIC_REPRESENTATION_CONTEXT() REPRESENTATION_CONTEXT('2D SPACE',''
  ) );
#3971 = PCURVE('',#3523,#3972);
#3972 = DEFINITIONAL_REPRESENTATION('',(#3973),#3977);
#3973 = LINE('',#3974,#3975);
#3974 = CARTESIAN_POINT('',(0.,0.));
#3975 = VECTOR('',#3976,1.);
#3976 = DIRECTION('',(1.,0.));
#3977 = ( GEOMETRIC_REPRESENTATION_CONTEXT(2) 
PARAMETRIC_REPRESENTATION_CONTEXT() REPRESENTATION_CONTEXT('2D SPACE',''
  ) );
#3978 = ORIENTED_EDGE('',*,*,#3587,.F.);
#3979 = ADVANCED_FACE('',(#3980),#3497,.F.);
#3980 = FACE_BOUND('',#3981,.F.);
#3981 = EDGE_LOOP('',(#3982,#4003,#4004,#4005));
#3982 = ORIENTED_EDGE('',*,*,#3983,.F.);
#3983 = EDGE_CURVE('',#3482,#3614,#3984,.T.);
#3984 = SURFACE_CURVE('',#3985,(#3989,#3996),.PCURVE_S1.);
#3985 = LINE('',#3986,#3987);
#3986 = CARTESIAN_POINT('',(-90.,-636.,1.2247E+03));
#3987 = VECTOR('',#3988,1.);
#3988 = DIRECTION('',(1.,0.,-0.));
#3989 = PCURVE('',#3497,#3990);
#3990 = DEFINITIONAL_REPRESENTATION('',(#3991),#3995);
#3991 = LINE('',#3992,#3993);
#3992 = CARTESIAN_POINT('',(12.,0.));
#3993 = VECTOR('',#3994,1.);
#3994 = DIRECTION('',(0.,1.));
#3995 = ( GEOMETRIC_REPRESENTATION_CONTEXT(2) 
PARAMETRIC_REPRESENTATION_CONTEXT() REPRESENTATION_CONTEXT('2D SPACE',''
  ) );
#3996 = PCURVE('',#3523,#3997);
#3997 = DEFINITIONAL_REPRESENTATION('',(#3998),#4002);
#3998 = LINE('',#3999,#4000);
#3999 = CARTESIAN_POINT('',(0.,61.));
#4000 = VECTOR('',#4001,1.);
#4001 = DIRECTION('',(1.,0.));
#4002 = ( GEOMETRIC_REPRESENTATION_CONTEXT(2) 
PARAMETRIC_REPRESENTATION_CONTEXT() REPRESENTATION_CONTEXT('2D SPACE',''
  ) );
#4003 = ORIENTED_EDGE('',*,*,#3481,.T.);
#4004 = ORIENTED_EDGE('',*,*,#3539,.T.);
#4005 = ORIENTED_EDGE('',*,*,#3613,.F.);
#4006 = ADVANCED_FACE('',(#4007,#4013),#3523,.T.);
#4007 = FACE_BOUND('',#4008,.T.);
#4008 = EDGE_LOOP('',(#4009,#4010,#4011,#4012));
#4009 = ORIENTED_EDGE('',*,*,#3509,.F.);
#4010 = ORIENTED_EDGE('',*,*,#3958,.T.);
#4011 = ORIENTED_EDGE('',*,*,#3636,.T.);
#4012 = ORIENTED_EDGE('',*,*,#3983,.F.);
#4013 = FACE_BOUND('',#4014,.T.);
#4014 = EDGE_LOOP('',(#4015));
#4015 = ORIENTED_EDGE('',*,*,#4016,.F.);
#4016 = EDGE_CURVE('',#4017,#4017,#4019,.T.);
#4017 = VERTEX_POINT('',#4018);
#4018 = CARTESIAN_POINT('',(-65.,-691.,1.2247E+03));
#4019 = SURFACE_CURVE('',#4020,(#4025,#4032),.PCURVE_S1.);
#4020 = CIRCLE('',#4021,5.);
#4021 = AXIS2_PLACEMENT_3D('',#4022,#4023,#4024);
#4022 = CARTESIAN_POINT('',(-70.,-691.,1.2247E+03));
#4023 = DIRECTION('',(0.,0.,1.));
#4024 = DIRECTION('',(1.,0.,-0.));
#4025 = PCURVE('',#3523,#4026);
#4026 = DEFINITIONAL_REPRESENTATION('',(#4027),#4031);
#4027 = CIRCLE('',#4028,5.);
#4028 = AXIS2_PLACEMENT_2D('',#4029,#4030);
#4029 = CARTESIAN_POINT('',(20.,6.));
#4030 = DIRECTION('',(1.,0.));
#4031 = ( GEOMETRIC_REPRESENTATION_CONTEXT(2) 
PARAMETRIC_REPRESENTATION_CONTEXT() REPRESENTATION_CONTEXT('2D SPACE',''
  ) );
#4032 = PCURVE('',#4033,#4038);
#4033 = CYLINDRICAL_SURFACE('',#4034,5.);
#4034 = AXIS2_PLACEMENT_3D('',#4035,#4036,#4037);
#4035 = CARTESIAN_POINT('',(-70.,-691.,1.192E+03));
#4036 = DIRECTION('',(0.,0.,1.));
#4037 = DIRECTION('',(1.,0.,-0.));
#4038 = DEFINITIONAL_REPRESENTATION('',(#4039),#4043);
#4039 = LINE('',#4040,#4041);
#4040 = CARTESIAN_POINT('',(0.,32.7));
#4041 = VECTOR('',#4042,1.);
#4042 = DIRECTION('',(1.,0.));
#4043 = ( GEOMETRIC_REPRESENTATION_CONTEXT(2) 
PARAMETRIC_REPRESENTATION_CONTEXT() REPRESENTATION_CONTEXT('2D SPACE',''
  ) );
#4044 = ADVANCED_FACE('',(#4045),#3187,.F.);
#4045 = FACE_BOUND('',#4046,.F.);
#4046 = EDGE_LOOP('',(#4047,#4048,#4049,#4070));
#4047 = ORIENTED_EDGE('',*,*,#3171,.F.);
#4048 = ORIENTED_EDGE('',*,*,#3660,.T.);
#4049 = ORIENTED_EDGE('',*,*,#4050,.T.);
#4050 = EDGE_CURVE('',#3661,#3815,#4051,.T.);
#4051 = SURFACE_CURVE('',#4052,(#4056,#4063),.PCURVE_S1.);
#4052 = LINE('',#4053,#4054);
#4053 = CARTESIAN_POINT('',(50.,-697.,1.2247E+03));
#4054 = VECTOR('',#4055,1.);
#4055 = DIRECTION('',(1.,0.,-0.));
#4056 = PCURVE('',#3187,#4057);
#4057 = DEFINITIONAL_REPRESENTATION('',(#4058),#4062);
#4058 = LINE('',#4059,#4060);
#4059 = CARTESIAN_POINT('',(12.,0.));
#4060 = VECTOR('',#4061,1.);
#4061 = DIRECTION('',(0.,1.));
#4062 = ( GEOMETRIC_REPRESENTATION_CONTEXT(2) 
PARAMETRIC_REPRESENTATION_CONTEXT() REPRESENTATION_CONTEXT('2D SPACE',''
  ) );
#4063 = PCURVE('',#3750,#4064);
#4064 = DEFINITIONAL_REPRESENTATION('',(#4065),#4069);
#4065 = LINE('',#4066,#4067);
#4066 = CARTESIAN_POINT('',(0.,0.));
#4067 = VECTOR('',#4068,1.);
#4068 = DIRECTION('',(1.,0.));
#4069 = ( GEOMETRIC_REPRESENTATION_CONTEXT(2) 
PARAMETRIC_REPRESENTATION_CONTEXT() REPRESENTATION_CONTEXT('2D SPACE',''
  ) );
#4070 = ORIENTED_EDGE('',*,*,#3814,.F.);
#4071 = ADVANCED_FACE('',(#4072),#3724,.F.);
#4072 = FACE_BOUND('',#4073,.F.);
#4073 = EDGE_LOOP('',(#4074,#4095,#4096,#4097));
#4074 = ORIENTED_EDGE('',*,*,#4075,.F.);
#4075 = EDGE_CURVE('',#3709,#3841,#4076,.T.);
#4076 = SURFACE_CURVE('',#4077,(#4081,#4088),.PCURVE_S1.);
#4077 = LINE('',#4078,#4079);
#4078 = CARTESIAN_POINT('',(50.,-636.,1.2247E+03));
#4079 = VECTOR('',#4080,1.);
#4080 = DIRECTION('',(1.,0.,-0.));
#4081 = PCURVE('',#3724,#4082);
#4082 = DEFINITIONAL_REPRESENTATION('',(#4083),#4087);
#4083 = LINE('',#4084,#4085);
#4084 = CARTESIAN_POINT('',(12.,0.));
#4085 = VECTOR('',#4086,1.);
#4086 = DIRECTION('',(0.,1.));
#4087 = ( GEOMETRIC_REPRESENTATION_CONTEXT(2) 
PARAMETRIC_REPRESENTATION_CONTEXT() REPRESENTATION_CONTEXT('2D SPACE',''
  ) );
#4088 = PCURVE('',#3750,#4089);
#4089 = DEFINITIONAL_REPRESENTATION('',(#4090),#4094);
#4090 = LINE('',#4091,#4092);
#4091 = CARTESIAN_POINT('',(0.,61.));
#4092 = VECTOR('',#4093,1.);
#4093 = DIRECTION('',(1.,0.));
#4094 = ( GEOMETRIC_REPRESENTATION_CONTEXT(2) 
PARAMETRIC_REPRESENTATION_CONTEXT() REPRESENTATION_CONTEXT('2D SPACE',''
  ) );
#4095 = ORIENTED_EDGE('',*,*,#3708,.T.);
#4096 = ORIENTED_EDGE('',*,*,#3766,.T.);
#4097 = ORIENTED_EDGE('',*,*,#3840,.F.);
#4098 = ADVANCED_FACE('',(#4099,#4105),#3750,.T.);
#4099 = FACE_BOUND('',#4100,.T.);
#4100 = EDGE_LOOP('',(#4101,#4102,#4103,#4104));
#4101 = ORIENTED_EDGE('',*,*,#3736,.F.);
#4102 = ORIENTED_EDGE('',*,*,#4050,.T.);
#4103 = ORIENTED_EDGE('',*,*,#3863,.T.);
#4104 = ORIENTED_EDGE('',*,*,#4075,.F.);
#4105 = FACE_BOUND('',#4106,.T.);
#4106 = EDGE_LOOP('',(#4107));
#4107 = ORIENTED_EDGE('',*,*,#4108,.F.);
#4108 = EDGE_CURVE('',#4109,#4109,#4111,.T.);
#4109 = VERTEX_POINT('',#4110);
#4110 = CARTESIAN_POINT('',(75.,-691.,1.2247E+03));
#4111 = SURFACE_CURVE('',#4112,(#4117,#4124),.PCURVE_S1.);
#4112 = CIRCLE('',#4113,5.);
#4113 = AXIS2_PLACEMENT_3D('',#4114,#4115,#4116);
#4114 = CARTESIAN_POINT('',(70.,-691.,1.2247E+03));
#4115 = DIRECTION('',(0.,0.,1.));
#4116 = DIRECTION('',(1.,0.,-0.));
#4117 = PCURVE('',#3750,#4118);
#4118 = DEFINITIONAL_REPRESENTATION('',(#4119),#4123);
#4119 = CIRCLE('',#4120,5.);
#4120 = AXIS2_PLACEMENT_2D('',#4121,#4122);
#4121 = CARTESIAN_POINT('',(20.,6.));
#4122 = DIRECTION('',(1.,0.));
#4123 = ( GEOMETRIC_REPRESENTATION_CONTEXT(2) 
PARAMETRIC_REPRESENTATION_CONTEXT() REPRESENTATION_CONTEXT('2D SPACE',''
  ) );
#4124 = PCURVE('',#4125,#4130);
#4125 = CYLINDRICAL_SURFACE('',#4126,5.);
#4126 = AXIS2_PLACEMENT_3D('',#4127,#4128,#4129);
#4127 = CARTESIAN_POINT('',(70.,-691.,1.192E+03));
#4128 = DIRECTION('',(0.,0.,1.));
#4129 = DIRECTION('',(1.,0.,-0.));
#4130 = DEFINITIONAL_REPRESENTATION('',(#4131),#4135);
#4131 = LINE('',#4132,#4133);
#4132 = CARTESIAN_POINT('',(0.,32.7));
#4133 = VECTOR('',#4134,1.);
#4134 = DIRECTION('',(1.,0.));
#4135 = ( GEOMETRIC_REPRESENTATION_CONTEXT(2) 
PARAMETRIC_REPRESENTATION_CONTEXT() REPRESENTATION_CONTEXT('2D SPACE',''
  ) );
#4136 = ADVANCED_FACE('',(#4137),#3918,.T.);
#4137 = FACE_BOUND('',#4138,.T.);
#4138 = EDGE_LOOP('',(#4139));
#4139 = ORIENTED_EDGE('',*,*,#3901,.T.);
#4140 = ADVANCED_FACE('',(#4141),#3262,.T.);
#4141 = FACE_BOUND('',#4142,.T.);
#4142 = EDGE_LOOP('',(#4143,#4174,#4195,#4196,#4197,#4221,#4247,#4276));
#4143 = ORIENTED_EDGE('',*,*,#4144,.T.);
#4144 = EDGE_CURVE('',#4145,#4147,#4149,.T.);
#4145 = VERTEX_POINT('',#4146);
#4146 = CARTESIAN_POINT('',(-65.41742430504,-693.,1.2E+03));
#4147 = VERTEX_POINT('',#4148);
#4148 = CARTESIAN_POINT('',(-65.,-691.,1.2E+03));
#4149 = SURFACE_CURVE('',#4150,(#4155,#4162),.PCURVE_S1.);
#4150 = CIRCLE('',#4151,5.);
#4151 = AXIS2_PLACEMENT_3D('',#4152,#4153,#4154);
#4152 = CARTESIAN_POINT('',(-70.,-691.,1.2E+03));
#4153 = DIRECTION('',(0.,0.,1.));
#4154 = DIRECTION('',(1.,0.,-0.));
#4155 = PCURVE('',#3262,#4156);
#4156 = DEFINITIONAL_REPRESENTATION('',(#4157),#4161);
#4157 = LINE('',#4158,#4159);
#4158 = CARTESIAN_POINT('',(0.,8.));
#4159 = VECTOR('',#4160,1.);
#4160 = DIRECTION('',(1.,0.));
#4161 = ( GEOMETRIC_REPRESENTATION_CONTEXT(2) 
PARAMETRIC_REPRESENTATION_CONTEXT() REPRESENTATION_CONTEXT('2D SPACE',''
  ) );
#4162 = PCURVE('',#4163,#4168);
#4163 = PLANE('',#4164);
#4164 = AXIS2_PLACEMENT_3D('',#4165,#4166,#4167);
#4165 = CARTESIAN_POINT('',(-90.,-693.,1.2E+03));
#4166 = DIRECTION('',(0.,0.,1.));
#4167 = DIRECTION('',(1.,0.,-0.));
#4168 = DEFINITIONAL_REPRESENTATION('',(#4169),#4173);
#4169 = CIRCLE('',#4170,5.);
#4170 = AXIS2_PLACEMENT_2D('',#4171,#4172);
#4171 = CARTESIAN_POINT('',(20.,2.));
#4172 = DIRECTION('',(1.,0.));
#4173 = ( GEOMETRIC_REPRESENTATION_CONTEXT(2) 
PARAMETRIC_REPRESENTATION_CONTEXT() REPRESENTATION_CONTEXT('2D SPACE',''
  ) );
#4174 = ORIENTED_EDGE('',*,*,#4175,.T.);
#4175 = EDGE_CURVE('',#4147,#3246,#4176,.T.);
#4176 = SEAM_CURVE('',#4177,(#4181,#4188),.PCURVE_S1.);
#4177 = LINE('',#4178,#4179);
#4178 = CARTESIAN_POINT('',(-65.,-691.,1.192E+03));
#4179 = VECTOR('',#4180,1.);
#4180 = DIRECTION('',(0.,0.,1.));
#4181 = PCURVE('',#3262,#4182);
#4182 = DEFINITIONAL_REPRESENTATION('',(#4183),#4187);
#4183 = LINE('',#4184,#4185);
#4184 = CARTESIAN_POINT('',(0.,-0.));
#4185 = VECTOR('',#4186,1.);
#4186 = DIRECTION('',(0.,1.));
#4187 = ( GEOMETRIC_REPRESENTATION_CONTEXT(2) 
PARAMETRIC_REPRESENTATION_CONTEXT() REPRESENTATION_CONTEXT('2D SPACE',''
  ) );
#4188 = PCURVE('',#3262,#4189);
#4189 = DEFINITIONAL_REPRESENTATION('',(#4190),#4194);
#4190 = LINE('',#4191,#4192);
#4191 = CARTESIAN_POINT('',(6.28318530718,-0.));
#4192 = VECTOR('',#4193,1.);
#4193 = DIRECTION('',(0.,1.));
#4194 = ( GEOMETRIC_REPRESENTATION_CONTEXT(2) 
PARAMETRIC_REPRESENTATION_CONTEXT() REPRESENTATION_CONTEXT('2D SPACE',''
  ) );
#4195 = ORIENTED_EDGE('',*,*,#3245,.F.);
#4196 = ORIENTED_EDGE('',*,*,#4175,.F.);
#4197 = ORIENTED_EDGE('',*,*,#4198,.T.);
#4198 = EDGE_CURVE('',#4147,#4199,#4201,.T.);
#4199 = VERTEX_POINT('',#4200);
#4200 = CARTESIAN_POINT('',(-74.58257569495,-693.,1.2E+03));
#4201 = SURFACE_CURVE('',#4202,(#4207,#4214),.PCURVE_S1.);
#4202 = CIRCLE('',#4203,5.);
#4203 = AXIS2_PLACEMENT_3D('',#4204,#4205,#4206);
#4204 = CARTESIAN_POINT('',(-70.,-691.,1.2E+03));
#4205 = DIRECTION('',(0.,0.,1.));
#4206 = DIRECTION('',(1.,0.,-0.));
#4207 = PCURVE('',#3262,#4208);
#4208 = DEFINITIONAL_REPRESENTATION('',(#4209),#4213);
#4209 = LINE('',#4210,#4211);
#4210 = CARTESIAN_POINT('',(0.,8.));
#4211 = VECTOR('',#4212,1.);
#4212 = DIRECTION('',(1.,0.));
#4213 = ( GEOMETRIC_REPRESENTATION_CONTEXT(2) 
PARAMETRIC_REPRESENTATION_CONTEXT() REPRESENTATION_CONTEXT('2D SPACE',''
  ) );
#4214 = PCURVE('',#4163,#4215);
#4215 = DEFINITIONAL_REPRESENTATION('',(#4216),#4220);
#4216 = CIRCLE('',#4217,5.);
#4217 = AXIS2_PLACEMENT_2D('',#4218,#4219);
#4218 = CARTESIAN_POINT('',(20.,2.));
#4219 = DIRECTION('',(1.,0.));
#4220 = ( GEOMETRIC_REPRESENTATION_CONTEXT(2) 
PARAMETRIC_REPRESENTATION_CONTEXT() REPRESENTATION_CONTEXT('2D SPACE',''
  ) );
#4221 = ORIENTED_EDGE('',*,*,#4222,.F.);
#4222 = EDGE_CURVE('',#4223,#4199,#4225,.T.);
#4223 = VERTEX_POINT('',#4224);
#4224 = CARTESIAN_POINT('',(-74.58257569495,-693.,1.192E+03));
#4225 = SURFACE_CURVE('',#4226,(#4230,#4236),.PCURVE_S1.);
#4226 = LINE('',#4227,#4228);
#4227 = CARTESIAN_POINT('',(-74.58257569495,-693.,1.192E+03));
#4228 = VECTOR('',#4229,1.);
#4229 = DIRECTION('',(0.,0.,1.));
#4230 = PCURVE('',#3262,#4231);
#4231 = DEFINITIONAL_REPRESENTATION('',(#4232),#4235);
#4232 = B_SPLINE_CURVE_WITH_KNOTS('',1,(#4233,#4234),.UNSPECIFIED.,.F.,
  .F.,(2,2),(-2.40000008489E-06,8.8),.PIECEWISE_BEZIER_KNOTS.);
#4233 = CARTESIAN_POINT('',(3.553109499657,-2.40000008489E-06));
#4234 = CARTESIAN_POINT('',(3.553109499657,8.8));
#4235 = ( GEOMETRIC_REPRESENTATION_CONTEXT(2) 
PARAMETRIC_REPRESENTATION_CONTEXT() REPRESENTATION_CONTEXT('2D SPACE',''
  ) );
#4236 = PCURVE('',#4237,#4242);
#4237 = PLANE('',#4238);
#4238 = AXIS2_PLACEMENT_3D('',#4239,#4240,#4241);
#4239 = CARTESIAN_POINT('',(-90.,-693.,1.192E+03));
#4240 = DIRECTION('',(-0.,1.,0.));
#4241 = DIRECTION('',(0.,0.,1.));
#4242 = DEFINITIONAL_REPRESENTATION('',(#4243),#4246);
#4243 = B_SPLINE_CURVE_WITH_KNOTS('',1,(#4244,#4245),.UNSPECIFIED.,.F.,
  .F.,(2,2),(-2.40000008489E-06,8.8),.PIECEWISE_BEZIER_KNOTS.);
#4244 = CARTESIAN_POINT('',(-2.40000008489E-06,15.417424305044));
#4245 = CARTESIAN_POINT('',(8.8,15.417424305044));
#4246 = ( GEOMETRIC_REPRESENTATION_CONTEXT(2) 
PARAMETRIC_REPRESENTATION_CONTEXT() REPRESENTATION_CONTEXT('2D SPACE',''
  ) );
#4247 = ORIENTED_EDGE('',*,*,#4248,.T.);
#4248 = EDGE_CURVE('',#4223,#4249,#4251,.T.);
#4249 = VERTEX_POINT('',#4250);
#4250 = CARTESIAN_POINT('',(-65.41742430504,-693.,1.192E+03));
#4251 = SURFACE_CURVE('',#4252,(#4257,#4264),.PCURVE_S1.);
#4252 = CIRCLE('',#4253,5.);
#4253 = AXIS2_PLACEMENT_3D('',#4254,#4255,#4256);
#4254 = CARTESIAN_POINT('',(-70.,-691.,1.192E+03));
#4255 = DIRECTION('',(0.,0.,1.));
#4256 = DIRECTION('',(1.,0.,-0.));
#4257 = PCURVE('',#3262,#4258);
#4258 = DEFINITIONAL_REPRESENTATION('',(#4259),#4263);
#4259 = LINE('',#4260,#4261);
#4260 = CARTESIAN_POINT('',(0.,0.));
#4261 = VECTOR('',#4262,1.);
#4262 = DIRECTION('',(1.,0.));
#4263 = ( GEOMETRIC_REPRESENTATION_CONTEXT(2) 
PARAMETRIC_REPRESENTATION_CONTEXT() REPRESENTATION_CONTEXT('2D SPACE',''
  ) );
#4264 = PCURVE('',#4265,#4270);
#4265 = PLANE('',#4266);
#4266 = AXIS2_PLACEMENT_3D('',#4267,#4268,#4269);
#4267 = CARTESIAN_POINT('',(-90.,-693.,1.192E+03));
#4268 = DIRECTION('',(0.,0.,1.));
#4269 = DIRECTION('',(1.,0.,-0.));
#4270 = DEFINITIONAL_REPRESENTATION('',(#4271),#4275);
#4271 = CIRCLE('',#4272,5.);
#4272 = AXIS2_PLACEMENT_2D('',#4273,#4274);
#4273 = CARTESIAN_POINT('',(20.,2.));
#4274 = DIRECTION('',(1.,0.));
#4275 = ( GEOMETRIC_REPRESENTATION_CONTEXT(2) 
PARAMETRIC_REPRESENTATION_CONTEXT() REPRESENTATION_CONTEXT('2D SPACE',''
  ) );
#4276 = ORIENTED_EDGE('',*,*,#4277,.T.);
#4277 = EDGE_CURVE('',#4249,#4145,#4278,.T.);
#4278 = SURFACE_CURVE('',#4279,(#4283,#4289),.PCURVE_S1.);
#4279 = LINE('',#4280,#4281);
#4280 = CARTESIAN_POINT('',(-65.41742430504,-693.,1.192E+03));
#4281 = VECTOR('',#4282,1.);
#4282 = DIRECTION('',(0.,0.,1.));
#4283 = PCURVE('',#3262,#4284);
#4284 = DEFINITIONAL_REPRESENTATION('',(#4285),#4288);
#4285 = B_SPLINE_CURVE_WITH_KNOTS('',1,(#4286,#4287),.UNSPECIFIED.,.F.,
  .F.,(2,2),(-2.40000008489E-06,8.8),.PIECEWISE_BEZIER_KNOTS.);
#4286 = CARTESIAN_POINT('',(5.871668461112,-2.40000008489E-06));
#4287 = CARTESIAN_POINT('',(5.871668461112,8.8));
#4288 = ( GEOMETRIC_REPRESENTATION_CONTEXT(2) 
PARAMETRIC_REPRESENTATION_CONTEXT() REPRESENTATION_CONTEXT('2D SPACE',''
  ) );
#4289 = PCURVE('',#4290,#4295);
#4290 = PLANE('',#4291);
#4291 = AXIS2_PLACEMENT_3D('',#4292,#4293,#4294);
#4292 = CARTESIAN_POINT('',(-90.,-693.,1.192E+03));
#4293 = DIRECTION('',(-0.,1.,0.));
#4294 = DIRECTION('',(0.,0.,1.));
#4295 = DEFINITIONAL_REPRESENTATION('',(#4296),#4299);
#4296 = B_SPLINE_CURVE_WITH_KNOTS('',1,(#4297,#4298),.UNSPECIFIED.,.F.,
  .F.,(2,2),(-2.40000008489E-06,8.8),.PIECEWISE_BEZIER_KNOTS.);
#4297 = CARTESIAN_POINT('',(-2.40000008489E-06,24.582575694956));
#4298 = CARTESIAN_POINT('',(8.8,24.582575694956));
#4299 = ( GEOMETRIC_REPRESENTATION_CONTEXT(2) 
PARAMETRIC_REPRESENTATION_CONTEXT() REPRESENTATION_CONTEXT('2D SPACE',''
  ) );
#4300 = ADVANCED_FACE('',(#4301),#3293,.T.);
#4301 = FACE_BOUND('',#4302,.T.);
#4302 = EDGE_LOOP('',(#4303,#4334,#4355,#4356,#4357,#4381,#4407,#4436));
#4303 = ORIENTED_EDGE('',*,*,#4304,.T.);
#4304 = EDGE_CURVE('',#4305,#4307,#4309,.T.);
#4305 = VERTEX_POINT('',#4306);
#4306 = CARTESIAN_POINT('',(74.582575694956,-693.,1.2E+03));
#4307 = VERTEX_POINT('',#4308);
#4308 = CARTESIAN_POINT('',(75.,-691.,1.2E+03));
#4309 = SURFACE_CURVE('',#4310,(#4315,#4322),.PCURVE_S1.);
#4310 = CIRCLE('',#4311,5.);
#4311 = AXIS2_PLACEMENT_3D('',#4312,#4313,#4314);
#4312 = CARTESIAN_POINT('',(70.,-691.,1.2E+03));
#4313 = DIRECTION('',(0.,0.,1.));
#4314 = DIRECTION('',(1.,0.,-0.));
#4315 = PCURVE('',#3293,#4316);
#4316 = DEFINITIONAL_REPRESENTATION('',(#4317),#4321);
#4317 = LINE('',#4318,#4319);
#4318 = CARTESIAN_POINT('',(0.,8.));
#4319 = VECTOR('',#4320,1.);
#4320 = DIRECTION('',(1.,0.));
#4321 = ( GEOMETRIC_REPRESENTATION_CONTEXT(2) 
PARAMETRIC_REPRESENTATION_CONTEXT() REPRESENTATION_CONTEXT('2D SPACE',''
  ) );
#4322 = PCURVE('',#4323,#4328);
#4323 = PLANE('',#4324);
#4324 = AXIS2_PLACEMENT_3D('',#4325,#4326,#4327);
#4325 = CARTESIAN_POINT('',(50.,-693.,1.2E+03));
#4326 = DIRECTION('',(0.,0.,1.));
#4327 = DIRECTION('',(1.,0.,-0.));
#4328 = DEFINITIONAL_REPRESENTATION('',(#4329),#4333);
#4329 = CIRCLE('',#4330,5.);
#4330 = AXIS2_PLACEMENT_2D('',#4331,#4332);
#4331 = CARTESIAN_POINT('',(20.,2.));
#4332 = DIRECTION('',(1.,0.));
#4333 = ( GEOMETRIC_REPRESENTATION_CONTEXT(2) 
PARAMETRIC_REPRESENTATION_CONTEXT() REPRESENTATION_CONTEXT('2D SPACE',''
  ) );
#4334 = ORIENTED_EDGE('',*,*,#4335,.T.);
#4335 = EDGE_CURVE('',#4307,#3277,#4336,.T.);
#4336 = SEAM_CURVE('',#4337,(#4341,#4348),.PCURVE_S1.);
#4337 = LINE('',#4338,#4339);
#4338 = CARTESIAN_POINT('',(75.,-691.,1.192E+03));
#4339 = VECTOR('',#4340,1.);
#4340 = DIRECTION('',(0.,0.,1.));
#4341 = PCURVE('',#3293,#4342);
#4342 = DEFINITIONAL_REPRESENTATION('',(#4343),#4347);
#4343 = LINE('',#4344,#4345);
#4344 = CARTESIAN_POINT('',(0.,-0.));
#4345 = VECTOR('',#4346,1.);
#4346 = DIRECTION('',(0.,1.));
#4347 = ( GEOMETRIC_REPRESENTATION_CONTEXT(2) 
PARAMETRIC_REPRESENTATION_CONTEXT() REPRESENTATION_CONTEXT('2D SPACE',''
  ) );
#4348 = PCURVE('',#3293,#4349);
#4349 = DEFINITIONAL_REPRESENTATION('',(#4350),#4354);
#4350 = LINE('',#4351,#4352);
#4351 = CARTESIAN_POINT('',(6.28318530718,-0.));
#4352 = VECTOR('',#4353,1.);
#4353 = DIRECTION('',(0.,1.));
#4354 = ( GEOMETRIC_REPRESENTATION_CONTEXT(2) 
PARAMETRIC_REPRESENTATION_CONTEXT() REPRESENTATION_CONTEXT('2D SPACE',''
  ) );
#4355 = ORIENTED_EDGE('',*,*,#3276,.F.);
#4356 = ORIENTED_EDGE('',*,*,#4335,.F.);
#4357 = ORIENTED_EDGE('',*,*,#4358,.T.);
#4358 = EDGE_CURVE('',#4307,#4359,#4361,.T.);
#4359 = VERTEX_POINT('',#4360);
#4360 = CARTESIAN_POINT('',(65.417424305044,-693.,1.2E+03));
#4361 = SURFACE_CURVE('',#4362,(#4367,#4374),.PCURVE_S1.);
#4362 = CIRCLE('',#4363,5.);
#4363 = AXIS2_PLACEMENT_3D('',#4364,#4365,#4366);
#4364 = CARTESIAN_POINT('',(70.,-691.,1.2E+03));
#4365 = DIRECTION('',(0.,0.,1.));
#4366 = DIRECTION('',(1.,0.,-0.));
#4367 = PCURVE('',#3293,#4368);
#4368 = DEFINITIONAL_REPRESENTATION('',(#4369),#4373);
#4369 = LINE('',#4370,#4371);
#4370 = CARTESIAN_POINT('',(0.,8.));
#4371 = VECTOR('',#4372,1.);
#4372 = DIRECTION('',(1.,0.));
#4373 = ( GEOMETRIC_REPRESENTATION_CONTEXT(2) 
PARAMETRIC_REPRESENTATION_CONTEXT() REPRESENTATION_CONTEXT('2D SPACE',''
  ) );
#4374 = PCURVE('',#4323,#4375);
#4375 = DEFINITIONAL_REPRESENTATION('',(#4376),#4380);
#4376 = CIRCLE('',#4377,5.);
#4377 = AXIS2_PLACEMENT_2D('',#4378,#4379);
#4378 = CARTESIAN_POINT('',(20.,2.));
#4379 = DIRECTION('',(1.,0.));
#4380 = ( GEOMETRIC_REPRESENTATION_CONTEXT(2) 
PARAMETRIC_REPRESENTATION_CONTEXT() REPRESENTATION_CONTEXT('2D SPACE',''
  ) );
#4381 = ORIENTED_EDGE('',*,*,#4382,.F.);
#4382 = EDGE_CURVE('',#4383,#4359,#4385,.T.);
#4383 = VERTEX_POINT('',#4384);
#4384 = CARTESIAN_POINT('',(65.417424305044,-693.,1.192E+03));
#4385 = SURFACE_CURVE('',#4386,(#4390,#4396),.PCURVE_S1.);
#4386 = LINE('',#4387,#4388);
#4387 = CARTESIAN_POINT('',(65.417424305044,-693.,1.192E+03));
#4388 = VECTOR('',#4389,1.);
#4389 = DIRECTION('',(0.,0.,1.));
#4390 = PCURVE('',#3293,#4391);
#4391 = DEFINITIONAL_REPRESENTATION('',(#4392),#4395);
#4392 = B_SPLINE_CURVE_WITH_KNOTS('',1,(#4393,#4394),.UNSPECIFIED.,.F.,
  .F.,(2,2),(-2.40000008489E-06,8.8),.PIECEWISE_BEZIER_KNOTS.);
#4393 = CARTESIAN_POINT('',(3.553109499657,-2.40000008489E-06));
#4394 = CARTESIAN_POINT('',(3.553109499657,8.8));
#4395 = ( GEOMETRIC_REPRESENTATION_CONTEXT(2) 
PARAMETRIC_REPRESENTATION_CONTEXT() REPRESENTATION_CONTEXT('2D SPACE',''
  ) );
#4396 = PCURVE('',#4397,#4402);
#4397 = PLANE('',#4398);
#4398 = AXIS2_PLACEMENT_3D('',#4399,#4400,#4401);
#4399 = CARTESIAN_POINT('',(50.,-693.,1.192E+03));
#4400 = DIRECTION('',(-0.,1.,0.));
#4401 = DIRECTION('',(0.,0.,1.));
#4402 = DEFINITIONAL_REPRESENTATION('',(#4403),#4406);
#4403 = B_SPLINE_CURVE_WITH_KNOTS('',1,(#4404,#4405),.UNSPECIFIED.,.F.,
  .F.,(2,2),(-2.40000008489E-06,8.8),.PIECEWISE_BEZIER_KNOTS.);
#4404 = CARTESIAN_POINT('',(-2.40000008489E-06,15.417424305044));
#4405 = CARTESIAN_POINT('',(8.8,15.417424305044));
#4406 = ( GEOMETRIC_REPRESENTATION_CONTEXT(2) 
PARAMETRIC_REPRESENTATION_CONTEXT() REPRESENTATION_CONTEXT('2D SPACE',''
  ) );
#4407 = ORIENTED_EDGE('',*,*,#4408,.T.);
#4408 = EDGE_CURVE('',#4383,#4409,#4411,.T.);
#4409 = VERTEX_POINT('',#4410);
#4410 = CARTESIAN_POINT('',(74.582575694956,-693.,1.192E+03));
#4411 = SURFACE_CURVE('',#4412,(#4417,#4424),.PCURVE_S1.);
#4412 = CIRCLE('',#4413,5.);
#4413 = AXIS2_PLACEMENT_3D('',#4414,#4415,#4416);
#4414 = CARTESIAN_POINT('',(70.,-691.,1.192E+03));
#4415 = DIRECTION('',(0.,0.,1.));
#4416 = DIRECTION('',(1.,0.,-0.));
#4417 = PCURVE('',#3293,#4418);
#4418 = DEFINITIONAL_REPRESENTATION('',(#4419),#4423);
#4419 = LINE('',#4420,#4421);
#4420 = CARTESIAN_POINT('',(0.,0.));
#4421 = VECTOR('',#4422,1.);
#4422 = DIRECTION('',(1.,0.));
#4423 = ( GEOMETRIC_REPRESENTATION_CONTEXT(2) 
PARAMETRIC_REPRESENTATION_CONTEXT() REPRESENTATION_CONTEXT('2D SPACE',''
  ) );
#4424 = PCURVE('',#4425,#4430);
#4425 = PLANE('',#4426);
#4426 = AXIS2_PLACEMENT_3D('',#4427,#4428,#4429);
#4427 = CARTESIAN_POINT('',(50.,-693.,1.192E+03));
#4428 = DIRECTION('',(0.,0.,1.));
#4429 = DIRECTION('',(1.,0.,-0.));
#4430 = DEFINITIONAL_REPRESENTATION('',(#4431),#4435);
#4431 = CIRCLE('',#4432,5.);
#4432 = AXIS2_PLACEMENT_2D('',#4433,#4434);
#4433 = CARTESIAN_POINT('',(20.,2.));
#4434 = DIRECTION('',(1.,0.));
#4435 = ( GEOMETRIC_REPRESENTATION_CONTEXT(2) 
PARAMETRIC_REPRESENTATION_CONTEXT() REPRESENTATION_CONTEXT('2D SPACE',''
  ) );
#4436 = ORIENTED_EDGE('',*,*,#4437,.T.);
#4437 = EDGE_CURVE('',#4409,#4305,#4438,.T.);
#4438 = SURFACE_CURVE('',#4439,(#4443,#4449),.PCURVE_S1.);
#4439 = LINE('',#4440,#4441);
#4440 = CARTESIAN_POINT('',(74.582575694956,-693.,1.192E+03));
#4441 = VECTOR('',#4442,1.);
#4442 = DIRECTION('',(0.,0.,1.));
#4443 = PCURVE('',#3293,#4444);
#4444 = DEFINITIONAL_REPRESENTATION('',(#4445),#4448);
#4445 = B_SPLINE_CURVE_WITH_KNOTS('',1,(#4446,#4447),.UNSPECIFIED.,.F.,
  .F.,(2,2),(-2.40000008489E-06,8.8),.PIECEWISE_BEZIER_KNOTS.);
#4446 = CARTESIAN_POINT('',(5.871668461112,-2.40000008489E-06));
#4447 = CARTESIAN_POINT('',(5.871668461112,8.8));
#4448 = ( GEOMETRIC_REPRESENTATION_CONTEXT(2) 
PARAMETRIC_REPRESENTATION_CONTEXT() REPRESENTATION_CONTEXT('2D SPACE',''
  ) );
#4449 = PCURVE('',#4450,#4455);
#4450 = PLANE('',#4451);
#4451 = AXIS2_PLACEMENT_3D('',#4452,#4453,#4454);
#4452 = CARTESIAN_POINT('',(50.,-693.,1.192E+03));
#4453 = DIRECTION('',(-0.,1.,0.));
#4454 = DIRECTION('',(0.,0.,1.));
#4455 = DEFINITIONAL_REPRESENTATION('',(#4456),#4459);
#4456 = B_SPLINE_CURVE_WITH_KNOTS('',1,(#4457,#4458),.UNSPECIFIED.,.F.,
  .F.,(2,2),(-2.40000008489E-06,8.8),.PIECEWISE_BEZIER_KNOTS.);
#4457 = CARTESIAN_POINT('',(-2.40000008489E-06,24.582575694956));
#4458 = CARTESIAN_POINT('',(8.8,24.582575694956));
#4459 = ( GEOMETRIC_REPRESENTATION_CONTEXT(2) 
PARAMETRIC_REPRESENTATION_CONTEXT() REPRESENTATION_CONTEXT('2D SPACE',''
  ) );
#4460 = ADVANCED_FACE('',(#4461),#4033,.T.);
#4461 = FACE_BOUND('',#4462,.T.);
#4462 = EDGE_LOOP('',(#4463,#4464,#4487,#4514));
#4463 = ORIENTED_EDGE('',*,*,#4016,.T.);
#4464 = ORIENTED_EDGE('',*,*,#4465,.T.);
#4465 = EDGE_CURVE('',#4017,#4466,#4468,.T.);
#4466 = VERTEX_POINT('',#4467);
#4467 = CARTESIAN_POINT('',(-65.,-691.,1.2367E+03));
#4468 = SEAM_CURVE('',#4469,(#4473,#4480),.PCURVE_S1.);
#4469 = LINE('',#4470,#4471);
#4470 = CARTESIAN_POINT('',(-65.,-691.,1.192E+03));
#4471 = VECTOR('',#4472,1.);
#4472 = DIRECTION('',(0.,0.,1.));
#4473 = PCURVE('',#4033,#4474);
#4474 = DEFINITIONAL_REPRESENTATION('',(#4475),#4479);
#4475 = LINE('',#4476,#4477);
#4476 = CARTESIAN_POINT('',(0.,-0.));
#4477 = VECTOR('',#4478,1.);
#4478 = DIRECTION('',(0.,1.));
#4479 = ( GEOMETRIC_REPRESENTATION_CONTEXT(2) 
PARAMETRIC_REPRESENTATION_CONTEXT() REPRESENTATION_CONTEXT('2D SPACE',''
  ) );
#4480 = PCURVE('',#4033,#4481);
#4481 = DEFINITIONAL_REPRESENTATION('',(#4482),#4486);
#4482 = LINE('',#4483,#4484);
#4483 = CARTESIAN_POINT('',(6.28318530718,-0.));
#4484 = VECTOR('',#4485,1.);
#4485 = DIRECTION('',(0.,1.));
#4486 = ( GEOMETRIC_REPRESENTATION_CONTEXT(2) 
PARAMETRIC_REPRESENTATION_CONTEXT() REPRESENTATION_CONTEXT('2D SPACE',''
  ) );
#4487 = ORIENTED_EDGE('',*,*,#4488,.F.);
#4488 = EDGE_CURVE('',#4466,#4466,#4489,.T.);
#4489 = SURFACE_CURVE('',#4490,(#4495,#4502),.PCURVE_S1.);
#4490 = CIRCLE('',#4491,5.);
#4491 = AXIS2_PLACEMENT_3D('',#4492,#4493,#4494);
#4492 = CARTESIAN_POINT('',(-70.,-691.,1.2367E+03));
#4493 = DIRECTION('',(0.,0.,1.));
#4494 = DIRECTION('',(1.,0.,-0.));
#4495 = PCURVE('',#4033,#4496);
#4496 = DEFINITIONAL_REPRESENTATION('',(#4497),#4501);
#4497 = LINE('',#4498,#4499);
#4498 = CARTESIAN_POINT('',(0.,44.7));
#4499 = VECTOR('',#4500,1.);
#4500 = DIRECTION('',(1.,0.));
#4501 = ( GEOMETRIC_REPRESENTATION_CONTEXT(2) 
PARAMETRIC_REPRESENTATION_CONTEXT() REPRESENTATION_CONTEXT('2D SPACE',''
  ) );
#4502 = PCURVE('',#4503,#4508);
#4503 = PLANE('',#4504);
#4504 = AXIS2_PLACEMENT_3D('',#4505,#4506,#4507);
#4505 = CARTESIAN_POINT('',(-70.,-691.,1.2367E+03));
#4506 = DIRECTION('',(0.,0.,1.));
#4507 = DIRECTION('',(1.,0.,-0.));
#4508 = DEFINITIONAL_REPRESENTATION('',(#4509),#4513);
#4509 = CIRCLE('',#4510,5.);
#4510 = AXIS2_PLACEMENT_2D('',#4511,#4512);
#4511 = CARTESIAN_POINT('',(0.,0.));
#4512 = DIRECTION('',(1.,0.));
#4513 = ( GEOMETRIC_REPRESENTATION_CONTEXT(2) 
PARAMETRIC_REPRESENTATION_CONTEXT() REPRESENTATION_CONTEXT('2D SPACE',''
  ) );
#4514 = ORIENTED_EDGE('',*,*,#4465,.F.);
#4515 = ADVANCED_FACE('',(#4516),#4125,.T.);
#4516 = FACE_BOUND('',#4517,.T.);
#4517 = EDGE_LOOP('',(#4518,#4519,#4542,#4569));
#4518 = ORIENTED_EDGE('',*,*,#4108,.T.);
#4519 = ORIENTED_EDGE('',*,*,#4520,.T.);
#4520 = EDGE_CURVE('',#4109,#4521,#4523,.T.);
#4521 = VERTEX_POINT('',#4522);
#4522 = CARTESIAN_POINT('',(75.,-691.,1.2367E+03));
#4523 = SEAM_CURVE('',#4524,(#4528,#4535),.PCURVE_S1.);
#4524 = LINE('',#4525,#4526);
#4525 = CARTESIAN_POINT('',(75.,-691.,1.192E+03));
#4526 = VECTOR('',#4527,1.);
#4527 = DIRECTION('',(0.,0.,1.));
#4528 = PCURVE('',#4125,#4529);
#4529 = DEFINITIONAL_REPRESENTATION('',(#4530),#4534);
#4530 = LINE('',#4531,#4532);
#4531 = CARTESIAN_POINT('',(0.,-0.));
#4532 = VECTOR('',#4533,1.);
#4533 = DIRECTION('',(0.,1.));
#4534 = ( GEOMETRIC_REPRESENTATION_CONTEXT(2) 
PARAMETRIC_REPRESENTATION_CONTEXT() REPRESENTATION_CONTEXT('2D SPACE',''
  ) );
#4535 = PCURVE('',#4125,#4536);
#4536 = DEFINITIONAL_REPRESENTATION('',(#4537),#4541);
#4537 = LINE('',#4538,#4539);
#4538 = CARTESIAN_POINT('',(6.28318530718,-0.));
#4539 = VECTOR('',#4540,1.);
#4540 = DIRECTION('',(0.,1.));
#4541 = ( GEOMETRIC_REPRESENTATION_CONTEXT(2) 
PARAMETRIC_REPRESENTATION_CONTEXT() REPRESENTATION_CONTEXT('2D SPACE',''
  ) );
#4542 = ORIENTED_EDGE('',*,*,#4543,.F.);
#4543 = EDGE_CURVE('',#4521,#4521,#4544,.T.);
#4544 = SURFACE_CURVE('',#4545,(#4550,#4557),.PCURVE_S1.);
#4545 = CIRCLE('',#4546,5.);
#4546 = AXIS2_PLACEMENT_3D('',#4547,#4548,#4549);
#4547 = CARTESIAN_POINT('',(70.,-691.,1.2367E+03));
#4548 = DIRECTION('',(0.,0.,1.));
#4549 = DIRECTION('',(1.,0.,-0.));
#4550 = PCURVE('',#4125,#4551);
#4551 = DEFINITIONAL_REPRESENTATION('',(#4552),#4556);
#4552 = LINE('',#4553,#4554);
#4553 = CARTESIAN_POINT('',(0.,44.7));
#4554 = VECTOR('',#4555,1.);
#4555 = DIRECTION('',(1.,0.));
#4556 = ( GEOMETRIC_REPRESENTATION_CONTEXT(2) 
PARAMETRIC_REPRESENTATION_CONTEXT() REPRESENTATION_CONTEXT('2D SPACE',''
  ) );
#4557 = PCURVE('',#4558,#4563);
#4558 = PLANE('',#4559);
#4559 = AXIS2_PLACEMENT_3D('',#4560,#4561,#4562);
#4560 = CARTESIAN_POINT('',(70.,-691.,1.2367E+03));
#4561 = DIRECTION('',(0.,0.,1.));
#4562 = DIRECTION('',(1.,0.,-0.));
#4563 = DEFINITIONAL_REPRESENTATION('',(#4564),#4568);
#4564 = CIRCLE('',#4565,5.);
#4565 = AXIS2_PLACEMENT_2D('',#4566,#4567);
#4566 = CARTESIAN_POINT('',(0.,0.));
#4567 = DIRECTION('',(1.,0.));
#4568 = ( GEOMETRIC_REPRESENTATION_CONTEXT(2) 
PARAMETRIC_REPRESENTATION_CONTEXT() REPRESENTATION_CONTEXT('2D SPACE',''
  ) );
#4569 = ORIENTED_EDGE('',*,*,#4520,.F.);
#4570 = ADVANCED_FACE('',(#4571),#4163,.T.);
#4571 = FACE_BOUND('',#4572,.T.);
#4572 = EDGE_LOOP('',(#4573,#4603,#4631,#4652,#4653,#4654,#4677));
#4573 = ORIENTED_EDGE('',*,*,#4574,.F.);
#4574 = EDGE_CURVE('',#4575,#4577,#4579,.T.);
#4575 = VERTEX_POINT('',#4576);
#4576 = CARTESIAN_POINT('',(-90.,-663.,1.2E+03));
#4577 = VERTEX_POINT('',#4578);
#4578 = CARTESIAN_POINT('',(-50.,-663.,1.2E+03));
#4579 = SURFACE_CURVE('',#4580,(#4584,#4591),.PCURVE_S1.);
#4580 = LINE('',#4581,#4582);
#4581 = CARTESIAN_POINT('',(-90.,-663.,1.2E+03));
#4582 = VECTOR('',#4583,1.);
#4583 = DIRECTION('',(1.,0.,-0.));
#4584 = PCURVE('',#4163,#4585);
#4585 = DEFINITIONAL_REPRESENTATION('',(#4586),#4590);
#4586 = LINE('',#4587,#4588);
#4587 = CARTESIAN_POINT('',(0.,30.));
#4588 = VECTOR('',#4589,1.);
#4589 = DIRECTION('',(1.,0.));
#4590 = ( GEOMETRIC_REPRESENTATION_CONTEXT(2) 
PARAMETRIC_REPRESENTATION_CONTEXT() REPRESENTATION_CONTEXT('2D SPACE',''
  ) );
#4591 = PCURVE('',#4592,#4597);
#4592 = PLANE('',#4593);
#4593 = AXIS2_PLACEMENT_3D('',#4594,#4595,#4596);
#4594 = CARTESIAN_POINT('',(-90.,-663.,1.192E+03));
#4595 = DIRECTION('',(-0.,1.,0.));
#4596 = DIRECTION('',(0.,0.,1.));
#4597 = DEFINITIONAL_REPRESENTATION('',(#4598),#4602);
#4598 = LINE('',#4599,#4600);
#4599 = CARTESIAN_POINT('',(8.,0.));
#4600 = VECTOR('',#4601,1.);
#4601 = DIRECTION('',(0.,1.));
#4602 = ( GEOMETRIC_REPRESENTATION_CONTEXT(2) 
PARAMETRIC_REPRESENTATION_CONTEXT() REPRESENTATION_CONTEXT('2D SPACE',''
  ) );
#4603 = ORIENTED_EDGE('',*,*,#4604,.F.);
#4604 = EDGE_CURVE('',#4605,#4575,#4607,.T.);
#4605 = VERTEX_POINT('',#4606);
#4606 = CARTESIAN_POINT('',(-90.,-693.,1.2E+03));
#4607 = SURFACE_CURVE('',#4608,(#4612,#4619),.PCURVE_S1.);
#4608 = LINE('',#4609,#4610);
#4609 = CARTESIAN_POINT('',(-90.,-693.,1.2E+03));
#4610 = VECTOR('',#4611,1.);
#4611 = DIRECTION('',(-0.,1.,0.));
#4612 = PCURVE('',#4163,#4613);
#4613 = DEFINITIONAL_REPRESENTATION('',(#4614),#4618);
#4614 = LINE('',#4615,#4616);
#4615 = CARTESIAN_POINT('',(0.,0.));
#4616 = VECTOR('',#4617,1.);
#4617 = DIRECTION('',(0.,1.));
#4618 = ( GEOMETRIC_REPRESENTATION_CONTEXT(2) 
PARAMETRIC_REPRESENTATION_CONTEXT() REPRESENTATION_CONTEXT('2D SPACE',''
  ) );
#4619 = PCURVE('',#4620,#4625);
#4620 = PLANE('',#4621);
#4621 = AXIS2_PLACEMENT_3D('',#4622,#4623,#4624);
#4622 = CARTESIAN_POINT('',(-90.,-693.,1.192E+03));
#4623 = DIRECTION('',(1.,0.,-0.));
#4624 = DIRECTION('',(0.,0.,1.));
#4625 = DEFINITIONAL_REPRESENTATION('',(#4626),#4630);
#4626 = LINE('',#4627,#4628);
#4627 = CARTESIAN_POINT('',(8.,0.));
#4628 = VECTOR('',#4629,1.);
#4629 = DIRECTION('',(0.,-1.));
#4630 = ( GEOMETRIC_REPRESENTATION_CONTEXT(2) 
PARAMETRIC_REPRESENTATION_CONTEXT() REPRESENTATION_CONTEXT('2D SPACE',''
  ) );
#4631 = ORIENTED_EDGE('',*,*,#4632,.T.);
#4632 = EDGE_CURVE('',#4605,#4199,#4633,.T.);
#4633 = SURFACE_CURVE('',#4634,(#4638,#4645),.PCURVE_S1.);
#4634 = LINE('',#4635,#4636);
#4635 = CARTESIAN_POINT('',(-90.,-693.,1.2E+03));
#4636 = VECTOR('',#4637,1.);
#4637 = DIRECTION('',(1.,0.,-0.));
#4638 = PCURVE('',#4163,#4639);
#4639 = DEFINITIONAL_REPRESENTATION('',(#4640),#4644);
#4640 = LINE('',#4641,#4642);
#4641 = CARTESIAN_POINT('',(0.,0.));
#4642 = VECTOR('',#4643,1.);
#4643 = DIRECTION('',(1.,0.));
#4644 = ( GEOMETRIC_REPRESENTATION_CONTEXT(2) 
PARAMETRIC_REPRESENTATION_CONTEXT() REPRESENTATION_CONTEXT('2D SPACE',''
  ) );
#4645 = PCURVE('',#4237,#4646);
#4646 = DEFINITIONAL_REPRESENTATION('',(#4647),#4651);
#4647 = LINE('',#4648,#4649);
#4648 = CARTESIAN_POINT('',(8.,0.));
#4649 = VECTOR('',#4650,1.);
#4650 = DIRECTION('',(0.,1.));
#4651 = ( GEOMETRIC_REPRESENTATION_CONTEXT(2) 
PARAMETRIC_REPRESENTATION_CONTEXT() REPRESENTATION_CONTEXT('2D SPACE',''
  ) );
#4652 = ORIENTED_EDGE('',*,*,#4198,.F.);
#4653 = ORIENTED_EDGE('',*,*,#4144,.F.);
#4654 = ORIENTED_EDGE('',*,*,#4655,.T.);
#4655 = EDGE_CURVE('',#4145,#4656,#4658,.T.);
#4656 = VERTEX_POINT('',#4657);
#4657 = CARTESIAN_POINT('',(-50.,-693.,1.2E+03));
#4658 = SURFACE_CURVE('',#4659,(#4663,#4670),.PCURVE_S1.);
#4659 = LINE('',#4660,#4661);
#4660 = CARTESIAN_POINT('',(-90.,-693.,1.2E+03));
#4661 = VECTOR('',#4662,1.);
#4662 = DIRECTION('',(1.,0.,-0.));
#4663 = PCURVE('',#4163,#4664);
#4664 = DEFINITIONAL_REPRESENTATION('',(#4665),#4669);
#4665 = LINE('',#4666,#4667);
#4666 = CARTESIAN_POINT('',(0.,0.));
#4667 = VECTOR('',#4668,1.);
#4668 = DIRECTION('',(1.,0.));
#4669 = ( GEOMETRIC_REPRESENTATION_CONTEXT(2) 
PARAMETRIC_REPRESENTATION_CONTEXT() REPRESENTATION_CONTEXT('2D SPACE',''
  ) );
#4670 = PCURVE('',#4290,#4671);
#4671 = DEFINITIONAL_REPRESENTATION('',(#4672),#4676);
#4672 = LINE('',#4673,#4674);
#4673 = CARTESIAN_POINT('',(8.,0.));
#4674 = VECTOR('',#4675,1.);
#4675 = DIRECTION('',(0.,1.));
#4676 = ( GEOMETRIC_REPRESENTATION_CONTEXT(2) 
PARAMETRIC_REPRESENTATION_CONTEXT() REPRESENTATION_CONTEXT('2D SPACE',''
  ) );
#4677 = ORIENTED_EDGE('',*,*,#4678,.T.);
#4678 = EDGE_CURVE('',#4656,#4577,#4679,.T.);
#4679 = SURFACE_CURVE('',#4680,(#4684,#4691),.PCURVE_S1.);
#4680 = LINE('',#4681,#4682);
#4681 = CARTESIAN_POINT('',(-50.,-693.,1.2E+03));
#4682 = VECTOR('',#4683,1.);
#4683 = DIRECTION('',(-0.,1.,0.));
#4684 = PCURVE('',#4163,#4685);
#4685 = DEFINITIONAL_REPRESENTATION('',(#4686),#4690);
#4686 = LINE('',#4687,#4688);
#4687 = CARTESIAN_POINT('',(40.,0.));
#4688 = VECTOR('',#4689,1.);
#4689 = DIRECTION('',(0.,1.));
#4690 = ( GEOMETRIC_REPRESENTATION_CONTEXT(2) 
PARAMETRIC_REPRESENTATION_CONTEXT() REPRESENTATION_CONTEXT('2D SPACE',''
  ) );
#4691 = PCURVE('',#4692,#4697);
#4692 = PLANE('',#4693);
#4693 = AXIS2_PLACEMENT_3D('',#4694,#4695,#4696);
#4694 = CARTESIAN_POINT('',(-50.,-693.,1.192E+03));
#4695 = DIRECTION('',(1.,0.,-0.));
#4696 = DIRECTION('',(0.,0.,1.));
#4697 = DEFINITIONAL_REPRESENTATION('',(#4698),#4702);
#4698 = LINE('',#4699,#4700);
#4699 = CARTESIAN_POINT('',(8.,0.));
#4700 = VECTOR('',#4701,1.);
#4701 = DIRECTION('',(0.,-1.));
#4702 = ( GEOMETRIC_REPRESENTATION_CONTEXT(2) 
PARAMETRIC_REPRESENTATION_CONTEXT() REPRESENTATION_CONTEXT('2D SPACE',''
  ) );
#4703 = ADVANCED_FACE('',(#4704),#4290,.F.);
#4704 = FACE_BOUND('',#4705,.F.);
#4705 = EDGE_LOOP('',(#4706,#4729,#4730,#4731));
#4706 = ORIENTED_EDGE('',*,*,#4707,.F.);
#4707 = EDGE_CURVE('',#4249,#4708,#4710,.T.);
#4708 = VERTEX_POINT('',#4709);
#4709 = CARTESIAN_POINT('',(-50.,-693.,1.192E+03));
#4710 = SURFACE_CURVE('',#4711,(#4715,#4722),.PCURVE_S1.);
#4711 = LINE('',#4712,#4713);
#4712 = CARTESIAN_POINT('',(-90.,-693.,1.192E+03));
#4713 = VECTOR('',#4714,1.);
#4714 = DIRECTION('',(1.,0.,-0.));
#4715 = PCURVE('',#4290,#4716);
#4716 = DEFINITIONAL_REPRESENTATION('',(#4717),#4721);
#4717 = LINE('',#4718,#4719);
#4718 = CARTESIAN_POINT('',(0.,0.));
#4719 = VECTOR('',#4720,1.);
#4720 = DIRECTION('',(0.,1.));
#4721 = ( GEOMETRIC_REPRESENTATION_CONTEXT(2) 
PARAMETRIC_REPRESENTATION_CONTEXT() REPRESENTATION_CONTEXT('2D SPACE',''
  ) );
#4722 = PCURVE('',#4265,#4723);
#4723 = DEFINITIONAL_REPRESENTATION('',(#4724),#4728);
#4724 = LINE('',#4725,#4726);
#4725 = CARTESIAN_POINT('',(0.,0.));
#4726 = VECTOR('',#4727,1.);
#4727 = DIRECTION('',(1.,0.));
#4728 = ( GEOMETRIC_REPRESENTATION_CONTEXT(2) 
PARAMETRIC_REPRESENTATION_CONTEXT() REPRESENTATION_CONTEXT('2D SPACE',''
  ) );
#4729 = ORIENTED_EDGE('',*,*,#4277,.T.);
#4730 = ORIENTED_EDGE('',*,*,#4655,.T.);
#4731 = ORIENTED_EDGE('',*,*,#4732,.F.);
#4732 = EDGE_CURVE('',#4708,#4656,#4733,.T.);
#4733 = SURFACE_CURVE('',#4734,(#4738,#4745),.PCURVE_S1.);
#4734 = LINE('',#4735,#4736);
#4735 = CARTESIAN_POINT('',(-50.,-693.,1.192E+03));
#4736 = VECTOR('',#4737,1.);
#4737 = DIRECTION('',(0.,0.,1.));
#4738 = PCURVE('',#4290,#4739);
#4739 = DEFINITIONAL_REPRESENTATION('',(#4740),#4744);
#4740 = LINE('',#4741,#4742);
#4741 = CARTESIAN_POINT('',(0.,40.));
#4742 = VECTOR('',#4743,1.);
#4743 = DIRECTION('',(1.,0.));
#4744 = ( GEOMETRIC_REPRESENTATION_CONTEXT(2) 
PARAMETRIC_REPRESENTATION_CONTEXT() REPRESENTATION_CONTEXT('2D SPACE',''
  ) );
#4745 = PCURVE('',#4692,#4746);
#4746 = DEFINITIONAL_REPRESENTATION('',(#4747),#4751);
#4747 = LINE('',#4748,#4749);
#4748 = CARTESIAN_POINT('',(0.,0.));
#4749 = VECTOR('',#4750,1.);
#4750 = DIRECTION('',(1.,0.));
#4751 = ( GEOMETRIC_REPRESENTATION_CONTEXT(2) 
PARAMETRIC_REPRESENTATION_CONTEXT() REPRESENTATION_CONTEXT('2D SPACE',''
  ) );
#4752 = ADVANCED_FACE('',(#4753),#4265,.F.);
#4753 = FACE_BOUND('',#4754,.F.);
#4754 = EDGE_LOOP('',(#4755,#4780,#4803,#4824,#4825,#4826));
#4755 = ORIENTED_EDGE('',*,*,#4756,.F.);
#4756 = EDGE_CURVE('',#4757,#4759,#4761,.T.);
#4757 = VERTEX_POINT('',#4758);
#4758 = CARTESIAN_POINT('',(-90.,-663.,1.192E+03));
#4759 = VERTEX_POINT('',#4760);
#4760 = CARTESIAN_POINT('',(-50.,-663.,1.192E+03));
#4761 = SURFACE_CURVE('',#4762,(#4766,#4773),.PCURVE_S1.);
#4762 = LINE('',#4763,#4764);
#4763 = CARTESIAN_POINT('',(-90.,-663.,1.192E+03));
#4764 = VECTOR('',#4765,1.);
#4765 = DIRECTION('',(1.,0.,-0.));
#4766 = PCURVE('',#4265,#4767);
#4767 = DEFINITIONAL_REPRESENTATION('',(#4768),#4772);
#4768 = LINE('',#4769,#4770);
#4769 = CARTESIAN_POINT('',(0.,30.));
#4770 = VECTOR('',#4771,1.);
#4771 = DIRECTION('',(1.,0.));
#4772 = ( GEOMETRIC_REPRESENTATION_CONTEXT(2) 
PARAMETRIC_REPRESENTATION_CONTEXT() REPRESENTATION_CONTEXT('2D SPACE',''
  ) );
#4773 = PCURVE('',#4592,#4774);
#4774 = DEFINITIONAL_REPRESENTATION('',(#4775),#4779);
#4775 = LINE('',#4776,#4777);
#4776 = CARTESIAN_POINT('',(0.,0.));
#4777 = VECTOR('',#4778,1.);
#4778 = DIRECTION('',(0.,1.));
#4779 = ( GEOMETRIC_REPRESENTATION_CONTEXT(2) 
PARAMETRIC_REPRESENTATION_CONTEXT() REPRESENTATION_CONTEXT('2D SPACE',''
  ) );
#4780 = ORIENTED_EDGE('',*,*,#4781,.F.);
#4781 = EDGE_CURVE('',#4782,#4757,#4784,.T.);
#4782 = VERTEX_POINT('',#4783);
#4783 = CARTESIAN_POINT('',(-90.,-693.,1.192E+03));
#4784 = SURFACE_CURVE('',#4785,(#4789,#4796),.PCURVE_S1.);
#4785 = LINE('',#4786,#4787);
#4786 = CARTESIAN_POINT('',(-90.,-693.,1.192E+03));
#4787 = VECTOR('',#4788,1.);
#4788 = DIRECTION('',(-0.,1.,0.));
#4789 = PCURVE('',#4265,#4790);
#4790 = DEFINITIONAL_REPRESENTATION('',(#4791),#4795);
#4791 = LINE('',#4792,#4793);
#4792 = CARTESIAN_POINT('',(0.,0.));
#4793 = VECTOR('',#4794,1.);
#4794 = DIRECTION('',(0.,1.));
#4795 = ( GEOMETRIC_REPRESENTATION_CONTEXT(2) 
PARAMETRIC_REPRESENTATION_CONTEXT() REPRESENTATION_CONTEXT('2D SPACE',''
  ) );
#4796 = PCURVE('',#4620,#4797);
#4797 = DEFINITIONAL_REPRESENTATION('',(#4798),#4802);
#4798 = LINE('',#4799,#4800);
#4799 = CARTESIAN_POINT('',(0.,0.));
#4800 = VECTOR('',#4801,1.);
#4801 = DIRECTION('',(0.,-1.));
#4802 = ( GEOMETRIC_REPRESENTATION_CONTEXT(2) 
PARAMETRIC_REPRESENTATION_CONTEXT() REPRESENTATION_CONTEXT('2D SPACE',''
  ) );
#4803 = ORIENTED_EDGE('',*,*,#4804,.T.);
#4804 = EDGE_CURVE('',#4782,#4223,#4805,.T.);
#4805 = SURFACE_CURVE('',#4806,(#4810,#4817),.PCURVE_S1.);
#4806 = LINE('',#4807,#4808);
#4807 = CARTESIAN_POINT('',(-90.,-693.,1.192E+03));
#4808 = VECTOR('',#4809,1.);
#4809 = DIRECTION('',(1.,0.,-0.));
#4810 = PCURVE('',#4265,#4811);
#4811 = DEFINITIONAL_REPRESENTATION('',(#4812),#4816);
#4812 = LINE('',#4813,#4814);
#4813 = CARTESIAN_POINT('',(0.,0.));
#4814 = VECTOR('',#4815,1.);
#4815 = DIRECTION('',(1.,0.));
#4816 = ( GEOMETRIC_REPRESENTATION_CONTEXT(2) 
PARAMETRIC_REPRESENTATION_CONTEXT() REPRESENTATION_CONTEXT('2D SPACE',''
  ) );
#4817 = PCURVE('',#4237,#4818);
#4818 = DEFINITIONAL_REPRESENTATION('',(#4819),#4823);
#4819 = LINE('',#4820,#4821);
#4820 = CARTESIAN_POINT('',(0.,0.));
#4821 = VECTOR('',#4822,1.);
#4822 = DIRECTION('',(0.,1.));
#4823 = ( GEOMETRIC_REPRESENTATION_CONTEXT(2) 
PARAMETRIC_REPRESENTATION_CONTEXT() REPRESENTATION_CONTEXT('2D SPACE',''
  ) );
#4824 = ORIENTED_EDGE('',*,*,#4248,.T.);
#4825 = ORIENTED_EDGE('',*,*,#4707,.T.);
#4826 = ORIENTED_EDGE('',*,*,#4827,.T.);
#4827 = EDGE_CURVE('',#4708,#4759,#4828,.T.);
#4828 = SURFACE_CURVE('',#4829,(#4833,#4840),.PCURVE_S1.);
#4829 = LINE('',#4830,#4831);
#4830 = CARTESIAN_POINT('',(-50.,-693.,1.192E+03));
#4831 = VECTOR('',#4832,1.);
#4832 = DIRECTION('',(-0.,1.,0.));
#4833 = PCURVE('',#4265,#4834);
#4834 = DEFINITIONAL_REPRESENTATION('',(#4835),#4839);
#4835 = LINE('',#4836,#4837);
#4836 = CARTESIAN_POINT('',(40.,0.));
#4837 = VECTOR('',#4838,1.);
#4838 = DIRECTION('',(0.,1.));
#4839 = ( GEOMETRIC_REPRESENTATION_CONTEXT(2) 
PARAMETRIC_REPRESENTATION_CONTEXT() REPRESENTATION_CONTEXT('2D SPACE',''
  ) );
#4840 = PCURVE('',#4692,#4841);
#4841 = DEFINITIONAL_REPRESENTATION('',(#4842),#4846);
#4842 = LINE('',#4843,#4844);
#4843 = CARTESIAN_POINT('',(0.,0.));
#4844 = VECTOR('',#4845,1.);
#4845 = DIRECTION('',(0.,-1.));
#4846 = ( GEOMETRIC_REPRESENTATION_CONTEXT(2) 
PARAMETRIC_REPRESENTATION_CONTEXT() REPRESENTATION_CONTEXT('2D SPACE',''
  ) );
#4847 = ADVANCED_FACE('',(#4848),#4237,.F.);
#4848 = FACE_BOUND('',#4849,.F.);
#4849 = EDGE_LOOP('',(#4850,#4851,#4872,#4873));
#4850 = ORIENTED_EDGE('',*,*,#4804,.F.);
#4851 = ORIENTED_EDGE('',*,*,#4852,.T.);
#4852 = EDGE_CURVE('',#4782,#4605,#4853,.T.);
#4853 = SURFACE_CURVE('',#4854,(#4858,#4865),.PCURVE_S1.);
#4854 = LINE('',#4855,#4856);
#4855 = CARTESIAN_POINT('',(-90.,-693.,1.192E+03));
#4856 = VECTOR('',#4857,1.);
#4857 = DIRECTION('',(0.,0.,1.));
#4858 = PCURVE('',#4237,#4859);
#4859 = DEFINITIONAL_REPRESENTATION('',(#4860),#4864);
#4860 = LINE('',#4861,#4862);
#4861 = CARTESIAN_POINT('',(0.,0.));
#4862 = VECTOR('',#4863,1.);
#4863 = DIRECTION('',(1.,0.));
#4864 = ( GEOMETRIC_REPRESENTATION_CONTEXT(2) 
PARAMETRIC_REPRESENTATION_CONTEXT() REPRESENTATION_CONTEXT('2D SPACE',''
  ) );
#4865 = PCURVE('',#4620,#4866);
#4866 = DEFINITIONAL_REPRESENTATION('',(#4867),#4871);
#4867 = LINE('',#4868,#4869);
#4868 = CARTESIAN_POINT('',(0.,0.));
#4869 = VECTOR('',#4870,1.);
#4870 = DIRECTION('',(1.,0.));
#4871 = ( GEOMETRIC_REPRESENTATION_CONTEXT(2) 
PARAMETRIC_REPRESENTATION_CONTEXT() REPRESENTATION_CONTEXT('2D SPACE',''
  ) );
#4872 = ORIENTED_EDGE('',*,*,#4632,.T.);
#4873 = ORIENTED_EDGE('',*,*,#4222,.F.);
#4874 = ADVANCED_FACE('',(#4875),#4323,.T.);
#4875 = FACE_BOUND('',#4876,.T.);
#4876 = EDGE_LOOP('',(#4877,#4907,#4935,#4956,#4957,#4958,#4981));
#4877 = ORIENTED_EDGE('',*,*,#4878,.F.);
#4878 = EDGE_CURVE('',#4879,#4881,#4883,.T.);
#4879 = VERTEX_POINT('',#4880);
#4880 = CARTESIAN_POINT('',(50.,-663.,1.2E+03));
#4881 = VERTEX_POINT('',#4882);
#4882 = CARTESIAN_POINT('',(90.,-663.,1.2E+03));
#4883 = SURFACE_CURVE('',#4884,(#4888,#4895),.PCURVE_S1.);
#4884 = LINE('',#4885,#4886);
#4885 = CARTESIAN_POINT('',(50.,-663.,1.2E+03));
#4886 = VECTOR('',#4887,1.);
#4887 = DIRECTION('',(1.,0.,-0.));
#4888 = PCURVE('',#4323,#4889);
#4889 = DEFINITIONAL_REPRESENTATION('',(#4890),#4894);
#4890 = LINE('',#4891,#4892);
#4891 = CARTESIAN_POINT('',(0.,30.));
#4892 = VECTOR('',#4893,1.);
#4893 = DIRECTION('',(1.,0.));
#4894 = ( GEOMETRIC_REPRESENTATION_CONTEXT(2) 
PARAMETRIC_REPRESENTATION_CONTEXT() REPRESENTATION_CONTEXT('2D SPACE',''
  ) );
#4895 = PCURVE('',#4896,#4901);
#4896 = PLANE('',#4897);
#4897 = AXIS2_PLACEMENT_3D('',#4898,#4899,#4900);
#4898 = CARTESIAN_POINT('',(50.,-663.,1.192E+03));
#4899 = DIRECTION('',(-0.,1.,0.));
#4900 = DIRECTION('',(0.,0.,1.));
#4901 = DEFINITIONAL_REPRESENTATION('',(#4902),#4906);
#4902 = LINE('',#4903,#4904);
#4903 = CARTESIAN_POINT('',(8.,0.));
#4904 = VECTOR('',#4905,1.);
#4905 = DIRECTION('',(0.,1.));
#4906 = ( GEOMETRIC_REPRESENTATION_CONTEXT(2) 
PARAMETRIC_REPRESENTATION_CONTEXT() REPRESENTATION_CONTEXT('2D SPACE',''
  ) );
#4907 = ORIENTED_EDGE('',*,*,#4908,.F.);
#4908 = EDGE_CURVE('',#4909,#4879,#4911,.T.);
#4909 = VERTEX_POINT('',#4910);
#4910 = CARTESIAN_POINT('',(50.,-693.,1.2E+03));
#4911 = SURFACE_CURVE('',#4912,(#4916,#4923),.PCURVE_S1.);
#4912 = LINE('',#4913,#4914);
#4913 = CARTESIAN_POINT('',(50.,-693.,1.2E+03));
#4914 = VECTOR('',#4915,1.);
#4915 = DIRECTION('',(-0.,1.,0.));
#4916 = PCURVE('',#4323,#4917);
#4917 = DEFINITIONAL_REPRESENTATION('',(#4918),#4922);
#4918 = LINE('',#4919,#4920);
#4919 = CARTESIAN_POINT('',(0.,0.));
#4920 = VECTOR('',#4921,1.);
#4921 = DIRECTION('',(0.,1.));
#4922 = ( GEOMETRIC_REPRESENTATION_CONTEXT(2) 
PARAMETRIC_REPRESENTATION_CONTEXT() REPRESENTATION_CONTEXT('2D SPACE',''
  ) );
#4923 = PCURVE('',#4924,#4929);
#4924 = PLANE('',#4925);
#4925 = AXIS2_PLACEMENT_3D('',#4926,#4927,#4928);
#4926 = CARTESIAN_POINT('',(50.,-693.,1.192E+03));
#4927 = DIRECTION('',(1.,0.,-0.));
#4928 = DIRECTION('',(0.,0.,1.));
#4929 = DEFINITIONAL_REPRESENTATION('',(#4930),#4934);
#4930 = LINE('',#4931,#4932);
#4931 = CARTESIAN_POINT('',(8.,0.));
#4932 = VECTOR('',#4933,1.);
#4933 = DIRECTION('',(0.,-1.));
#4934 = ( GEOMETRIC_REPRESENTATION_CONTEXT(2) 
PARAMETRIC_REPRESENTATION_CONTEXT() REPRESENTATION_CONTEXT('2D SPACE',''
  ) );
#4935 = ORIENTED_EDGE('',*,*,#4936,.T.);
#4936 = EDGE_CURVE('',#4909,#4359,#4937,.T.);
#4937 = SURFACE_CURVE('',#4938,(#4942,#4949),.PCURVE_S1.);
#4938 = LINE('',#4939,#4940);
#4939 = CARTESIAN_POINT('',(50.,-693.,1.2E+03));
#4940 = VECTOR('',#4941,1.);
#4941 = DIRECTION('',(1.,0.,-0.));
#4942 = PCURVE('',#4323,#4943);
#4943 = DEFINITIONAL_REPRESENTATION('',(#4944),#4948);
#4944 = LINE('',#4945,#4946);
#4945 = CARTESIAN_POINT('',(0.,0.));
#4946 = VECTOR('',#4947,1.);
#4947 = DIRECTION('',(1.,0.));
#4948 = ( GEOMETRIC_REPRESENTATION_CONTEXT(2) 
PARAMETRIC_REPRESENTATION_CONTEXT() REPRESENTATION_CONTEXT('2D SPACE',''
  ) );
#4949 = PCURVE('',#4397,#4950);
#4950 = DEFINITIONAL_REPRESENTATION('',(#4951),#4955);
#4951 = LINE('',#4952,#4953);
#4952 = CARTESIAN_POINT('',(8.,0.));
#4953 = VECTOR('',#4954,1.);
#4954 = DIRECTION('',(0.,1.));
#4955 = ( GEOMETRIC_REPRESENTATION_CONTEXT(2) 
PARAMETRIC_REPRESENTATION_CONTEXT() REPRESENTATION_CONTEXT('2D SPACE',''
  ) );
#4956 = ORIENTED_EDGE('',*,*,#4358,.F.);
#4957 = ORIENTED_EDGE('',*,*,#4304,.F.);
#4958 = ORIENTED_EDGE('',*,*,#4959,.T.);
#4959 = EDGE_CURVE('',#4305,#4960,#4962,.T.);
#4960 = VERTEX_POINT('',#4961);
#4961 = CARTESIAN_POINT('',(90.,-693.,1.2E+03));
#4962 = SURFACE_CURVE('',#4963,(#4967,#4974),.PCURVE_S1.);
#4963 = LINE('',#4964,#4965);
#4964 = CARTESIAN_POINT('',(50.,-693.,1.2E+03));
#4965 = VECTOR('',#4966,1.);
#4966 = DIRECTION('',(1.,0.,-0.));
#4967 = PCURVE('',#4323,#4968);
#4968 = DEFINITIONAL_REPRESENTATION('',(#4969),#4973);
#4969 = LINE('',#4970,#4971);
#4970 = CARTESIAN_POINT('',(0.,0.));
#4971 = VECTOR('',#4972,1.);
#4972 = DIRECTION('',(1.,0.));
#4973 = ( GEOMETRIC_REPRESENTATION_CONTEXT(2) 
PARAMETRIC_REPRESENTATION_CONTEXT() REPRESENTATION_CONTEXT('2D SPACE',''
  ) );
#4974 = PCURVE('',#4450,#4975);
#4975 = DEFINITIONAL_REPRESENTATION('',(#4976),#4980);
#4976 = LINE('',#4977,#4978);
#4977 = CARTESIAN_POINT('',(8.,0.));
#4978 = VECTOR('',#4979,1.);
#4979 = DIRECTION('',(0.,1.));
#4980 = ( GEOMETRIC_REPRESENTATION_CONTEXT(2) 
PARAMETRIC_REPRESENTATION_CONTEXT() REPRESENTATION_CONTEXT('2D SPACE',''
  ) );
#4981 = ORIENTED_EDGE('',*,*,#4982,.T.);
#4982 = EDGE_CURVE('',#4960,#4881,#4983,.T.);
#4983 = SURFACE_CURVE('',#4984,(#4988,#4995),.PCURVE_S1.);
#4984 = LINE('',#4985,#4986);
#4985 = CARTESIAN_POINT('',(90.,-693.,1.2E+03));
#4986 = VECTOR('',#4987,1.);
#4987 = DIRECTION('',(-0.,1.,0.));
#4988 = PCURVE('',#4323,#4989);
#4989 = DEFINITIONAL_REPRESENTATION('',(#4990),#4994);
#4990 = LINE('',#4991,#4992);
#4991 = CARTESIAN_POINT('',(40.,0.));
#4992 = VECTOR('',#4993,1.);
#4993 = DIRECTION('',(0.,1.));
#4994 = ( GEOMETRIC_REPRESENTATION_CONTEXT(2) 
PARAMETRIC_REPRESENTATION_CONTEXT() REPRESENTATION_CONTEXT('2D SPACE',''
  ) );
#4995 = PCURVE('',#4996,#5001);
#4996 = PLANE('',#4997);
#4997 = AXIS2_PLACEMENT_3D('',#4998,#4999,#5000);
#4998 = CARTESIAN_POINT('',(90.,-693.,1.192E+03));
#4999 = DIRECTION('',(1.,0.,-0.));
#5000 = DIRECTION('',(0.,0.,1.));
#5001 = DEFINITIONAL_REPRESENTATION('',(#5002),#5006);
#5002 = LINE('',#5003,#5004);
#5003 = CARTESIAN_POINT('',(8.,0.));
#5004 = VECTOR('',#5005,1.);
#5005 = DIRECTION('',(0.,-1.));
#5006 = ( GEOMETRIC_REPRESENTATION_CONTEXT(2) 
PARAMETRIC_REPRESENTATION_CONTEXT() REPRESENTATION_CONTEXT('2D SPACE',''
  ) );
#5007 = ADVANCED_FACE('',(#5008),#4450,.F.);
#5008 = FACE_BOUND('',#5009,.F.);
#5009 = EDGE_LOOP('',(#5010,#5033,#5034,#5035));
#5010 = ORIENTED_EDGE('',*,*,#5011,.F.);
#5011 = EDGE_CURVE('',#4409,#5012,#5014,.T.);
#5012 = VERTEX_POINT('',#5013);
#5013 = CARTESIAN_POINT('',(90.,-693.,1.192E+03));
#5014 = SURFACE_CURVE('',#5015,(#5019,#5026),.PCURVE_S1.);
#5015 = LINE('',#5016,#5017);
#5016 = CARTESIAN_POINT('',(50.,-693.,1.192E+03));
#5017 = VECTOR('',#5018,1.);
#5018 = DIRECTION('',(1.,0.,-0.));
#5019 = PCURVE('',#4450,#5020);
#5020 = DEFINITIONAL_REPRESENTATION('',(#5021),#5025);
#5021 = LINE('',#5022,#5023);
#5022 = CARTESIAN_POINT('',(0.,0.));
#5023 = VECTOR('',#5024,1.);
#5024 = DIRECTION('',(0.,1.));
#5025 = ( GEOMETRIC_REPRESENTATION_CONTEXT(2) 
PARAMETRIC_REPRESENTATION_CONTEXT() REPRESENTATION_CONTEXT('2D SPACE',''
  ) );
#5026 = PCURVE('',#4425,#5027);
#5027 = DEFINITIONAL_REPRESENTATION('',(#5028),#5032);
#5028 = LINE('',#5029,#5030);
#5029 = CARTESIAN_POINT('',(0.,0.));
#5030 = VECTOR('',#5031,1.);
#5031 = DIRECTION('',(1.,0.));
#5032 = ( GEOMETRIC_REPRESENTATION_CONTEXT(2) 
PARAMETRIC_REPRESENTATION_CONTEXT() REPRESENTATION_CONTEXT('2D SPACE',''
  ) );
#5033 = ORIENTED_EDGE('',*,*,#4437,.T.);
#5034 = ORIENTED_EDGE('',*,*,#4959,.T.);
#5035 = ORIENTED_EDGE('',*,*,#5036,.F.);
#5036 = EDGE_CURVE('',#5012,#4960,#5037,.T.);
#5037 = SURFACE_CURVE('',#5038,(#5042,#5049),.PCURVE_S1.);
#5038 = LINE('',#5039,#5040);
#5039 = CARTESIAN_POINT('',(90.,-693.,1.192E+03));
#5040 = VECTOR('',#5041,1.);
#5041 = DIRECTION('',(0.,0.,1.));
#5042 = PCURVE('',#4450,#5043);
#5043 = DEFINITIONAL_REPRESENTATION('',(#5044),#5048);
#5044 = LINE('',#5045,#5046);
#5045 = CARTESIAN_POINT('',(0.,40.));
#5046 = VECTOR('',#5047,1.);
#5047 = DIRECTION('',(1.,0.));
#5048 = ( GEOMETRIC_REPRESENTATION_CONTEXT(2) 
PARAMETRIC_REPRESENTATION_CONTEXT() REPRESENTATION_CONTEXT('2D SPACE',''
  ) );
#5049 = PCURVE('',#4996,#5050);
#5050 = DEFINITIONAL_REPRESENTATION('',(#5051),#5055);
#5051 = LINE('',#5052,#5053);
#5052 = CARTESIAN_POINT('',(0.,0.));
#5053 = VECTOR('',#5054,1.);
#5054 = DIRECTION('',(1.,0.));
#5055 = ( GEOMETRIC_REPRESENTATION_CONTEXT(2) 
PARAMETRIC_REPRESENTATION_CONTEXT() REPRESENTATION_CONTEXT('2D SPACE',''
  ) );
#5056 = ADVANCED_FACE('',(#5057),#4425,.F.);
#5057 = FACE_BOUND('',#5058,.F.);
#5058 = EDGE_LOOP('',(#5059,#5084,#5107,#5128,#5129,#5130));
#5059 = ORIENTED_EDGE('',*,*,#5060,.F.);
#5060 = EDGE_CURVE('',#5061,#5063,#5065,.T.);
#5061 = VERTEX_POINT('',#5062);
#5062 = CARTESIAN_POINT('',(50.,-663.,1.192E+03));
#5063 = VERTEX_POINT('',#5064);
#5064 = CARTESIAN_POINT('',(90.,-663.,1.192E+03));
#5065 = SURFACE_CURVE('',#5066,(#5070,#5077),.PCURVE_S1.);
#5066 = LINE('',#5067,#5068);
#5067 = CARTESIAN_POINT('',(50.,-663.,1.192E+03));
#5068 = VECTOR('',#5069,1.);
#5069 = DIRECTION('',(1.,0.,-0.));
#5070 = PCURVE('',#4425,#5071);
#5071 = DEFINITIONAL_REPRESENTATION('',(#5072),#5076);
#5072 = LINE('',#5073,#5074);
#5073 = CARTESIAN_POINT('',(0.,30.));
#5074 = VECTOR('',#5075,1.);
#5075 = DIRECTION('',(1.,0.));
#5076 = ( GEOMETRIC_REPRESENTATION_CONTEXT(2) 
PARAMETRIC_REPRESENTATION_CONTEXT() REPRESENTATION_CONTEXT('2D SPACE',''
  ) );
#5077 = PCURVE('',#4896,#5078);
#5078 = DEFINITIONAL_REPRESENTATION('',(#5079),#5083);
#5079 = LINE('',#5080,#5081);
#5080 = CARTESIAN_POINT('',(0.,0.));
#5081 = VECTOR('',#5082,1.);
#5082 = DIRECTION('',(0.,1.));
#5083 = ( GEOMETRIC_REPRESENTATION_CONTEXT(2) 
PARAMETRIC_REPRESENTATION_CONTEXT() REPRESENTATION_CONTEXT('2D SPACE',''
  ) );
#5084 = ORIENTED_EDGE('',*,*,#5085,.F.);
#5085 = EDGE_CURVE('',#5086,#5061,#5088,.T.);
#5086 = VERTEX_POINT('',#5087);
#5087 = CARTESIAN_POINT('',(50.,-693.,1.192E+03));
#5088 = SURFACE_CURVE('',#5089,(#5093,#5100),.PCURVE_S1.);
#5089 = LINE('',#5090,#5091);
#5090 = CARTESIAN_POINT('',(50.,-693.,1.192E+03));
#5091 = VECTOR('',#5092,1.);
#5092 = DIRECTION('',(-0.,1.,0.));
#5093 = PCURVE('',#4425,#5094);
#5094 = DEFINITIONAL_REPRESENTATION('',(#5095),#5099);
#5095 = LINE('',#5096,#5097);
#5096 = CARTESIAN_POINT('',(0.,0.));
#5097 = VECTOR('',#5098,1.);
#5098 = DIRECTION('',(0.,1.));
#5099 = ( GEOMETRIC_REPRESENTATION_CONTEXT(2) 
PARAMETRIC_REPRESENTATION_CONTEXT() REPRESENTATION_CONTEXT('2D SPACE',''
  ) );
#5100 = PCURVE('',#4924,#5101);
#5101 = DEFINITIONAL_REPRESENTATION('',(#5102),#5106);
#5102 = LINE('',#5103,#5104);
#5103 = CARTESIAN_POINT('',(0.,0.));
#5104 = VECTOR('',#5105,1.);
#5105 = DIRECTION('',(0.,-1.));
#5106 = ( GEOMETRIC_REPRESENTATION_CONTEXT(2) 
PARAMETRIC_REPRESENTATION_CONTEXT() REPRESENTATION_CONTEXT('2D SPACE',''
  ) );
#5107 = ORIENTED_EDGE('',*,*,#5108,.T.);
#5108 = EDGE_CURVE('',#5086,#4383,#5109,.T.);
#5109 = SURFACE_CURVE('',#5110,(#5114,#5121),.PCURVE_S1.);
#5110 = LINE('',#5111,#5112);
#5111 = CARTESIAN_POINT('',(50.,-693.,1.192E+03));
#5112 = VECTOR('',#5113,1.);
#5113 = DIRECTION('',(1.,0.,-0.));
#5114 = PCURVE('',#4425,#5115);
#5115 = DEFINITIONAL_REPRESENTATION('',(#5116),#5120);
#5116 = LINE('',#5117,#5118);
#5117 = CARTESIAN_POINT('',(0.,0.));
#5118 = VECTOR('',#5119,1.);
#5119 = DIRECTION('',(1.,0.));
#5120 = ( GEOMETRIC_REPRESENTATION_CONTEXT(2) 
PARAMETRIC_REPRESENTATION_CONTEXT() REPRESENTATION_CONTEXT('2D SPACE',''
  ) );
#5121 = PCURVE('',#4397,#5122);
#5122 = DEFINITIONAL_REPRESENTATION('',(#5123),#5127);
#5123 = LINE('',#5124,#5125);
#5124 = CARTESIAN_POINT('',(0.,0.));
#5125 = VECTOR('',#5126,1.);
#5126 = DIRECTION('',(0.,1.));
#5127 = ( GEOMETRIC_REPRESENTATION_CONTEXT(2) 
PARAMETRIC_REPRESENTATION_CONTEXT() REPRESENTATION_CONTEXT('2D SPACE',''
  ) );
#5128 = ORIENTED_EDGE('',*,*,#4408,.T.);
#5129 = ORIENTED_EDGE('',*,*,#5011,.T.);
#5130 = ORIENTED_EDGE('',*,*,#5131,.T.);
#5131 = EDGE_CURVE('',#5012,#5063,#5132,.T.);
#5132 = SURFACE_CURVE('',#5133,(#5137,#5144),.PCURVE_S1.);
#5133 = LINE('',#5134,#5135);
#5134 = CARTESIAN_POINT('',(90.,-693.,1.192E+03));
#5135 = VECTOR('',#5136,1.);
#5136 = DIRECTION('',(-0.,1.,0.));
#5137 = PCURVE('',#4425,#5138);
#5138 = DEFINITIONAL_REPRESENTATION('',(#5139),#5143);
#5139 = LINE('',#5140,#5141);
#5140 = CARTESIAN_POINT('',(40.,0.));
#5141 = VECTOR('',#5142,1.);
#5142 = DIRECTION('',(0.,1.));
#5143 = ( GEOMETRIC_REPRESENTATION_CONTEXT(2) 
PARAMETRIC_REPRESENTATION_CONTEXT() REPRESENTATION_CONTEXT('2D SPACE',''
  ) );
#5144 = PCURVE('',#4996,#5145);
#5145 = DEFINITIONAL_REPRESENTATION('',(#5146),#5150);
#5146 = LINE('',#5147,#5148);
#5147 = CARTESIAN_POINT('',(0.,0.));
#5148 = VECTOR('',#5149,1.);
#5149 = DIRECTION('',(0.,-1.));
#5150 = ( GEOMETRIC_REPRESENTATION_CONTEXT(2) 
PARAMETRIC_REPRESENTATION_CONTEXT() REPRESENTATION_CONTEXT('2D SPACE',''
  ) );
#5151 = ADVANCED_FACE('',(#5152),#4397,.F.);
#5152 = FACE_BOUND('',#5153,.F.);
#5153 = EDGE_LOOP('',(#5154,#5155,#5176,#5177));
#5154 = ORIENTED_EDGE('',*,*,#5108,.F.);
#5155 = ORIENTED_EDGE('',*,*,#5156,.T.);
#5156 = EDGE_CURVE('',#5086,#4909,#5157,.T.);
#5157 = SURFACE_CURVE('',#5158,(#5162,#5169),.PCURVE_S1.);
#5158 = LINE('',#5159,#5160);
#5159 = CARTESIAN_POINT('',(50.,-693.,1.192E+03));
#5160 = VECTOR('',#5161,1.);
#5161 = DIRECTION('',(0.,0.,1.));
#5162 = PCURVE('',#4397,#5163);
#5163 = DEFINITIONAL_REPRESENTATION('',(#5164),#5168);
#5164 = LINE('',#5165,#5166);
#5165 = CARTESIAN_POINT('',(0.,0.));
#5166 = VECTOR('',#5167,1.);
#5167 = DIRECTION('',(1.,0.));
#5168 = ( GEOMETRIC_REPRESENTATION_CONTEXT(2) 
PARAMETRIC_REPRESENTATION_CONTEXT() REPRESENTATION_CONTEXT('2D SPACE',''
  ) );
#5169 = PCURVE('',#4924,#5170);
#5170 = DEFINITIONAL_REPRESENTATION('',(#5171),#5175);
#5171 = LINE('',#5172,#5173);
#5172 = CARTESIAN_POINT('',(0.,0.));
#5173 = VECTOR('',#5174,1.);
#5174 = DIRECTION('',(1.,0.));
#5175 = ( GEOMETRIC_REPRESENTATION_CONTEXT(2) 
PARAMETRIC_REPRESENTATION_CONTEXT() REPRESENTATION_CONTEXT('2D SPACE',''
  ) );
#5176 = ORIENTED_EDGE('',*,*,#4936,.T.);
#5177 = ORIENTED_EDGE('',*,*,#4382,.F.);
#5178 = ADVANCED_FACE('',(#5179),#4503,.T.);
#5179 = FACE_BOUND('',#5180,.T.);
#5180 = EDGE_LOOP('',(#5181));
#5181 = ORIENTED_EDGE('',*,*,#4488,.T.);
#5182 = ADVANCED_FACE('',(#5183),#4558,.T.);
#5183 = FACE_BOUND('',#5184,.T.);
#5184 = EDGE_LOOP('',(#5185));
#5185 = ORIENTED_EDGE('',*,*,#4543,.T.);
#5186 = ADVANCED_FACE('',(#5187),#4592,.T.);
#5187 = FACE_BOUND('',#5188,.T.);
#5188 = EDGE_LOOP('',(#5189,#5190,#5211,#5212));
#5189 = ORIENTED_EDGE('',*,*,#4756,.F.);
#5190 = ORIENTED_EDGE('',*,*,#5191,.T.);
#5191 = EDGE_CURVE('',#4757,#4575,#5192,.T.);
#5192 = SURFACE_CURVE('',#5193,(#5197,#5204),.PCURVE_S1.);
#5193 = LINE('',#5194,#5195);
#5194 = CARTESIAN_POINT('',(-90.,-663.,1.192E+03));
#5195 = VECTOR('',#5196,1.);
#5196 = DIRECTION('',(0.,0.,1.));
#5197 = PCURVE('',#4592,#5198);
#5198 = DEFINITIONAL_REPRESENTATION('',(#5199),#5203);
#5199 = LINE('',#5200,#5201);
#5200 = CARTESIAN_POINT('',(0.,0.));
#5201 = VECTOR('',#5202,1.);
#5202 = DIRECTION('',(1.,0.));
#5203 = ( GEOMETRIC_REPRESENTATION_CONTEXT(2) 
PARAMETRIC_REPRESENTATION_CONTEXT() REPRESENTATION_CONTEXT('2D SPACE',''
  ) );
#5204 = PCURVE('',#4620,#5205);
#5205 = DEFINITIONAL_REPRESENTATION('',(#5206),#5210);
#5206 = LINE('',#5207,#5208);
#5207 = CARTESIAN_POINT('',(0.,-30.));
#5208 = VECTOR('',#5209,1.);
#5209 = DIRECTION('',(1.,0.));
#5210 = ( GEOMETRIC_REPRESENTATION_CONTEXT(2) 
PARAMETRIC_REPRESENTATION_CONTEXT() REPRESENTATION_CONTEXT('2D SPACE',''
  ) );
#5211 = ORIENTED_EDGE('',*,*,#4574,.T.);
#5212 = ORIENTED_EDGE('',*,*,#5213,.F.);
#5213 = EDGE_CURVE('',#4759,#4577,#5214,.T.);
#5214 = SURFACE_CURVE('',#5215,(#5219,#5226),.PCURVE_S1.);
#5215 = LINE('',#5216,#5217);
#5216 = CARTESIAN_POINT('',(-50.,-663.,1.192E+03));
#5217 = VECTOR('',#5218,1.);
#5218 = DIRECTION('',(0.,0.,1.));
#5219 = PCURVE('',#4592,#5220);
#5220 = DEFINITIONAL_REPRESENTATION('',(#5221),#5225);
#5221 = LINE('',#5222,#5223);
#5222 = CARTESIAN_POINT('',(0.,40.));
#5223 = VECTOR('',#5224,1.);
#5224 = DIRECTION('',(1.,0.));
#5225 = ( GEOMETRIC_REPRESENTATION_CONTEXT(2) 
PARAMETRIC_REPRESENTATION_CONTEXT() REPRESENTATION_CONTEXT('2D SPACE',''
  ) );
#5226 = PCURVE('',#4692,#5227);
#5227 = DEFINITIONAL_REPRESENTATION('',(#5228),#5232);
#5228 = LINE('',#5229,#5230);
#5229 = CARTESIAN_POINT('',(0.,-30.));
#5230 = VECTOR('',#5231,1.);
#5231 = DIRECTION('',(1.,0.));
#5232 = ( GEOMETRIC_REPRESENTATION_CONTEXT(2) 
PARAMETRIC_REPRESENTATION_CONTEXT() REPRESENTATION_CONTEXT('2D SPACE',''
  ) );
#5233 = ADVANCED_FACE('',(#5234),#4692,.T.);
#5234 = FACE_BOUND('',#5235,.T.);
#5235 = EDGE_LOOP('',(#5236,#5237,#5238,#5239));
#5236 = ORIENTED_EDGE('',*,*,#4732,.F.);
#5237 = ORIENTED_EDGE('',*,*,#4827,.T.);
#5238 = ORIENTED_EDGE('',*,*,#5213,.T.);
#5239 = ORIENTED_EDGE('',*,*,#4678,.F.);
#5240 = ADVANCED_FACE('',(#5241),#4620,.F.);
#5241 = FACE_BOUND('',#5242,.F.);
#5242 = EDGE_LOOP('',(#5243,#5244,#5245,#5246));
#5243 = ORIENTED_EDGE('',*,*,#4852,.F.);
#5244 = ORIENTED_EDGE('',*,*,#4781,.T.);
#5245 = ORIENTED_EDGE('',*,*,#5191,.T.);
#5246 = ORIENTED_EDGE('',*,*,#4604,.F.);
#5247 = ADVANCED_FACE('',(#5248),#4896,.T.);
#5248 = FACE_BOUND('',#5249,.T.);
#5249 = EDGE_LOOP('',(#5250,#5251,#5272,#5273));
#5250 = ORIENTED_EDGE('',*,*,#5060,.F.);
#5251 = ORIENTED_EDGE('',*,*,#5252,.T.);
#5252 = EDGE_CURVE('',#5061,#4879,#5253,.T.);
#5253 = SURFACE_CURVE('',#5254,(#5258,#5265),.PCURVE_S1.);
#5254 = LINE('',#5255,#5256);
#5255 = CARTESIAN_POINT('',(50.,-663.,1.192E+03));
#5256 = VECTOR('',#5257,1.);
#5257 = DIRECTION('',(0.,0.,1.));
#5258 = PCURVE('',#4896,#5259);
#5259 = DEFINITIONAL_REPRESENTATION('',(#5260),#5264);
#5260 = LINE('',#5261,#5262);
#5261 = CARTESIAN_POINT('',(0.,0.));
#5262 = VECTOR('',#5263,1.);
#5263 = DIRECTION('',(1.,0.));
#5264 = ( GEOMETRIC_REPRESENTATION_CONTEXT(2) 
PARAMETRIC_REPRESENTATION_CONTEXT() REPRESENTATION_CONTEXT('2D SPACE',''
  ) );
#5265 = PCURVE('',#4924,#5266);
#5266 = DEFINITIONAL_REPRESENTATION('',(#5267),#5271);
#5267 = LINE('',#5268,#5269);
#5268 = CARTESIAN_POINT('',(0.,-30.));
#5269 = VECTOR('',#5270,1.);
#5270 = DIRECTION('',(1.,0.));
#5271 = ( GEOMETRIC_REPRESENTATION_CONTEXT(2) 
PARAMETRIC_REPRESENTATION_CONTEXT() REPRESENTATION_CONTEXT('2D SPACE',''
  ) );
#5272 = ORIENTED_EDGE('',*,*,#4878,.T.);
#5273 = ORIENTED_EDGE('',*,*,#5274,.F.);
#5274 = EDGE_CURVE('',#5063,#4881,#5275,.T.);
#5275 = SURFACE_CURVE('',#5276,(#5280,#5287),.PCURVE_S1.);
#5276 = LINE('',#5277,#5278);
#5277 = CARTESIAN_POINT('',(90.,-663.,1.192E+03));
#5278 = VECTOR('',#5279,1.);
#5279 = DIRECTION('',(0.,0.,1.));
#5280 = PCURVE('',#4896,#5281);
#5281 = DEFINITIONAL_REPRESENTATION('',(#5282),#5286);
#5282 = LINE('',#5283,#5284);
#5283 = CARTESIAN_POINT('',(0.,40.));
#5284 = VECTOR('',#5285,1.);
#5285 = DIRECTION('',(1.,0.));
#5286 = ( GEOMETRIC_REPRESENTATION_CONTEXT(2) 
PARAMETRIC_REPRESENTATION_CONTEXT() REPRESENTATION_CONTEXT('2D SPACE',''
  ) );
#5287 = PCURVE('',#4996,#5288);
#5288 = DEFINITIONAL_REPRESENTATION('',(#5289),#5293);
#5289 = LINE('',#5290,#5291);
#5290 = CARTESIAN_POINT('',(0.,-30.));
#5291 = VECTOR('',#5292,1.);
#5292 = DIRECTION('',(1.,0.));
#5293 = ( GEOMETRIC_REPRESENTATION_CONTEXT(2) 
PARAMETRIC_REPRESENTATION_CONTEXT() REPRESENTATION_CONTEXT('2D SPACE',''
  ) );
#5294 = ADVANCED_FACE('',(#5295),#4996,.T.);
#5295 = FACE_BOUND('',#5296,.T.);
#5296 = EDGE_LOOP('',(#5297,#5298,#5299,#5300));
#5297 = ORIENTED_EDGE('',*,*,#5036,.F.);
#5298 = ORIENTED_EDGE('',*,*,#5131,.T.);
#5299 = ORIENTED_EDGE('',*,*,#5274,.T.);
#5300 = ORIENTED_EDGE('',*,*,#4982,.F.);
#5301 = ADVANCED_FACE('',(#5302),#4924,.F.);
#5302 = FACE_BOUND('',#5303,.F.);
#5303 = EDGE_LOOP('',(#5304,#5305,#5306,#5307));
#5304 = ORIENTED_EDGE('',*,*,#5156,.F.);
#5305 = ORIENTED_EDGE('',*,*,#5085,.T.);
#5306 = ORIENTED_EDGE('',*,*,#5252,.T.);
#5307 = ORIENTED_EDGE('',*,*,#4908,.F.);
#5308 = ( GEOMETRIC_REPRESENTATION_CONTEXT(3) 
GLOBAL_UNCERTAINTY_ASSIGNED_CONTEXT((#5312)) 
GLOBAL_UNIT_ASSIGNED_CONTEXT((#5309,#5310,#5311)) REPRESENTATION_CONTEXT
('Context #1','3D Context with UNIT and UNCERTAINTY') );
#5309 = ( LENGTH_UNIT() NAMED_UNIT(*) SI_UNIT(.MILLI.,.METRE.) );
#5310 = ( NAMED_UNIT(*) PLANE_ANGLE_UNIT() SI_UNIT($,.RADIAN.) );
#5311 = ( NAMED_UNIT(*) SI_UNIT($,.STERADIAN.) SOLID_ANGLE_UNIT() );
#5312 = UNCERTAINTY_MEASURE_WITH_UNIT(LENGTH_MEASURE(1.E-07),#5309,
  'distance_accuracy_value','confusion accuracy');
#5313 = CONTEXT_DEPENDENT_SHAPE_REPRESENTATION(#5314,#5316);
#5314 = ( REPRESENTATION_RELATIONSHIP('','',#2347,#10) 
REPRESENTATION_RELATIONSHIP_WITH_TRANSFORMATION(#5315) 
SHAPE_REPRESENTATION_RELATIONSHIP() );
#5315 = ITEM_DEFINED_TRANSFORMATION('','',#11,#27);
#5316 = PRODUCT_DEFINITION_SHAPE('Placement','Placement of an item',
  #5317);
#5317 = NEXT_ASSEMBLY_USAGE_OCCURRENCE('16','=>[0:1:1:5]','',#5,#2342,$
  );
#5318 = PRODUCT_RELATED_PRODUCT_CATEGORY('part',$,(#2344));
#5319 = SHAPE_DEFINITION_REPRESENTATION(#5320,#5326);
#5320 = PRODUCT_DEFINITION_SHAPE('','',#5321);
#5321 = PRODUCT_DEFINITION('design','',#5322,#5325);
#5322 = PRODUCT_DEFINITION_FORMATION('','',#5323);
#5323 = PRODUCT('COMPOUND','COMPOUND','',(#5324));
#5324 = PRODUCT_CONTEXT('',#2,'mechanical');
#5325 = PRODUCT_DEFINITION_CONTEXT('part definition',#2,'design');
#5326 = SHAPE_REPRESENTATION('',(#11,#5327,#5657,#5987,#6317),#6647);
#5327 = MANIFOLD_SOLID_BREP('',#5328);
#5328 = CLOSED_SHELL('',(#5329,#5449,#5549,#5596,#5643,#5650));
#5329 = ADVANCED_FACE('',(#5330),#5344,.F.);
#5330 = FACE_BOUND('',#5331,.F.);
#5331 = EDGE_LOOP('',(#5332,#5367,#5395,#5423));
#5332 = ORIENTED_EDGE('',*,*,#5333,.F.);
#5333 = EDGE_CURVE('',#5334,#5336,#5338,.T.);
#5334 = VERTEX_POINT('',#5335);
#5335 = CARTESIAN_POINT('',(-45.,-622.5,1.194E+03));
#5336 = VERTEX_POINT('',#5337);
#5337 = CARTESIAN_POINT('',(-45.,-622.5,1.2E+03));
#5338 = SURFACE_CURVE('',#5339,(#5343,#5355),.PCURVE_S1.);
#5339 = LINE('',#5340,#5341);
#5340 = CARTESIAN_POINT('',(-45.,-622.5,1.194E+03));
#5341 = VECTOR('',#5342,1.);
#5342 = DIRECTION('',(0.,0.,1.));
#5343 = PCURVE('',#5344,#5349);
#5344 = PLANE('',#5345);
#5345 = AXIS2_PLACEMENT_3D('',#5346,#5347,#5348);
#5346 = CARTESIAN_POINT('',(-45.,-622.5,1.194E+03));
#5347 = DIRECTION('',(1.,0.,-0.));
#5348 = DIRECTION('',(0.,0.,1.));
#5349 = DEFINITIONAL_REPRESENTATION('',(#5350),#5354);
#5350 = LINE('',#5351,#5352);
#5351 = CARTESIAN_POINT('',(0.,0.));
#5352 = VECTOR('',#5353,1.);
#5353 = DIRECTION('',(1.,0.));
#5354 = ( GEOMETRIC_REPRESENTATION_CONTEXT(2) 
PARAMETRIC_REPRESENTATION_CONTEXT() REPRESENTATION_CONTEXT('2D SPACE',''
  ) );
#5355 = PCURVE('',#5356,#5361);
#5356 = PLANE('',#5357);
#5357 = AXIS2_PLACEMENT_3D('',#5358,#5359,#5360);
#5358 = CARTESIAN_POINT('',(-45.,-622.5,1.194E+03));
#5359 = DIRECTION('',(-0.,1.,0.));
#5360 = DIRECTION('',(0.,0.,1.));
#5361 = DEFINITIONAL_REPRESENTATION('',(#5362),#5366);
#5362 = LINE('',#5363,#5364);
#5363 = CARTESIAN_POINT('',(0.,0.));
#5364 = VECTOR('',#5365,1.);
#5365 = DIRECTION('',(1.,0.));
#5366 = ( GEOMETRIC_REPRESENTATION_CONTEXT(2) 
PARAMETRIC_REPRESENTATION_CONTEXT() REPRESENTATION_CONTEXT('2D SPACE',''
  ) );
#5367 = ORIENTED_EDGE('',*,*,#5368,.T.);
#5368 = EDGE_CURVE('',#5334,#5369,#5371,.T.);
#5369 = VERTEX_POINT('',#5370);
#5370 = CARTESIAN_POINT('',(-45.,-577.5,1.194E+03));
#5371 = SURFACE_CURVE('',#5372,(#5376,#5383),.PCURVE_S1.);
#5372 = LINE('',#5373,#5374);
#5373 = CARTESIAN_POINT('',(-45.,-622.5,1.194E+03));
#5374 = VECTOR('',#5375,1.);
#5375 = DIRECTION('',(-0.,1.,0.));
#5376 = PCURVE('',#5344,#5377);
#5377 = DEFINITIONAL_REPRESENTATION('',(#5378),#5382);
#5378 = LINE('',#5379,#5380);
#5379 = CARTESIAN_POINT('',(0.,0.));
#5380 = VECTOR('',#5381,1.);
#5381 = DIRECTION('',(0.,-1.));
#5382 = ( GEOMETRIC_REPRESENTATION_CONTEXT(2) 
PARAMETRIC_REPRESENTATION_CONTEXT() REPRESENTATION_CONTEXT('2D SPACE',''
  ) );
#5383 = PCURVE('',#5384,#5389);
#5384 = PLANE('',#5385);
#5385 = AXIS2_PLACEMENT_3D('',#5386,#5387,#5388);
#5386 = CARTESIAN_POINT('',(-45.,-622.5,1.194E+03));
#5387 = DIRECTION('',(0.,0.,1.));
#5388 = DIRECTION('',(1.,0.,-0.));
#5389 = DEFINITIONAL_REPRESENTATION('',(#5390),#5394);
#5390 = LINE('',#5391,#5392);
#5391 = CARTESIAN_POINT('',(0.,0.));
#5392 = VECTOR('',#5393,1.);
#5393 = DIRECTION('',(0.,1.));
#5394 = ( GEOMETRIC_REPRESENTATION_CONTEXT(2) 
PARAMETRIC_REPRESENTATION_CONTEXT() REPRESENTATION_CONTEXT('2D SPACE',''
  ) );
#5395 = ORIENTED_EDGE('',*,*,#5396,.T.);
#5396 = EDGE_CURVE('',#5369,#5397,#5399,.T.);
#5397 = VERTEX_POINT('',#5398);
#5398 = CARTESIAN_POINT('',(-45.,-577.5,1.2E+03));
#5399 = SURFACE_CURVE('',#5400,(#5404,#5411),.PCURVE_S1.);
#5400 = LINE('',#5401,#5402);
#5401 = CARTESIAN_POINT('',(-45.,-577.5,1.194E+03));
#5402 = VECTOR('',#5403,1.);
#5403 = DIRECTION('',(0.,0.,1.));
#5404 = PCURVE('',#5344,#5405);
#5405 = DEFINITIONAL_REPRESENTATION('',(#5406),#5410);
#5406 = LINE('',#5407,#5408);
#5407 = CARTESIAN_POINT('',(0.,-45.));
#5408 = VECTOR('',#5409,1.);
#5409 = DIRECTION('',(1.,0.));
#5410 = ( GEOMETRIC_REPRESENTATION_CONTEXT(2) 
PARAMETRIC_REPRESENTATION_CONTEXT() REPRESENTATION_CONTEXT('2D SPACE',''
  ) );
#5411 = PCURVE('',#5412,#5417);
#5412 = PLANE('',#5413);
#5413 = AXIS2_PLACEMENT_3D('',#5414,#5415,#5416);
#5414 = CARTESIAN_POINT('',(-45.,-577.5,1.194E+03));
#5415 = DIRECTION('',(-0.,1.,0.));
#5416 = DIRECTION('',(0.,0.,1.));
#5417 = DEFINITIONAL_REPRESENTATION('',(#5418),#5422);
#5418 = LINE('',#5419,#5420);
#5419 = CARTESIAN_POINT('',(0.,0.));
#5420 = VECTOR('',#5421,1.);
#5421 = DIRECTION('',(1.,0.));
#5422 = ( GEOMETRIC_REPRESENTATION_CONTEXT(2) 
PARAMETRIC_REPRESENTATION_CONTEXT() REPRESENTATION_CONTEXT('2D SPACE',''
  ) );
#5423 = ORIENTED_EDGE('',*,*,#5424,.F.);
#5424 = EDGE_CURVE('',#5336,#5397,#5425,.T.);
#5425 = SURFACE_CURVE('',#5426,(#5430,#5437),.PCURVE_S1.);
#5426 = LINE('',#5427,#5428);
#5427 = CARTESIAN_POINT('',(-45.,-622.5,1.2E+03));
#5428 = VECTOR('',#5429,1.);
#5429 = DIRECTION('',(-0.,1.,0.));
#5430 = PCURVE('',#5344,#5431);
#5431 = DEFINITIONAL_REPRESENTATION('',(#5432),#5436);
#5432 = LINE('',#5433,#5434);
#5433 = CARTESIAN_POINT('',(6.,0.));
#5434 = VECTOR('',#5435,1.);
#5435 = DIRECTION('',(0.,-1.));
#5436 = ( GEOMETRIC_REPRESENTATION_CONTEXT(2) 
PARAMETRIC_REPRESENTATION_CONTEXT() REPRESENTATION_CONTEXT('2D SPACE',''
  ) );
#5437 = PCURVE('',#5438,#5443);
#5438 = PLANE('',#5439);
#5439 = AXIS2_PLACEMENT_3D('',#5440,#5441,#5442);
#5440 = CARTESIAN_POINT('',(-45.,-622.5,1.2E+03));
#5441 = DIRECTION('',(0.,0.,1.));
#5442 = DIRECTION('',(1.,0.,-0.));
#5443 = DEFINITIONAL_REPRESENTATION('',(#5444),#5448);
#5444 = LINE('',#5445,#5446);
#5445 = CARTESIAN_POINT('',(0.,0.));
#5446 = VECTOR('',#5447,1.);
#5447 = DIRECTION('',(0.,1.));
#5448 = ( GEOMETRIC_REPRESENTATION_CONTEXT(2) 
PARAMETRIC_REPRESENTATION_CONTEXT() REPRESENTATION_CONTEXT('2D SPACE',''
  ) );
#5449 = ADVANCED_FACE('',(#5450),#5464,.T.);
#5450 = FACE_BOUND('',#5451,.T.);
#5451 = EDGE_LOOP('',(#5452,#5482,#5505,#5528));
#5452 = ORIENTED_EDGE('',*,*,#5453,.F.);
#5453 = EDGE_CURVE('',#5454,#5456,#5458,.T.);
#5454 = VERTEX_POINT('',#5455);
#5455 = CARTESIAN_POINT('',(45.,-622.5,1.194E+03));
#5456 = VERTEX_POINT('',#5457);
#5457 = CARTESIAN_POINT('',(45.,-622.5,1.2E+03));
#5458 = SURFACE_CURVE('',#5459,(#5463,#5475),.PCURVE_S1.);
#5459 = LINE('',#5460,#5461);
#5460 = CARTESIAN_POINT('',(45.,-622.5,1.194E+03));
#5461 = VECTOR('',#5462,1.);
#5462 = DIRECTION('',(0.,0.,1.));
#5463 = PCURVE('',#5464,#5469);
#5464 = PLANE('',#5465);
#5465 = AXIS2_PLACEMENT_3D('',#5466,#5467,#5468);
#5466 = CARTESIAN_POINT('',(45.,-622.5,1.194E+03));
#5467 = DIRECTION('',(1.,0.,-0.));
#5468 = DIRECTION('',(0.,0.,1.));
#5469 = DEFINITIONAL_REPRESENTATION('',(#5470),#5474);
#5470 = LINE('',#5471,#5472);
#5471 = CARTESIAN_POINT('',(0.,0.));
#5472 = VECTOR('',#5473,1.);
#5473 = DIRECTION('',(1.,0.));
#5474 = ( GEOMETRIC_REPRESENTATION_CONTEXT(2) 
PARAMETRIC_REPRESENTATION_CONTEXT() REPRESENTATION_CONTEXT('2D SPACE',''
  ) );
#5475 = PCURVE('',#5356,#5476);
#5476 = DEFINITIONAL_REPRESENTATION('',(#5477),#5481);
#5477 = LINE('',#5478,#5479);
#5478 = CARTESIAN_POINT('',(0.,90.));
#5479 = VECTOR('',#5480,1.);
#5480 = DIRECTION('',(1.,0.));
#5481 = ( GEOMETRIC_REPRESENTATION_CONTEXT(2) 
PARAMETRIC_REPRESENTATION_CONTEXT() REPRESENTATION_CONTEXT('2D SPACE',''
  ) );
#5482 = ORIENTED_EDGE('',*,*,#5483,.T.);
#5483 = EDGE_CURVE('',#5454,#5484,#5486,.T.);
#5484 = VERTEX_POINT('',#5485);
#5485 = CARTESIAN_POINT('',(45.,-577.5,1.194E+03));
#5486 = SURFACE_CURVE('',#5487,(#5491,#5498),.PCURVE_S1.);
#5487 = LINE('',#5488,#5489);
#5488 = CARTESIAN_POINT('',(45.,-622.5,1.194E+03));
#5489 = VECTOR('',#5490,1.);
#5490 = DIRECTION('',(-0.,1.,0.));
#5491 = PCURVE('',#5464,#5492);
#5492 = DEFINITIONAL_REPRESENTATION('',(#5493),#5497);
#5493 = LINE('',#5494,#5495);
#5494 = CARTESIAN_POINT('',(0.,0.));
#5495 = VECTOR('',#5496,1.);
#5496 = DIRECTION('',(0.,-1.));
#5497 = ( GEOMETRIC_REPRESENTATION_CONTEXT(2) 
PARAMETRIC_REPRESENTATION_CONTEXT() REPRESENTATION_CONTEXT('2D SPACE',''
  ) );
#5498 = PCURVE('',#5384,#5499);
#5499 = DEFINITIONAL_REPRESENTATION('',(#5500),#5504);
#5500 = LINE('',#5501,#5502);
#5501 = CARTESIAN_POINT('',(90.,0.));
#5502 = VECTOR('',#5503,1.);
#5503 = DIRECTION('',(0.,1.));
#5504 = ( GEOMETRIC_REPRESENTATION_CONTEXT(2) 
PARAMETRIC_REPRESENTATION_CONTEXT() REPRESENTATION_CONTEXT('2D SPACE',''
  ) );
#5505 = ORIENTED_EDGE('',*,*,#5506,.T.);
#5506 = EDGE_CURVE('',#5484,#5507,#5509,.T.);
#5507 = VERTEX_POINT('',#5508);
#5508 = CARTESIAN_POINT('',(45.,-577.5,1.2E+03));
#5509 = SURFACE_CURVE('',#5510,(#5514,#5521),.PCURVE_S1.);
#5510 = LINE('',#5511,#5512);
#5511 = CARTESIAN_POINT('',(45.,-577.5,1.194E+03));
#5512 = VECTOR('',#5513,1.);
#5513 = DIRECTION('',(0.,0.,1.));
#5514 = PCURVE('',#5464,#5515);
#5515 = DEFINITIONAL_REPRESENTATION('',(#5516),#5520);
#5516 = LINE('',#5517,#5518);
#5517 = CARTESIAN_POINT('',(0.,-45.));
#5518 = VECTOR('',#5519,1.);
#5519 = DIRECTION('',(1.,0.));
#5520 = ( GEOMETRIC_REPRESENTATION_CONTEXT(2) 
PARAMETRIC_REPRESENTATION_CONTEXT() REPRESENTATION_CONTEXT('2D SPACE',''
  ) );
#5521 = PCURVE('',#5412,#5522);
#5522 = DEFINITIONAL_REPRESENTATION('',(#5523),#5527);
#5523 = LINE('',#5524,#5525);
#5524 = CARTESIAN_POINT('',(0.,90.));
#5525 = VECTOR('',#5526,1.);
#5526 = DIRECTION('',(1.,0.));
#5527 = ( GEOMETRIC_REPRESENTATION_CONTEXT(2) 
PARAMETRIC_REPRESENTATION_CONTEXT() REPRESENTATION_CONTEXT('2D SPACE',''
  ) );
#5528 = ORIENTED_EDGE('',*,*,#5529,.F.);
#5529 = EDGE_CURVE('',#5456,#5507,#5530,.T.);
#5530 = SURFACE_CURVE('',#5531,(#5535,#5542),.PCURVE_S1.);
#5531 = LINE('',#5532,#5533);
#5532 = CARTESIAN_POINT('',(45.,-622.5,1.2E+03));
#5533 = VECTOR('',#5534,1.);
#5534 = DIRECTION('',(-0.,1.,0.));
#5535 = PCURVE('',#5464,#5536);
#5536 = DEFINITIONAL_REPRESENTATION('',(#5537),#5541);
#5537 = LINE('',#5538,#5539);
#5538 = CARTESIAN_POINT('',(6.,0.));
#5539 = VECTOR('',#5540,1.);
#5540 = DIRECTION('',(0.,-1.));
#5541 = ( GEOMETRIC_REPRESENTATION_CONTEXT(2) 
PARAMETRIC_REPRESENTATION_CONTEXT() REPRESENTATION_CONTEXT('2D SPACE',''
  ) );
#5542 = PCURVE('',#5438,#5543);
#5543 = DEFINITIONAL_REPRESENTATION('',(#5544),#5548);
#5544 = LINE('',#5545,#5546);
#5545 = CARTESIAN_POINT('',(90.,0.));
#5546 = VECTOR('',#5547,1.);
#5547 = DIRECTION('',(0.,1.));
#5548 = ( GEOMETRIC_REPRESENTATION_CONTEXT(2) 
PARAMETRIC_REPRESENTATION_CONTEXT() REPRESENTATION_CONTEXT('2D SPACE',''
  ) );
#5549 = ADVANCED_FACE('',(#5550),#5356,.F.);
#5550 = FACE_BOUND('',#5551,.F.);
#5551 = EDGE_LOOP('',(#5552,#5573,#5574,#5595));
#5552 = ORIENTED_EDGE('',*,*,#5553,.F.);
#5553 = EDGE_CURVE('',#5334,#5454,#5554,.T.);
#5554 = SURFACE_CURVE('',#5555,(#5559,#5566),.PCURVE_S1.);
#5555 = LINE('',#5556,#5557);
#5556 = CARTESIAN_POINT('',(-45.,-622.5,1.194E+03));
#5557 = VECTOR('',#5558,1.);
#5558 = DIRECTION('',(1.,0.,-0.));
#5559 = PCURVE('',#5356,#5560);
#5560 = DEFINITIONAL_REPRESENTATION('',(#5561),#5565);
#5561 = LINE('',#5562,#5563);
#5562 = CARTESIAN_POINT('',(0.,0.));
#5563 = VECTOR('',#5564,1.);
#5564 = DIRECTION('',(0.,1.));
#5565 = ( GEOMETRIC_REPRESENTATION_CONTEXT(2) 
PARAMETRIC_REPRESENTATION_CONTEXT() REPRESENTATION_CONTEXT('2D SPACE',''
  ) );
#5566 = PCURVE('',#5384,#5567);
#5567 = DEFINITIONAL_REPRESENTATION('',(#5568),#5572);
#5568 = LINE('',#5569,#5570);
#5569 = CARTESIAN_POINT('',(0.,0.));
#5570 = VECTOR('',#5571,1.);
#5571 = DIRECTION('',(1.,0.));
#5572 = ( GEOMETRIC_REPRESENTATION_CONTEXT(2) 
PARAMETRIC_REPRESENTATION_CONTEXT() REPRESENTATION_CONTEXT('2D SPACE',''
  ) );
#5573 = ORIENTED_EDGE('',*,*,#5333,.T.);
#5574 = ORIENTED_EDGE('',*,*,#5575,.T.);
#5575 = EDGE_CURVE('',#5336,#5456,#5576,.T.);
#5576 = SURFACE_CURVE('',#5577,(#5581,#5588),.PCURVE_S1.);
#5577 = LINE('',#5578,#5579);
#5578 = CARTESIAN_POINT('',(-45.,-622.5,1.2E+03));
#5579 = VECTOR('',#5580,1.);
#5580 = DIRECTION('',(1.,0.,-0.));
#5581 = PCURVE('',#5356,#5582);
#5582 = DEFINITIONAL_REPRESENTATION('',(#5583),#5587);
#5583 = LINE('',#5584,#5585);
#5584 = CARTESIAN_POINT('',(6.,0.));
#5585 = VECTOR('',#5586,1.);
#5586 = DIRECTION('',(0.,1.));
#5587 = ( GEOMETRIC_REPRESENTATION_CONTEXT(2) 
PARAMETRIC_REPRESENTATION_CONTEXT() REPRESENTATION_CONTEXT('2D SPACE',''
  ) );
#5588 = PCURVE('',#5438,#5589);
#5589 = DEFINITIONAL_REPRESENTATION('',(#5590),#5594);
#5590 = LINE('',#5591,#5592);
#5591 = CARTESIAN_POINT('',(0.,0.));
#5592 = VECTOR('',#5593,1.);
#5593 = DIRECTION('',(1.,0.));
#5594 = ( GEOMETRIC_REPRESENTATION_CONTEXT(2) 
PARAMETRIC_REPRESENTATION_CONTEXT() REPRESENTATION_CONTEXT('2D SPACE',''
  ) );
#5595 = ORIENTED_EDGE('',*,*,#5453,.F.);
#5596 = ADVANCED_FACE('',(#5597),#5412,.T.);
#5597 = FACE_BOUND('',#5598,.T.);
#5598 = EDGE_LOOP('',(#5599,#5620,#5621,#5642));
#5599 = ORIENTED_EDGE('',*,*,#5600,.F.);
#5600 = EDGE_CURVE('',#5369,#5484,#5601,.T.);
#5601 = SURFACE_CURVE('',#5602,(#5606,#5613),.PCURVE_S1.);
#5602 = LINE('',#5603,#5604);
#5603 = CARTESIAN_POINT('',(-45.,-577.5,1.194E+03));
#5604 = VECTOR('',#5605,1.);
#5605 = DIRECTION('',(1.,0.,-0.));
#5606 = PCURVE('',#5412,#5607);
#5607 = DEFINITIONAL_REPRESENTATION('',(#5608),#5612);
#5608 = LINE('',#5609,#5610);
#5609 = CARTESIAN_POINT('',(0.,0.));
#5610 = VECTOR('',#5611,1.);
#5611 = DIRECTION('',(0.,1.));
#5612 = ( GEOMETRIC_REPRESENTATION_CONTEXT(2) 
PARAMETRIC_REPRESENTATION_CONTEXT() REPRESENTATION_CONTEXT('2D SPACE',''
  ) );
#5613 = PCURVE('',#5384,#5614);
#5614 = DEFINITIONAL_REPRESENTATION('',(#5615),#5619);
#5615 = LINE('',#5616,#5617);
#5616 = CARTESIAN_POINT('',(0.,45.));
#5617 = VECTOR('',#5618,1.);
#5618 = DIRECTION('',(1.,0.));
#5619 = ( GEOMETRIC_REPRESENTATION_CONTEXT(2) 
PARAMETRIC_REPRESENTATION_CONTEXT() REPRESENTATION_CONTEXT('2D SPACE',''
  ) );
#5620 = ORIENTED_EDGE('',*,*,#5396,.T.);
#5621 = ORIENTED_EDGE('',*,*,#5622,.T.);
#5622 = EDGE_CURVE('',#5397,#5507,#5623,.T.);
#5623 = SURFACE_CURVE('',#5624,(#5628,#5635),.PCURVE_S1.);
#5624 = LINE('',#5625,#5626);
#5625 = CARTESIAN_POINT('',(-45.,-577.5,1.2E+03));
#5626 = VECTOR('',#5627,1.);
#5627 = DIRECTION('',(1.,0.,-0.));
#5628 = PCURVE('',#5412,#5629);
#5629 = DEFINITIONAL_REPRESENTATION('',(#5630),#5634);
#5630 = LINE('',#5631,#5632);
#5631 = CARTESIAN_POINT('',(6.,0.));
#5632 = VECTOR('',#5633,1.);
#5633 = DIRECTION('',(0.,1.));
#5634 = ( GEOMETRIC_REPRESENTATION_CONTEXT(2) 
PARAMETRIC_REPRESENTATION_CONTEXT() REPRESENTATION_CONTEXT('2D SPACE',''
  ) );
#5635 = PCURVE('',#5438,#5636);
#5636 = DEFINITIONAL_REPRESENTATION('',(#5637),#5641);
#5637 = LINE('',#5638,#5639);
#5638 = CARTESIAN_POINT('',(0.,45.));
#5639 = VECTOR('',#5640,1.);
#5640 = DIRECTION('',(1.,0.));
#5641 = ( GEOMETRIC_REPRESENTATION_CONTEXT(2) 
PARAMETRIC_REPRESENTATION_CONTEXT() REPRESENTATION_CONTEXT('2D SPACE',''
  ) );
#5642 = ORIENTED_EDGE('',*,*,#5506,.F.);
#5643 = ADVANCED_FACE('',(#5644),#5384,.F.);
#5644 = FACE_BOUND('',#5645,.F.);
#5645 = EDGE_LOOP('',(#5646,#5647,#5648,#5649));
#5646 = ORIENTED_EDGE('',*,*,#5368,.F.);
#5647 = ORIENTED_EDGE('',*,*,#5553,.T.);
#5648 = ORIENTED_EDGE('',*,*,#5483,.T.);
#5649 = ORIENTED_EDGE('',*,*,#5600,.F.);
#5650 = ADVANCED_FACE('',(#5651),#5438,.T.);
#5651 = FACE_BOUND('',#5652,.T.);
#5652 = EDGE_LOOP('',(#5653,#5654,#5655,#5656));
#5653 = ORIENTED_EDGE('',*,*,#5424,.F.);
#5654 = ORIENTED_EDGE('',*,*,#5575,.T.);
#5655 = ORIENTED_EDGE('',*,*,#5529,.T.);
#5656 = ORIENTED_EDGE('',*,*,#5622,.F.);
#5657 = MANIFOLD_SOLID_BREP('',#5658);
#5658 = CLOSED_SHELL('',(#5659,#5779,#5879,#5926,#5973,#5980));
#5659 = ADVANCED_FACE('',(#5660),#5674,.F.);
#5660 = FACE_BOUND('',#5661,.F.);
#5661 = EDGE_LOOP('',(#5662,#5697,#5725,#5753));
#5662 = ORIENTED_EDGE('',*,*,#5663,.F.);
#5663 = EDGE_CURVE('',#5664,#5666,#5668,.T.);
#5664 = VERTEX_POINT('',#5665);
#5665 = CARTESIAN_POINT('',(-45.,577.5,1.194E+03));
#5666 = VERTEX_POINT('',#5667);
#5667 = CARTESIAN_POINT('',(-45.,577.5,1.2E+03));
#5668 = SURFACE_CURVE('',#5669,(#5673,#5685),.PCURVE_S1.);
#5669 = LINE('',#5670,#5671);
#5670 = CARTESIAN_POINT('',(-45.,577.5,1.194E+03));
#5671 = VECTOR('',#5672,1.);
#5672 = DIRECTION('',(0.,0.,1.));
#5673 = PCURVE('',#5674,#5679);
#5674 = PLANE('',#5675);
#5675 = AXIS2_PLACEMENT_3D('',#5676,#5677,#5678);
#5676 = CARTESIAN_POINT('',(-45.,577.5,1.194E+03));
#5677 = DIRECTION('',(1.,0.,-0.));
#5678 = DIRECTION('',(0.,0.,1.));
#5679 = DEFINITIONAL_REPRESENTATION('',(#5680),#5684);
#5680 = LINE('',#5681,#5682);
#5681 = CARTESIAN_POINT('',(0.,0.));
#5682 = VECTOR('',#5683,1.);
#5683 = DIRECTION('',(1.,0.));
#5684 = ( GEOMETRIC_REPRESENTATION_CONTEXT(2) 
PARAMETRIC_REPRESENTATION_CONTEXT() REPRESENTATION_CONTEXT('2D SPACE',''
  ) );
#5685 = PCURVE('',#5686,#5691);
#5686 = PLANE('',#5687);
#5687 = AXIS2_PLACEMENT_3D('',#5688,#5689,#5690);
#5688 = CARTESIAN_POINT('',(-45.,577.5,1.194E+03));
#5689 = DIRECTION('',(-0.,1.,0.));
#5690 = DIRECTION('',(0.,0.,1.));
#5691 = DEFINITIONAL_REPRESENTATION('',(#5692),#5696);
#5692 = LINE('',#5693,#5694);
#5693 = CARTESIAN_POINT('',(0.,0.));
#5694 = VECTOR('',#5695,1.);
#5695 = DIRECTION('',(1.,0.));
#5696 = ( GEOMETRIC_REPRESENTATION_CONTEXT(2) 
PARAMETRIC_REPRESENTATION_CONTEXT() REPRESENTATION_CONTEXT('2D SPACE',''
  ) );
#5697 = ORIENTED_EDGE('',*,*,#5698,.T.);
#5698 = EDGE_CURVE('',#5664,#5699,#5701,.T.);
#5699 = VERTEX_POINT('',#5700);
#5700 = CARTESIAN_POINT('',(-45.,622.5,1.194E+03));
#5701 = SURFACE_CURVE('',#5702,(#5706,#5713),.PCURVE_S1.);
#5702 = LINE('',#5703,#5704);
#5703 = CARTESIAN_POINT('',(-45.,577.5,1.194E+03));
#5704 = VECTOR('',#5705,1.);
#5705 = DIRECTION('',(-0.,1.,0.));
#5706 = PCURVE('',#5674,#5707);
#5707 = DEFINITIONAL_REPRESENTATION('',(#5708),#5712);
#5708 = LINE('',#5709,#5710);
#5709 = CARTESIAN_POINT('',(0.,0.));
#5710 = VECTOR('',#5711,1.);
#5711 = DIRECTION('',(0.,-1.));
#5712 = ( GEOMETRIC_REPRESENTATION_CONTEXT(2) 
PARAMETRIC_REPRESENTATION_CONTEXT() REPRESENTATION_CONTEXT('2D SPACE',''
  ) );
#5713 = PCURVE('',#5714,#5719);
#5714 = PLANE('',#5715);
#5715 = AXIS2_PLACEMENT_3D('',#5716,#5717,#5718);
#5716 = CARTESIAN_POINT('',(-45.,577.5,1.194E+03));
#5717 = DIRECTION('',(0.,0.,1.));
#5718 = DIRECTION('',(1.,0.,-0.));
#5719 = DEFINITIONAL_REPRESENTATION('',(#5720),#5724);
#5720 = LINE('',#5721,#5722);
#5721 = CARTESIAN_POINT('',(0.,0.));
#5722 = VECTOR('',#5723,1.);
#5723 = DIRECTION('',(0.,1.));
#5724 = ( GEOMETRIC_REPRESENTATION_CONTEXT(2) 
PARAMETRIC_REPRESENTATION_CONTEXT() REPRESENTATION_CONTEXT('2D SPACE',''
  ) );
#5725 = ORIENTED_EDGE('',*,*,#5726,.T.);
#5726 = EDGE_CURVE('',#5699,#5727,#5729,.T.);
#5727 = VERTEX_POINT('',#5728);
#5728 = CARTESIAN_POINT('',(-45.,622.5,1.2E+03));
#5729 = SURFACE_CURVE('',#5730,(#5734,#5741),.PCURVE_S1.);
#5730 = LINE('',#5731,#5732);
#5731 = CARTESIAN_POINT('',(-45.,622.5,1.194E+03));
#5732 = VECTOR('',#5733,1.);
#5733 = DIRECTION('',(0.,0.,1.));
#5734 = PCURVE('',#5674,#5735);
#5735 = DEFINITIONAL_REPRESENTATION('',(#5736),#5740);
#5736 = LINE('',#5737,#5738);
#5737 = CARTESIAN_POINT('',(0.,-45.));
#5738 = VECTOR('',#5739,1.);
#5739 = DIRECTION('',(1.,0.));
#5740 = ( GEOMETRIC_REPRESENTATION_CONTEXT(2) 
PARAMETRIC_REPRESENTATION_CONTEXT() REPRESENTATION_CONTEXT('2D SPACE',''
  ) );
#5741 = PCURVE('',#5742,#5747);
#5742 = PLANE('',#5743);
#5743 = AXIS2_PLACEMENT_3D('',#5744,#5745,#5746);
#5744 = CARTESIAN_POINT('',(-45.,622.5,1.194E+03));
#5745 = DIRECTION('',(-0.,1.,0.));
#5746 = DIRECTION('',(0.,0.,1.));
#5747 = DEFINITIONAL_REPRESENTATION('',(#5748),#5752);
#5748 = LINE('',#5749,#5750);
#5749 = CARTESIAN_POINT('',(0.,0.));
#5750 = VECTOR('',#5751,1.);
#5751 = DIRECTION('',(1.,0.));
#5752 = ( GEOMETRIC_REPRESENTATION_CONTEXT(2) 
PARAMETRIC_REPRESENTATION_CONTEXT() REPRESENTATION_CONTEXT('2D SPACE',''
  ) );
#5753 = ORIENTED_EDGE('',*,*,#5754,.F.);
#5754 = EDGE_CURVE('',#5666,#5727,#5755,.T.);
#5755 = SURFACE_CURVE('',#5756,(#5760,#5767),.PCURVE_S1.);
#5756 = LINE('',#5757,#5758);
#5757 = CARTESIAN_POINT('',(-45.,577.5,1.2E+03));
#5758 = VECTOR('',#5759,1.);
#5759 = DIRECTION('',(-0.,1.,0.));
#5760 = PCURVE('',#5674,#5761);
#5761 = DEFINITIONAL_REPRESENTATION('',(#5762),#5766);
#5762 = LINE('',#5763,#5764);
#5763 = CARTESIAN_POINT('',(6.,0.));
#5764 = VECTOR('',#5765,1.);
#5765 = DIRECTION('',(0.,-1.));
#5766 = ( GEOMETRIC_REPRESENTATION_CONTEXT(2) 
PARAMETRIC_REPRESENTATION_CONTEXT() REPRESENTATION_CONTEXT('2D SPACE',''
  ) );
#5767 = PCURVE('',#5768,#5773);
#5768 = PLANE('',#5769);
#5769 = AXIS2_PLACEMENT_3D('',#5770,#5771,#5772);
#5770 = CARTESIAN_POINT('',(-45.,577.5,1.2E+03));
#5771 = DIRECTION('',(0.,0.,1.));
#5772 = DIRECTION('',(1.,0.,-0.));
#5773 = DEFINITIONAL_REPRESENTATION('',(#5774),#5778);
#5774 = LINE('',#5775,#5776);
#5775 = CARTESIAN_POINT('',(0.,0.));
#5776 = VECTOR('',#5777,1.);
#5777 = DIRECTION('',(0.,1.));
#5778 = ( GEOMETRIC_REPRESENTATION_CONTEXT(2) 
PARAMETRIC_REPRESENTATION_CONTEXT() REPRESENTATION_CONTEXT('2D SPACE',''
  ) );
#5779 = ADVANCED_FACE('',(#5780),#5794,.T.);
#5780 = FACE_BOUND('',#5781,.T.);
#5781 = EDGE_LOOP('',(#5782,#5812,#5835,#5858));
#5782 = ORIENTED_EDGE('',*,*,#5783,.F.);
#5783 = EDGE_CURVE('',#5784,#5786,#5788,.T.);
#5784 = VERTEX_POINT('',#5785);
#5785 = CARTESIAN_POINT('',(45.,577.5,1.194E+03));
#5786 = VERTEX_POINT('',#5787);
#5787 = CARTESIAN_POINT('',(45.,577.5,1.2E+03));
#5788 = SURFACE_CURVE('',#5789,(#5793,#5805),.PCURVE_S1.);
#5789 = LINE('',#5790,#5791);
#5790 = CARTESIAN_POINT('',(45.,577.5,1.194E+03));
#5791 = VECTOR('',#5792,1.);
#5792 = DIRECTION('',(0.,0.,1.));
#5793 = PCURVE('',#5794,#5799);
#5794 = PLANE('',#5795);
#5795 = AXIS2_PLACEMENT_3D('',#5796,#5797,#5798);
#5796 = CARTESIAN_POINT('',(45.,577.5,1.194E+03));
#5797 = DIRECTION('',(1.,0.,-0.));
#5798 = DIRECTION('',(0.,0.,1.));
#5799 = DEFINITIONAL_REPRESENTATION('',(#5800),#5804);
#5800 = LINE('',#5801,#5802);
#5801 = CARTESIAN_POINT('',(0.,0.));
#5802 = VECTOR('',#5803,1.);
#5803 = DIRECTION('',(1.,0.));
#5804 = ( GEOMETRIC_REPRESENTATION_CONTEXT(2) 
PARAMETRIC_REPRESENTATION_CONTEXT() REPRESENTATION_CONTEXT('2D SPACE',''
  ) );
#5805 = PCURVE('',#5686,#5806);
#5806 = DEFINITIONAL_REPRESENTATION('',(#5807),#5811);
#5807 = LINE('',#5808,#5809);
#5808 = CARTESIAN_POINT('',(0.,90.));
#5809 = VECTOR('',#5810,1.);
#5810 = DIRECTION('',(1.,0.));
#5811 = ( GEOMETRIC_REPRESENTATION_CONTEXT(2) 
PARAMETRIC_REPRESENTATION_CONTEXT() REPRESENTATION_CONTEXT('2D SPACE',''
  ) );
#5812 = ORIENTED_EDGE('',*,*,#5813,.T.);
#5813 = EDGE_CURVE('',#5784,#5814,#5816,.T.);
#5814 = VERTEX_POINT('',#5815);
#5815 = CARTESIAN_POINT('',(45.,622.5,1.194E+03));
#5816 = SURFACE_CURVE('',#5817,(#5821,#5828),.PCURVE_S1.);
#5817 = LINE('',#5818,#5819);
#5818 = CARTESIAN_POINT('',(45.,577.5,1.194E+03));
#5819 = VECTOR('',#5820,1.);
#5820 = DIRECTION('',(-0.,1.,0.));
#5821 = PCURVE('',#5794,#5822);
#5822 = DEFINITIONAL_REPRESENTATION('',(#5823),#5827);
#5823 = LINE('',#5824,#5825);
#5824 = CARTESIAN_POINT('',(0.,0.));
#5825 = VECTOR('',#5826,1.);
#5826 = DIRECTION('',(0.,-1.));
#5827 = ( GEOMETRIC_REPRESENTATION_CONTEXT(2) 
PARAMETRIC_REPRESENTATION_CONTEXT() REPRESENTATION_CONTEXT('2D SPACE',''
  ) );
#5828 = PCURVE('',#5714,#5829);
#5829 = DEFINITIONAL_REPRESENTATION('',(#5830),#5834);
#5830 = LINE('',#5831,#5832);
#5831 = CARTESIAN_POINT('',(90.,0.));
#5832 = VECTOR('',#5833,1.);
#5833 = DIRECTION('',(0.,1.));
#5834 = ( GEOMETRIC_REPRESENTATION_CONTEXT(2) 
PARAMETRIC_REPRESENTATION_CONTEXT() REPRESENTATION_CONTEXT('2D SPACE',''
  ) );
#5835 = ORIENTED_EDGE('',*,*,#5836,.T.);
#5836 = EDGE_CURVE('',#5814,#5837,#5839,.T.);
#5837 = VERTEX_POINT('',#5838);
#5838 = CARTESIAN_POINT('',(45.,622.5,1.2E+03));
#5839 = SURFACE_CURVE('',#5840,(#5844,#5851),.PCURVE_S1.);
#5840 = LINE('',#5841,#5842);
#5841 = CARTESIAN_POINT('',(45.,622.5,1.194E+03));
#5842 = VECTOR('',#5843,1.);
#5843 = DIRECTION('',(0.,0.,1.));
#5844 = PCURVE('',#5794,#5845);
#5845 = DEFINITIONAL_REPRESENTATION('',(#5846),#5850);
#5846 = LINE('',#5847,#5848);
#5847 = CARTESIAN_POINT('',(0.,-45.));
#5848 = VECTOR('',#5849,1.);
#5849 = DIRECTION('',(1.,0.));
#5850 = ( GEOMETRIC_REPRESENTATION_CONTEXT(2) 
PARAMETRIC_REPRESENTATION_CONTEXT() REPRESENTATION_CONTEXT('2D SPACE',''
  ) );
#5851 = PCURVE('',#5742,#5852);
#5852 = DEFINITIONAL_REPRESENTATION('',(#5853),#5857);
#5853 = LINE('',#5854,#5855);
#5854 = CARTESIAN_POINT('',(0.,90.));
#5855 = VECTOR('',#5856,1.);
#5856 = DIRECTION('',(1.,0.));
#5857 = ( GEOMETRIC_REPRESENTATION_CONTEXT(2) 
PARAMETRIC_REPRESENTATION_CONTEXT() REPRESENTATION_CONTEXT('2D SPACE',''
  ) );
#5858 = ORIENTED_EDGE('',*,*,#5859,.F.);
#5859 = EDGE_CURVE('',#5786,#5837,#5860,.T.);
#5860 = SURFACE_CURVE('',#5861,(#5865,#5872),.PCURVE_S1.);
#5861 = LINE('',#5862,#5863);
#5862 = CARTESIAN_POINT('',(45.,577.5,1.2E+03));
#5863 = VECTOR('',#5864,1.);
#5864 = DIRECTION('',(-0.,1.,0.));
#5865 = PCURVE('',#5794,#5866);
#5866 = DEFINITIONAL_REPRESENTATION('',(#5867),#5871);
#5867 = LINE('',#5868,#5869);
#5868 = CARTESIAN_POINT('',(6.,0.));
#5869 = VECTOR('',#5870,1.);
#5870 = DIRECTION('',(0.,-1.));
#5871 = ( GEOMETRIC_REPRESENTATION_CONTEXT(2) 
PARAMETRIC_REPRESENTATION_CONTEXT() REPRESENTATION_CONTEXT('2D SPACE',''
  ) );
#5872 = PCURVE('',#5768,#5873);
#5873 = DEFINITIONAL_REPRESENTATION('',(#5874),#5878);
#5874 = LINE('',#5875,#5876);
#5875 = CARTESIAN_POINT('',(90.,0.));
#5876 = VECTOR('',#5877,1.);
#5877 = DIRECTION('',(0.,1.));
#5878 = ( GEOMETRIC_REPRESENTATION_CONTEXT(2) 
PARAMETRIC_REPRESENTATION_CONTEXT() REPRESENTATION_CONTEXT('2D SPACE',''
  ) );
#5879 = ADVANCED_FACE('',(#5880),#5686,.F.);
#5880 = FACE_BOUND('',#5881,.F.);
#5881 = EDGE_LOOP('',(#5882,#5903,#5904,#5925));
#5882 = ORIENTED_EDGE('',*,*,#5883,.F.);
#5883 = EDGE_CURVE('',#5664,#5784,#5884,.T.);
#5884 = SURFACE_CURVE('',#5885,(#5889,#5896),.PCURVE_S1.);
#5885 = LINE('',#5886,#5887);
#5886 = CARTESIAN_POINT('',(-45.,577.5,1.194E+03));
#5887 = VECTOR('',#5888,1.);
#5888 = DIRECTION('',(1.,0.,-0.));
#5889 = PCURVE('',#5686,#5890);
#5890 = DEFINITIONAL_REPRESENTATION('',(#5891),#5895);
#5891 = LINE('',#5892,#5893);
#5892 = CARTESIAN_POINT('',(0.,0.));
#5893 = VECTOR('',#5894,1.);
#5894 = DIRECTION('',(0.,1.));
#5895 = ( GEOMETRIC_REPRESENTATION_CONTEXT(2) 
PARAMETRIC_REPRESENTATION_CONTEXT() REPRESENTATION_CONTEXT('2D SPACE',''
  ) );
#5896 = PCURVE('',#5714,#5897);
#5897 = DEFINITIONAL_REPRESENTATION('',(#5898),#5902);
#5898 = LINE('',#5899,#5900);
#5899 = CARTESIAN_POINT('',(0.,0.));
#5900 = VECTOR('',#5901,1.);
#5901 = DIRECTION('',(1.,0.));
#5902 = ( GEOMETRIC_REPRESENTATION_CONTEXT(2) 
PARAMETRIC_REPRESENTATION_CONTEXT() REPRESENTATION_CONTEXT('2D SPACE',''
  ) );
#5903 = ORIENTED_EDGE('',*,*,#5663,.T.);
#5904 = ORIENTED_EDGE('',*,*,#5905,.T.);
#5905 = EDGE_CURVE('',#5666,#5786,#5906,.T.);
#5906 = SURFACE_CURVE('',#5907,(#5911,#5918),.PCURVE_S1.);
#5907 = LINE('',#5908,#5909);
#5908 = CARTESIAN_POINT('',(-45.,577.5,1.2E+03));
#5909 = VECTOR('',#5910,1.);
#5910 = DIRECTION('',(1.,0.,-0.));
#5911 = PCURVE('',#5686,#5912);
#5912 = DEFINITIONAL_REPRESENTATION('',(#5913),#5917);
#5913 = LINE('',#5914,#5915);
#5914 = CARTESIAN_POINT('',(6.,0.));
#5915 = VECTOR('',#5916,1.);
#5916 = DIRECTION('',(0.,1.));
#5917 = ( GEOMETRIC_REPRESENTATION_CONTEXT(2) 
PARAMETRIC_REPRESENTATION_CONTEXT() REPRESENTATION_CONTEXT('2D SPACE',''
  ) );
#5918 = PCURVE('',#5768,#5919);
#5919 = DEFINITIONAL_REPRESENTATION('',(#5920),#5924);
#5920 = LINE('',#5921,#5922);
#5921 = CARTESIAN_POINT('',(0.,0.));
#5922 = VECTOR('',#5923,1.);
#5923 = DIRECTION('',(1.,0.));
#5924 = ( GEOMETRIC_REPRESENTATION_CONTEXT(2) 
PARAMETRIC_REPRESENTATION_CONTEXT() REPRESENTATION_CONTEXT('2D SPACE',''
  ) );
#5925 = ORIENTED_EDGE('',*,*,#5783,.F.);
#5926 = ADVANCED_FACE('',(#5927),#5742,.T.);
#5927 = FACE_BOUND('',#5928,.T.);
#5928 = EDGE_LOOP('',(#5929,#5950,#5951,#5972));
#5929 = ORIENTED_EDGE('',*,*,#5930,.F.);
#5930 = EDGE_CURVE('',#5699,#5814,#5931,.T.);
#5931 = SURFACE_CURVE('',#5932,(#5936,#5943),.PCURVE_S1.);
#5932 = LINE('',#5933,#5934);
#5933 = CARTESIAN_POINT('',(-45.,622.5,1.194E+03));
#5934 = VECTOR('',#5935,1.);
#5935 = DIRECTION('',(1.,0.,-0.));
#5936 = PCURVE('',#5742,#5937);
#5937 = DEFINITIONAL_REPRESENTATION('',(#5938),#5942);
#5938 = LINE('',#5939,#5940);
#5939 = CARTESIAN_POINT('',(0.,0.));
#5940 = VECTOR('',#5941,1.);
#5941 = DIRECTION('',(0.,1.));
#5942 = ( GEOMETRIC_REPRESENTATION_CONTEXT(2) 
PARAMETRIC_REPRESENTATION_CONTEXT() REPRESENTATION_CONTEXT('2D SPACE',''
  ) );
#5943 = PCURVE('',#5714,#5944);
#5944 = DEFINITIONAL_REPRESENTATION('',(#5945),#5949);
#5945 = LINE('',#5946,#5947);
#5946 = CARTESIAN_POINT('',(0.,45.));
#5947 = VECTOR('',#5948,1.);
#5948 = DIRECTION('',(1.,0.));
#5949 = ( GEOMETRIC_REPRESENTATION_CONTEXT(2) 
PARAMETRIC_REPRESENTATION_CONTEXT() REPRESENTATION_CONTEXT('2D SPACE',''
  ) );
#5950 = ORIENTED_EDGE('',*,*,#5726,.T.);
#5951 = ORIENTED_EDGE('',*,*,#5952,.T.);
#5952 = EDGE_CURVE('',#5727,#5837,#5953,.T.);
#5953 = SURFACE_CURVE('',#5954,(#5958,#5965),.PCURVE_S1.);
#5954 = LINE('',#5955,#5956);
#5955 = CARTESIAN_POINT('',(-45.,622.5,1.2E+03));
#5956 = VECTOR('',#5957,1.);
#5957 = DIRECTION('',(1.,0.,-0.));
#5958 = PCURVE('',#5742,#5959);
#5959 = DEFINITIONAL_REPRESENTATION('',(#5960),#5964);
#5960 = LINE('',#5961,#5962);
#5961 = CARTESIAN_POINT('',(6.,0.));
#5962 = VECTOR('',#5963,1.);
#5963 = DIRECTION('',(0.,1.));
#5964 = ( GEOMETRIC_REPRESENTATION_CONTEXT(2) 
PARAMETRIC_REPRESENTATION_CONTEXT() REPRESENTATION_CONTEXT('2D SPACE',''
  ) );
#5965 = PCURVE('',#5768,#5966);
#5966 = DEFINITIONAL_REPRESENTATION('',(#5967),#5971);
#5967 = LINE('',#5968,#5969);
#5968 = CARTESIAN_POINT('',(0.,45.));
#5969 = VECTOR('',#5970,1.);
#5970 = DIRECTION('',(1.,0.));
#5971 = ( GEOMETRIC_REPRESENTATION_CONTEXT(2) 
PARAMETRIC_REPRESENTATION_CONTEXT() REPRESENTATION_CONTEXT('2D SPACE',''
  ) );
#5972 = ORIENTED_EDGE('',*,*,#5836,.F.);
#5973 = ADVANCED_FACE('',(#5974),#5714,.F.);
#5974 = FACE_BOUND('',#5975,.F.);
#5975 = EDGE_LOOP('',(#5976,#5977,#5978,#5979));
#5976 = ORIENTED_EDGE('',*,*,#5698,.F.);
#5977 = ORIENTED_EDGE('',*,*,#5883,.T.);
#5978 = ORIENTED_EDGE('',*,*,#5813,.T.);
#5979 = ORIENTED_EDGE('',*,*,#5930,.F.);
#5980 = ADVANCED_FACE('',(#5981),#5768,.T.);
#5981 = FACE_BOUND('',#5982,.T.);
#5982 = EDGE_LOOP('',(#5983,#5984,#5985,#5986));
#5983 = ORIENTED_EDGE('',*,*,#5754,.F.);
#5984 = ORIENTED_EDGE('',*,*,#5905,.T.);
#5985 = ORIENTED_EDGE('',*,*,#5859,.T.);
#5986 = ORIENTED_EDGE('',*,*,#5952,.F.);
#5987 = MANIFOLD_SOLID_BREP('',#5988);
#5988 = CLOSED_SHELL('',(#5989,#6109,#6209,#6256,#6303,#6310));
#5989 = ADVANCED_FACE('',(#5990),#6004,.F.);
#5990 = FACE_BOUND('',#5991,.F.);
#5991 = EDGE_LOOP('',(#5992,#6027,#6055,#6083));
#5992 = ORIENTED_EDGE('',*,*,#5993,.F.);
#5993 = EDGE_CURVE('',#5994,#5996,#5998,.T.);
#5994 = VERTEX_POINT('',#5995);
#5995 = CARTESIAN_POINT('',(140.,-641.5,1.2127E+03));
#5996 = VERTEX_POINT('',#5997);
#5997 = CARTESIAN_POINT('',(140.,-641.5,1.2187E+03));
#5998 = SURFACE_CURVE('',#5999,(#6003,#6015),.PCURVE_S1.);
#5999 = LINE('',#6000,#6001);
#6000 = CARTESIAN_POINT('',(140.,-641.5,1.2127E+03));
#6001 = VECTOR('',#6002,1.);
#6002 = DIRECTION('',(0.,0.,1.));
#6003 = PCURVE('',#6004,#6009);
#6004 = PLANE('',#6005);
#6005 = AXIS2_PLACEMENT_3D('',#6006,#6007,#6008);
#6006 = CARTESIAN_POINT('',(140.,-641.5,1.2127E+03));
#6007 = DIRECTION('',(1.,0.,-0.));
#6008 = DIRECTION('',(0.,0.,1.));
#6009 = DEFINITIONAL_REPRESENTATION('',(#6010),#6014);
#6010 = LINE('',#6011,#6012);
#6011 = CARTESIAN_POINT('',(0.,0.));
#6012 = VECTOR('',#6013,1.);
#6013 = DIRECTION('',(1.,0.));
#6014 = ( GEOMETRIC_REPRESENTATION_CONTEXT(2) 
PARAMETRIC_REPRESENTATION_CONTEXT() REPRESENTATION_CONTEXT('2D SPACE',''
  ) );
#6015 = PCURVE('',#6016,#6021);
#6016 = PLANE('',#6017);
#6017 = AXIS2_PLACEMENT_3D('',#6018,#6019,#6020);
#6018 = CARTESIAN_POINT('',(140.,-641.5,1.2127E+03));
#6019 = DIRECTION('',(-0.,1.,0.));
#6020 = DIRECTION('',(0.,0.,1.));
#6021 = DEFINITIONAL_REPRESENTATION('',(#6022),#6026);
#6022 = LINE('',#6023,#6024);
#6023 = CARTESIAN_POINT('',(0.,0.));
#6024 = VECTOR('',#6025,1.);
#6025 = DIRECTION('',(1.,0.));
#6026 = ( GEOMETRIC_REPRESENTATION_CONTEXT(2) 
PARAMETRIC_REPRESENTATION_CONTEXT() REPRESENTATION_CONTEXT('2D SPACE',''
  ) );
#6027 = ORIENTED_EDGE('',*,*,#6028,.T.);
#6028 = EDGE_CURVE('',#5994,#6029,#6031,.T.);
#6029 = VERTEX_POINT('',#6030);
#6030 = CARTESIAN_POINT('',(140.,-616.5,1.2127E+03));
#6031 = SURFACE_CURVE('',#6032,(#6036,#6043),.PCURVE_S1.);
#6032 = LINE('',#6033,#6034);
#6033 = CARTESIAN_POINT('',(140.,-641.5,1.2127E+03));
#6034 = VECTOR('',#6035,1.);
#6035 = DIRECTION('',(-0.,1.,0.));
#6036 = PCURVE('',#6004,#6037);
#6037 = DEFINITIONAL_REPRESENTATION('',(#6038),#6042);
#6038 = LINE('',#6039,#6040);
#6039 = CARTESIAN_POINT('',(0.,0.));
#6040 = VECTOR('',#6041,1.);
#6041 = DIRECTION('',(0.,-1.));
#6042 = ( GEOMETRIC_REPRESENTATION_CONTEXT(2) 
PARAMETRIC_REPRESENTATION_CONTEXT() REPRESENTATION_CONTEXT('2D SPACE',''
  ) );
#6043 = PCURVE('',#6044,#6049);
#6044 = PLANE('',#6045);
#6045 = AXIS2_PLACEMENT_3D('',#6046,#6047,#6048);
#6046 = CARTESIAN_POINT('',(140.,-641.5,1.2127E+03));
#6047 = DIRECTION('',(0.,0.,1.));
#6048 = DIRECTION('',(1.,0.,-0.));
#6049 = DEFINITIONAL_REPRESENTATION('',(#6050),#6054);
#6050 = LINE('',#6051,#6052);
#6051 = CARTESIAN_POINT('',(0.,0.));
#6052 = VECTOR('',#6053,1.);
#6053 = DIRECTION('',(0.,1.));
#6054 = ( GEOMETRIC_REPRESENTATION_CONTEXT(2) 
PARAMETRIC_REPRESENTATION_CONTEXT() REPRESENTATION_CONTEXT('2D SPACE',''
  ) );
#6055 = ORIENTED_EDGE('',*,*,#6056,.T.);
#6056 = EDGE_CURVE('',#6029,#6057,#6059,.T.);
#6057 = VERTEX_POINT('',#6058);
#6058 = CARTESIAN_POINT('',(140.,-616.5,1.2187E+03));
#6059 = SURFACE_CURVE('',#6060,(#6064,#6071),.PCURVE_S1.);
#6060 = LINE('',#6061,#6062);
#6061 = CARTESIAN_POINT('',(140.,-616.5,1.2127E+03));
#6062 = VECTOR('',#6063,1.);
#6063 = DIRECTION('',(0.,0.,1.));
#6064 = PCURVE('',#6004,#6065);
#6065 = DEFINITIONAL_REPRESENTATION('',(#6066),#6070);
#6066 = LINE('',#6067,#6068);
#6067 = CARTESIAN_POINT('',(0.,-25.));
#6068 = VECTOR('',#6069,1.);
#6069 = DIRECTION('',(1.,0.));
#6070 = ( GEOMETRIC_REPRESENTATION_CONTEXT(2) 
PARAMETRIC_REPRESENTATION_CONTEXT() REPRESENTATION_CONTEXT('2D SPACE',''
  ) );
#6071 = PCURVE('',#6072,#6077);
#6072 = PLANE('',#6073);
#6073 = AXIS2_PLACEMENT_3D('',#6074,#6075,#6076);
#6074 = CARTESIAN_POINT('',(140.,-616.5,1.2127E+03));
#6075 = DIRECTION('',(-0.,1.,0.));
#6076 = DIRECTION('',(0.,0.,1.));
#6077 = DEFINITIONAL_REPRESENTATION('',(#6078),#6082);
#6078 = LINE('',#6079,#6080);
#6079 = CARTESIAN_POINT('',(0.,0.));
#6080 = VECTOR('',#6081,1.);
#6081 = DIRECTION('',(1.,0.));
#6082 = ( GEOMETRIC_REPRESENTATION_CONTEXT(2) 
PARAMETRIC_REPRESENTATION_CONTEXT() REPRESENTATION_CONTEXT('2D SPACE',''
  ) );
#6083 = ORIENTED_EDGE('',*,*,#6084,.F.);
#6084 = EDGE_CURVE('',#5996,#6057,#6085,.T.);
#6085 = SURFACE_CURVE('',#6086,(#6090,#6097),.PCURVE_S1.);
#6086 = LINE('',#6087,#6088);
#6087 = CARTESIAN_POINT('',(140.,-641.5,1.2187E+03));
#6088 = VECTOR('',#6089,1.);
#6089 = DIRECTION('',(-0.,1.,0.));
#6090 = PCURVE('',#6004,#6091);
#6091 = DEFINITIONAL_REPRESENTATION('',(#6092),#6096);
#6092 = LINE('',#6093,#6094);
#6093 = CARTESIAN_POINT('',(6.,0.));
#6094 = VECTOR('',#6095,1.);
#6095 = DIRECTION('',(0.,-1.));
#6096 = ( GEOMETRIC_REPRESENTATION_CONTEXT(2) 
PARAMETRIC_REPRESENTATION_CONTEXT() REPRESENTATION_CONTEXT('2D SPACE',''
  ) );
#6097 = PCURVE('',#6098,#6103);
#6098 = PLANE('',#6099);
#6099 = AXIS2_PLACEMENT_3D('',#6100,#6101,#6102);
#6100 = CARTESIAN_POINT('',(140.,-641.5,1.2187E+03));
#6101 = DIRECTION('',(0.,0.,1.));
#6102 = DIRECTION('',(1.,0.,-0.));
#6103 = DEFINITIONAL_REPRESENTATION('',(#6104),#6108);
#6104 = LINE('',#6105,#6106);
#6105 = CARTESIAN_POINT('',(0.,0.));
#6106 = VECTOR('',#6107,1.);
#6107 = DIRECTION('',(0.,1.));
#6108 = ( GEOMETRIC_REPRESENTATION_CONTEXT(2) 
PARAMETRIC_REPRESENTATION_CONTEXT() REPRESENTATION_CONTEXT('2D SPACE',''
  ) );
#6109 = ADVANCED_FACE('',(#6110),#6124,.T.);
#6110 = FACE_BOUND('',#6111,.T.);
#6111 = EDGE_LOOP('',(#6112,#6142,#6165,#6188));
#6112 = ORIENTED_EDGE('',*,*,#6113,.F.);
#6113 = EDGE_CURVE('',#6114,#6116,#6118,.T.);
#6114 = VERTEX_POINT('',#6115);
#6115 = CARTESIAN_POINT('',(180.,-641.5,1.2127E+03));
#6116 = VERTEX_POINT('',#6117);
#6117 = CARTESIAN_POINT('',(180.,-641.5,1.2187E+03));
#6118 = SURFACE_CURVE('',#6119,(#6123,#6135),.PCURVE_S1.);
#6119 = LINE('',#6120,#6121);
#6120 = CARTESIAN_POINT('',(180.,-641.5,1.2127E+03));
#6121 = VECTOR('',#6122,1.);
#6122 = DIRECTION('',(0.,0.,1.));
#6123 = PCURVE('',#6124,#6129);
#6124 = PLANE('',#6125);
#6125 = AXIS2_PLACEMENT_3D('',#6126,#6127,#6128);
#6126 = CARTESIAN_POINT('',(180.,-641.5,1.2127E+03));
#6127 = DIRECTION('',(1.,0.,-0.));
#6128 = DIRECTION('',(0.,0.,1.));
#6129 = DEFINITIONAL_REPRESENTATION('',(#6130),#6134);
#6130 = LINE('',#6131,#6132);
#6131 = CARTESIAN_POINT('',(0.,0.));
#6132 = VECTOR('',#6133,1.);
#6133 = DIRECTION('',(1.,0.));
#6134 = ( GEOMETRIC_REPRESENTATION_CONTEXT(2) 
PARAMETRIC_REPRESENTATION_CONTEXT() REPRESENTATION_CONTEXT('2D SPACE',''
  ) );
#6135 = PCURVE('',#6016,#6136);
#6136 = DEFINITIONAL_REPRESENTATION('',(#6137),#6141);
#6137 = LINE('',#6138,#6139);
#6138 = CARTESIAN_POINT('',(0.,40.));
#6139 = VECTOR('',#6140,1.);
#6140 = DIRECTION('',(1.,0.));
#6141 = ( GEOMETRIC_REPRESENTATION_CONTEXT(2) 
PARAMETRIC_REPRESENTATION_CONTEXT() REPRESENTATION_CONTEXT('2D SPACE',''
  ) );
#6142 = ORIENTED_EDGE('',*,*,#6143,.T.);
#6143 = EDGE_CURVE('',#6114,#6144,#6146,.T.);
#6144 = VERTEX_POINT('',#6145);
#6145 = CARTESIAN_POINT('',(180.,-616.5,1.2127E+03));
#6146 = SURFACE_CURVE('',#6147,(#6151,#6158),.PCURVE_S1.);
#6147 = LINE('',#6148,#6149);
#6148 = CARTESIAN_POINT('',(180.,-641.5,1.2127E+03));
#6149 = VECTOR('',#6150,1.);
#6150 = DIRECTION('',(-0.,1.,0.));
#6151 = PCURVE('',#6124,#6152);
#6152 = DEFINITIONAL_REPRESENTATION('',(#6153),#6157);
#6153 = LINE('',#6154,#6155);
#6154 = CARTESIAN_POINT('',(0.,0.));
#6155 = VECTOR('',#6156,1.);
#6156 = DIRECTION('',(0.,-1.));
#6157 = ( GEOMETRIC_REPRESENTATION_CONTEXT(2) 
PARAMETRIC_REPRESENTATION_CONTEXT() REPRESENTATION_CONTEXT('2D SPACE',''
  ) );
#6158 = PCURVE('',#6044,#6159);
#6159 = DEFINITIONAL_REPRESENTATION('',(#6160),#6164);
#6160 = LINE('',#6161,#6162);
#6161 = CARTESIAN_POINT('',(40.,0.));
#6162 = VECTOR('',#6163,1.);
#6163 = DIRECTION('',(0.,1.));
#6164 = ( GEOMETRIC_REPRESENTATION_CONTEXT(2) 
PARAMETRIC_REPRESENTATION_CONTEXT() REPRESENTATION_CONTEXT('2D SPACE',''
  ) );
#6165 = ORIENTED_EDGE('',*,*,#6166,.T.);
#6166 = EDGE_CURVE('',#6144,#6167,#6169,.T.);
#6167 = VERTEX_POINT('',#6168);
#6168 = CARTESIAN_POINT('',(180.,-616.5,1.2187E+03));
#6169 = SURFACE_CURVE('',#6170,(#6174,#6181),.PCURVE_S1.);
#6170 = LINE('',#6171,#6172);
#6171 = CARTESIAN_POINT('',(180.,-616.5,1.2127E+03));
#6172 = VECTOR('',#6173,1.);
#6173 = DIRECTION('',(0.,0.,1.));
#6174 = PCURVE('',#6124,#6175);
#6175 = DEFINITIONAL_REPRESENTATION('',(#6176),#6180);
#6176 = LINE('',#6177,#6178);
#6177 = CARTESIAN_POINT('',(0.,-25.));
#6178 = VECTOR('',#6179,1.);
#6179 = DIRECTION('',(1.,0.));
#6180 = ( GEOMETRIC_REPRESENTATION_CONTEXT(2) 
PARAMETRIC_REPRESENTATION_CONTEXT() REPRESENTATION_CONTEXT('2D SPACE',''
  ) );
#6181 = PCURVE('',#6072,#6182);
#6182 = DEFINITIONAL_REPRESENTATION('',(#6183),#6187);
#6183 = LINE('',#6184,#6185);
#6184 = CARTESIAN_POINT('',(0.,40.));
#6185 = VECTOR('',#6186,1.);
#6186 = DIRECTION('',(1.,0.));
#6187 = ( GEOMETRIC_REPRESENTATION_CONTEXT(2) 
PARAMETRIC_REPRESENTATION_CONTEXT() REPRESENTATION_CONTEXT('2D SPACE',''
  ) );
#6188 = ORIENTED_EDGE('',*,*,#6189,.F.);
#6189 = EDGE_CURVE('',#6116,#6167,#6190,.T.);
#6190 = SURFACE_CURVE('',#6191,(#6195,#6202),.PCURVE_S1.);
#6191 = LINE('',#6192,#6193);
#6192 = CARTESIAN_POINT('',(180.,-641.5,1.2187E+03));
#6193 = VECTOR('',#6194,1.);
#6194 = DIRECTION('',(-0.,1.,0.));
#6195 = PCURVE('',#6124,#6196);
#6196 = DEFINITIONAL_REPRESENTATION('',(#6197),#6201);
#6197 = LINE('',#6198,#6199);
#6198 = CARTESIAN_POINT('',(6.,0.));
#6199 = VECTOR('',#6200,1.);
#6200 = DIRECTION('',(0.,-1.));
#6201 = ( GEOMETRIC_REPRESENTATION_CONTEXT(2) 
PARAMETRIC_REPRESENTATION_CONTEXT() REPRESENTATION_CONTEXT('2D SPACE',''
  ) );
#6202 = PCURVE('',#6098,#6203);
#6203 = DEFINITIONAL_REPRESENTATION('',(#6204),#6208);
#6204 = LINE('',#6205,#6206);
#6205 = CARTESIAN_POINT('',(40.,0.));
#6206 = VECTOR('',#6207,1.);
#6207 = DIRECTION('',(0.,1.));
#6208 = ( GEOMETRIC_REPRESENTATION_CONTEXT(2) 
PARAMETRIC_REPRESENTATION_CONTEXT() REPRESENTATION_CONTEXT('2D SPACE',''
  ) );
#6209 = ADVANCED_FACE('',(#6210),#6016,.F.);
#6210 = FACE_BOUND('',#6211,.F.);
#6211 = EDGE_LOOP('',(#6212,#6233,#6234,#6255));
#6212 = ORIENTED_EDGE('',*,*,#6213,.F.);
#6213 = EDGE_CURVE('',#5994,#6114,#6214,.T.);
#6214 = SURFACE_CURVE('',#6215,(#6219,#6226),.PCURVE_S1.);
#6215 = LINE('',#6216,#6217);
#6216 = CARTESIAN_POINT('',(140.,-641.5,1.2127E+03));
#6217 = VECTOR('',#6218,1.);
#6218 = DIRECTION('',(1.,0.,-0.));
#6219 = PCURVE('',#6016,#6220);
#6220 = DEFINITIONAL_REPRESENTATION('',(#6221),#6225);
#6221 = LINE('',#6222,#6223);
#6222 = CARTESIAN_POINT('',(0.,0.));
#6223 = VECTOR('',#6224,1.);
#6224 = DIRECTION('',(0.,1.));
#6225 = ( GEOMETRIC_REPRESENTATION_CONTEXT(2) 
PARAMETRIC_REPRESENTATION_CONTEXT() REPRESENTATION_CONTEXT('2D SPACE',''
  ) );
#6226 = PCURVE('',#6044,#6227);
#6227 = DEFINITIONAL_REPRESENTATION('',(#6228),#6232);
#6228 = LINE('',#6229,#6230);
#6229 = CARTESIAN_POINT('',(0.,0.));
#6230 = VECTOR('',#6231,1.);
#6231 = DIRECTION('',(1.,0.));
#6232 = ( GEOMETRIC_REPRESENTATION_CONTEXT(2) 
PARAMETRIC_REPRESENTATION_CONTEXT() REPRESENTATION_CONTEXT('2D SPACE',''
  ) );
#6233 = ORIENTED_EDGE('',*,*,#5993,.T.);
#6234 = ORIENTED_EDGE('',*,*,#6235,.T.);
#6235 = EDGE_CURVE('',#5996,#6116,#6236,.T.);
#6236 = SURFACE_CURVE('',#6237,(#6241,#6248),.PCURVE_S1.);
#6237 = LINE('',#6238,#6239);
#6238 = CARTESIAN_POINT('',(140.,-641.5,1.2187E+03));
#6239 = VECTOR('',#6240,1.);
#6240 = DIRECTION('',(1.,0.,-0.));
#6241 = PCURVE('',#6016,#6242);
#6242 = DEFINITIONAL_REPRESENTATION('',(#6243),#6247);
#6243 = LINE('',#6244,#6245);
#6244 = CARTESIAN_POINT('',(6.,0.));
#6245 = VECTOR('',#6246,1.);
#6246 = DIRECTION('',(0.,1.));
#6247 = ( GEOMETRIC_REPRESENTATION_CONTEXT(2) 
PARAMETRIC_REPRESENTATION_CONTEXT() REPRESENTATION_CONTEXT('2D SPACE',''
  ) );
#6248 = PCURVE('',#6098,#6249);
#6249 = DEFINITIONAL_REPRESENTATION('',(#6250),#6254);
#6250 = LINE('',#6251,#6252);
#6251 = CARTESIAN_POINT('',(0.,0.));
#6252 = VECTOR('',#6253,1.);
#6253 = DIRECTION('',(1.,0.));
#6254 = ( GEOMETRIC_REPRESENTATION_CONTEXT(2) 
PARAMETRIC_REPRESENTATION_CONTEXT() REPRESENTATION_CONTEXT('2D SPACE',''
  ) );
#6255 = ORIENTED_EDGE('',*,*,#6113,.F.);
#6256 = ADVANCED_FACE('',(#6257),#6072,.T.);
#6257 = FACE_BOUND('',#6258,.T.);
#6258 = EDGE_LOOP('',(#6259,#6280,#6281,#6302));
#6259 = ORIENTED_EDGE('',*,*,#6260,.F.);
#6260 = EDGE_CURVE('',#6029,#6144,#6261,.T.);
#6261 = SURFACE_CURVE('',#6262,(#6266,#6273),.PCURVE_S1.);
#6262 = LINE('',#6263,#6264);
#6263 = CARTESIAN_POINT('',(140.,-616.5,1.2127E+03));
#6264 = VECTOR('',#6265,1.);
#6265 = DIRECTION('',(1.,0.,-0.));
#6266 = PCURVE('',#6072,#6267);
#6267 = DEFINITIONAL_REPRESENTATION('',(#6268),#6272);
#6268 = LINE('',#6269,#6270);
#6269 = CARTESIAN_POINT('',(0.,0.));
#6270 = VECTOR('',#6271,1.);
#6271 = DIRECTION('',(0.,1.));
#6272 = ( GEOMETRIC_REPRESENTATION_CONTEXT(2) 
PARAMETRIC_REPRESENTATION_CONTEXT() REPRESENTATION_CONTEXT('2D SPACE',''
  ) );
#6273 = PCURVE('',#6044,#6274);
#6274 = DEFINITIONAL_REPRESENTATION('',(#6275),#6279);
#6275 = LINE('',#6276,#6277);
#6276 = CARTESIAN_POINT('',(0.,25.));
#6277 = VECTOR('',#6278,1.);
#6278 = DIRECTION('',(1.,0.));
#6279 = ( GEOMETRIC_REPRESENTATION_CONTEXT(2) 
PARAMETRIC_REPRESENTATION_CONTEXT() REPRESENTATION_CONTEXT('2D SPACE',''
  ) );
#6280 = ORIENTED_EDGE('',*,*,#6056,.T.);
#6281 = ORIENTED_EDGE('',*,*,#6282,.T.);
#6282 = EDGE_CURVE('',#6057,#6167,#6283,.T.);
#6283 = SURFACE_CURVE('',#6284,(#6288,#6295),.PCURVE_S1.);
#6284 = LINE('',#6285,#6286);
#6285 = CARTESIAN_POINT('',(140.,-616.5,1.2187E+03));
#6286 = VECTOR('',#6287,1.);
#6287 = DIRECTION('',(1.,0.,-0.));
#6288 = PCURVE('',#6072,#6289);
#6289 = DEFINITIONAL_REPRESENTATION('',(#6290),#6294);
#6290 = LINE('',#6291,#6292);
#6291 = CARTESIAN_POINT('',(6.,0.));
#6292 = VECTOR('',#6293,1.);
#6293 = DIRECTION('',(0.,1.));
#6294 = ( GEOMETRIC_REPRESENTATION_CONTEXT(2) 
PARAMETRIC_REPRESENTATION_CONTEXT() REPRESENTATION_CONTEXT('2D SPACE',''
  ) );
#6295 = PCURVE('',#6098,#6296);
#6296 = DEFINITIONAL_REPRESENTATION('',(#6297),#6301);
#6297 = LINE('',#6298,#6299);
#6298 = CARTESIAN_POINT('',(0.,25.));
#6299 = VECTOR('',#6300,1.);
#6300 = DIRECTION('',(1.,0.));
#6301 = ( GEOMETRIC_REPRESENTATION_CONTEXT(2) 
PARAMETRIC_REPRESENTATION_CONTEXT() REPRESENTATION_CONTEXT('2D SPACE',''
  ) );
#6302 = ORIENTED_EDGE('',*,*,#6166,.F.);
#6303 = ADVANCED_FACE('',(#6304),#6044,.F.);
#6304 = FACE_BOUND('',#6305,.F.);
#6305 = EDGE_LOOP('',(#6306,#6307,#6308,#6309));
#6306 = ORIENTED_EDGE('',*,*,#6028,.F.);
#6307 = ORIENTED_EDGE('',*,*,#6213,.T.);
#6308 = ORIENTED_EDGE('',*,*,#6143,.T.);
#6309 = ORIENTED_EDGE('',*,*,#6260,.F.);
#6310 = ADVANCED_FACE('',(#6311),#6098,.T.);
#6311 = FACE_BOUND('',#6312,.T.);
#6312 = EDGE_LOOP('',(#6313,#6314,#6315,#6316));
#6313 = ORIENTED_EDGE('',*,*,#6084,.F.);
#6314 = ORIENTED_EDGE('',*,*,#6235,.T.);
#6315 = ORIENTED_EDGE('',*,*,#6189,.T.);
#6316 = ORIENTED_EDGE('',*,*,#6282,.F.);
#6317 = MANIFOLD_SOLID_BREP('',#6318);
#6318 = CLOSED_SHELL('',(#6319,#6439,#6539,#6586,#6633,#6640));
#6319 = ADVANCED_FACE('',(#6320),#6334,.F.);
#6320 = FACE_BOUND('',#6321,.F.);
#6321 = EDGE_LOOP('',(#6322,#6357,#6385,#6413));
#6322 = ORIENTED_EDGE('',*,*,#6323,.F.);
#6323 = EDGE_CURVE('',#6324,#6326,#6328,.T.);
#6324 = VERTEX_POINT('',#6325);
#6325 = CARTESIAN_POINT('',(140.,616.5,1.2127E+03));
#6326 = VERTEX_POINT('',#6327);
#6327 = CARTESIAN_POINT('',(140.,616.5,1.2187E+03));
#6328 = SURFACE_CURVE('',#6329,(#6333,#6345),.PCURVE_S1.);
#6329 = LINE('',#6330,#6331);
#6330 = CARTESIAN_POINT('',(140.,616.5,1.2127E+03));
#6331 = VECTOR('',#6332,1.);
#6332 = DIRECTION('',(0.,0.,1.));
#6333 = PCURVE('',#6334,#6339);
#6334 = PLANE('',#6335);
#6335 = AXIS2_PLACEMENT_3D('',#6336,#6337,#6338);
#6336 = CARTESIAN_POINT('',(140.,616.5,1.2127E+03));
#6337 = DIRECTION('',(1.,0.,-0.));
#6338 = DIRECTION('',(0.,0.,1.));
#6339 = DEFINITIONAL_REPRESENTATION('',(#6340),#6344);
#6340 = LINE('',#6341,#6342);
#6341 = CARTESIAN_POINT('',(0.,0.));
#6342 = VECTOR('',#6343,1.);
#6343 = DIRECTION('',(1.,0.));
#6344 = ( GEOMETRIC_REPRESENTATION_CONTEXT(2) 
PARAMETRIC_REPRESENTATION_CONTEXT() REPRESENTATION_CONTEXT('2D SPACE',''
  ) );
#6345 = PCURVE('',#6346,#6351);
#6346 = PLANE('',#6347);
#6347 = AXIS2_PLACEMENT_3D('',#6348,#6349,#6350);
#6348 = CARTESIAN_POINT('',(140.,616.5,1.2127E+03));
#6349 = DIRECTION('',(-0.,1.,0.));
#6350 = DIRECTION('',(0.,0.,1.));
#6351 = DEFINITIONAL_REPRESENTATION('',(#6352),#6356);
#6352 = LINE('',#6353,#6354);
#6353 = CARTESIAN_POINT('',(0.,0.));
#6354 = VECTOR('',#6355,1.);
#6355 = DIRECTION('',(1.,0.));
#6356 = ( GEOMETRIC_REPRESENTATION_CONTEXT(2) 
PARAMETRIC_REPRESENTATION_CONTEXT() REPRESENTATION_CONTEXT('2D SPACE',''
  ) );
#6357 = ORIENTED_EDGE('',*,*,#6358,.T.);
#6358 = EDGE_CURVE('',#6324,#6359,#6361,.T.);
#6359 = VERTEX_POINT('',#6360);
#6360 = CARTESIAN_POINT('',(140.,641.5,1.2127E+03));
#6361 = SURFACE_CURVE('',#6362,(#6366,#6373),.PCURVE_S1.);
#6362 = LINE('',#6363,#6364);
#6363 = CARTESIAN_POINT('',(140.,616.5,1.2127E+03));
#6364 = VECTOR('',#6365,1.);
#6365 = DIRECTION('',(-0.,1.,0.));
#6366 = PCURVE('',#6334,#6367);
#6367 = DEFINITIONAL_REPRESENTATION('',(#6368),#6372);
#6368 = LINE('',#6369,#6370);
#6369 = CARTESIAN_POINT('',(0.,0.));
#6370 = VECTOR('',#6371,1.);
#6371 = DIRECTION('',(0.,-1.));
#6372 = ( GEOMETRIC_REPRESENTATION_CONTEXT(2) 
PARAMETRIC_REPRESENTATION_CONTEXT() REPRESENTATION_CONTEXT('2D SPACE',''
  ) );
#6373 = PCURVE('',#6374,#6379);
#6374 = PLANE('',#6375);
#6375 = AXIS2_PLACEMENT_3D('',#6376,#6377,#6378);
#6376 = CARTESIAN_POINT('',(140.,616.5,1.2127E+03));
#6377 = DIRECTION('',(0.,0.,1.));
#6378 = DIRECTION('',(1.,0.,-0.));
#6379 = DEFINITIONAL_REPRESENTATION('',(#6380),#6384);
#6380 = LINE('',#6381,#6382);
#6381 = CARTESIAN_POINT('',(0.,0.));
#6382 = VECTOR('',#6383,1.);
#6383 = DIRECTION('',(0.,1.));
#6384 = ( GEOMETRIC_REPRESENTATION_CONTEXT(2) 
PARAMETRIC_REPRESENTATION_CONTEXT() REPRESENTATION_CONTEXT('2D SPACE',''
  ) );
#6385 = ORIENTED_EDGE('',*,*,#6386,.T.);
#6386 = EDGE_CURVE('',#6359,#6387,#6389,.T.);
#6387 = VERTEX_POINT('',#6388);
#6388 = CARTESIAN_POINT('',(140.,641.5,1.2187E+03));
#6389 = SURFACE_CURVE('',#6390,(#6394,#6401),.PCURVE_S1.);
#6390 = LINE('',#6391,#6392);
#6391 = CARTESIAN_POINT('',(140.,641.5,1.2127E+03));
#6392 = VECTOR('',#6393,1.);
#6393 = DIRECTION('',(0.,0.,1.));
#6394 = PCURVE('',#6334,#6395);
#6395 = DEFINITIONAL_REPRESENTATION('',(#6396),#6400);
#6396 = LINE('',#6397,#6398);
#6397 = CARTESIAN_POINT('',(0.,-25.));
#6398 = VECTOR('',#6399,1.);
#6399 = DIRECTION('',(1.,0.));
#6400 = ( GEOMETRIC_REPRESENTATION_CONTEXT(2) 
PARAMETRIC_REPRESENTATION_CONTEXT() REPRESENTATION_CONTEXT('2D SPACE',''
  ) );
#6401 = PCURVE('',#6402,#6407);
#6402 = PLANE('',#6403);
#6403 = AXIS2_PLACEMENT_3D('',#6404,#6405,#6406);
#6404 = CARTESIAN_POINT('',(140.,641.5,1.2127E+03));
#6405 = DIRECTION('',(-0.,1.,0.));
#6406 = DIRECTION('',(0.,0.,1.));
#6407 = DEFINITIONAL_REPRESENTATION('',(#6408),#6412);
#6408 = LINE('',#6409,#6410);
#6409 = CARTESIAN_POINT('',(0.,0.));
#6410 = VECTOR('',#6411,1.);
#6411 = DIRECTION('',(1.,0.));
#6412 = ( GEOMETRIC_REPRESENTATION_CONTEXT(2) 
PARAMETRIC_REPRESENTATION_CONTEXT() REPRESENTATION_CONTEXT('2D SPACE',''
  ) );
#6413 = ORIENTED_EDGE('',*,*,#6414,.F.);
#6414 = EDGE_CURVE('',#6326,#6387,#6415,.T.);
#6415 = SURFACE_CURVE('',#6416,(#6420,#6427),.PCURVE_S1.);
#6416 = LINE('',#6417,#6418);
#6417 = CARTESIAN_POINT('',(140.,616.5,1.2187E+03));
#6418 = VECTOR('',#6419,1.);
#6419 = DIRECTION('',(-0.,1.,0.));
#6420 = PCURVE('',#6334,#6421);
#6421 = DEFINITIONAL_REPRESENTATION('',(#6422),#6426);
#6422 = LINE('',#6423,#6424);
#6423 = CARTESIAN_POINT('',(6.,0.));
#6424 = VECTOR('',#6425,1.);
#6425 = DIRECTION('',(0.,-1.));
#6426 = ( GEOMETRIC_REPRESENTATION_CONTEXT(2) 
PARAMETRIC_REPRESENTATION_CONTEXT() REPRESENTATION_CONTEXT('2D SPACE',''
  ) );
#6427 = PCURVE('',#6428,#6433);
#6428 = PLANE('',#6429);
#6429 = AXIS2_PLACEMENT_3D('',#6430,#6431,#6432);
#6430 = CARTESIAN_POINT('',(140.,616.5,1.2187E+03));
#6431 = DIRECTION('',(0.,0.,1.));
#6432 = DIRECTION('',(1.,0.,-0.));
#6433 = DEFINITIONAL_REPRESENTATION('',(#6434),#6438);
#6434 = LINE('',#6435,#6436);
#6435 = CARTESIAN_POINT('',(0.,0.));
#6436 = VECTOR('',#6437,1.);
#6437 = DIRECTION('',(0.,1.));
#6438 = ( GEOMETRIC_REPRESENTATION_CONTEXT(2) 
PARAMETRIC_REPRESENTATION_CONTEXT() REPRESENTATION_CONTEXT('2D SPACE',''
  ) );
#6439 = ADVANCED_FACE('',(#6440),#6454,.T.);
#6440 = FACE_BOUND('',#6441,.T.);
#6441 = EDGE_LOOP('',(#6442,#6472,#6495,#6518));
#6442 = ORIENTED_EDGE('',*,*,#6443,.F.);
#6443 = EDGE_CURVE('',#6444,#6446,#6448,.T.);
#6444 = VERTEX_POINT('',#6445);
#6445 = CARTESIAN_POINT('',(180.,616.5,1.2127E+03));
#6446 = VERTEX_POINT('',#6447);
#6447 = CARTESIAN_POINT('',(180.,616.5,1.2187E+03));
#6448 = SURFACE_CURVE('',#6449,(#6453,#6465),.PCURVE_S1.);
#6449 = LINE('',#6450,#6451);
#6450 = CARTESIAN_POINT('',(180.,616.5,1.2127E+03));
#6451 = VECTOR('',#6452,1.);
#6452 = DIRECTION('',(0.,0.,1.));
#6453 = PCURVE('',#6454,#6459);
#6454 = PLANE('',#6455);
#6455 = AXIS2_PLACEMENT_3D('',#6456,#6457,#6458);
#6456 = CARTESIAN_POINT('',(180.,616.5,1.2127E+03));
#6457 = DIRECTION('',(1.,0.,-0.));
#6458 = DIRECTION('',(0.,0.,1.));
#6459 = DEFINITIONAL_REPRESENTATION('',(#6460),#6464);
#6460 = LINE('',#6461,#6462);
#6461 = CARTESIAN_POINT('',(0.,0.));
#6462 = VECTOR('',#6463,1.);
#6463 = DIRECTION('',(1.,0.));
#6464 = ( GEOMETRIC_REPRESENTATION_CONTEXT(2) 
PARAMETRIC_REPRESENTATION_CONTEXT() REPRESENTATION_CONTEXT('2D SPACE',''
  ) );
#6465 = PCURVE('',#6346,#6466);
#6466 = DEFINITIONAL_REPRESENTATION('',(#6467),#6471);
#6467 = LINE('',#6468,#6469);
#6468 = CARTESIAN_POINT('',(0.,40.));
#6469 = VECTOR('',#6470,1.);
#6470 = DIRECTION('',(1.,0.));
#6471 = ( GEOMETRIC_REPRESENTATION_CONTEXT(2) 
PARAMETRIC_REPRESENTATION_CONTEXT() REPRESENTATION_CONTEXT('2D SPACE',''
  ) );
#6472 = ORIENTED_EDGE('',*,*,#6473,.T.);
#6473 = EDGE_CURVE('',#6444,#6474,#6476,.T.);
#6474 = VERTEX_POINT('',#6475);
#6475 = CARTESIAN_POINT('',(180.,641.5,1.2127E+03));
#6476 = SURFACE_CURVE('',#6477,(#6481,#6488),.PCURVE_S1.);
#6477 = LINE('',#6478,#6479);
#6478 = CARTESIAN_POINT('',(180.,616.5,1.2127E+03));
#6479 = VECTOR('',#6480,1.);
#6480 = DIRECTION('',(-0.,1.,0.));
#6481 = PCURVE('',#6454,#6482);
#6482 = DEFINITIONAL_REPRESENTATION('',(#6483),#6487);
#6483 = LINE('',#6484,#6485);
#6484 = CARTESIAN_POINT('',(0.,0.));
#6485 = VECTOR('',#6486,1.);
#6486 = DIRECTION('',(0.,-1.));
#6487 = ( GEOMETRIC_REPRESENTATION_CONTEXT(2) 
PARAMETRIC_REPRESENTATION_CONTEXT() REPRESENTATION_CONTEXT('2D SPACE',''
  ) );
#6488 = PCURVE('',#6374,#6489);
#6489 = DEFINITIONAL_REPRESENTATION('',(#6490),#6494);
#6490 = LINE('',#6491,#6492);
#6491 = CARTESIAN_POINT('',(40.,0.));
#6492 = VECTOR('',#6493,1.);
#6493 = DIRECTION('',(0.,1.));
#6494 = ( GEOMETRIC_REPRESENTATION_CONTEXT(2) 
PARAMETRIC_REPRESENTATION_CONTEXT() REPRESENTATION_CONTEXT('2D SPACE',''
  ) );
#6495 = ORIENTED_EDGE('',*,*,#6496,.T.);
#6496 = EDGE_CURVE('',#6474,#6497,#6499,.T.);
#6497 = VERTEX_POINT('',#6498);
#6498 = CARTESIAN_POINT('',(180.,641.5,1.2187E+03));
#6499 = SURFACE_CURVE('',#6500,(#6504,#6511),.PCURVE_S1.);
#6500 = LINE('',#6501,#6502);
#6501 = CARTESIAN_POINT('',(180.,641.5,1.2127E+03));
#6502 = VECTOR('',#6503,1.);
#6503 = DIRECTION('',(0.,0.,1.));
#6504 = PCURVE('',#6454,#6505);
#6505 = DEFINITIONAL_REPRESENTATION('',(#6506),#6510);
#6506 = LINE('',#6507,#6508);
#6507 = CARTESIAN_POINT('',(0.,-25.));
#6508 = VECTOR('',#6509,1.);
#6509 = DIRECTION('',(1.,0.));
#6510 = ( GEOMETRIC_REPRESENTATION_CONTEXT(2) 
PARAMETRIC_REPRESENTATION_CONTEXT() REPRESENTATION_CONTEXT('2D SPACE',''
  ) );
#6511 = PCURVE('',#6402,#6512);
#6512 = DEFINITIONAL_REPRESENTATION('',(#6513),#6517);
#6513 = LINE('',#6514,#6515);
#6514 = CARTESIAN_POINT('',(0.,40.));
#6515 = VECTOR('',#6516,1.);
#6516 = DIRECTION('',(1.,0.));
#6517 = ( GEOMETRIC_REPRESENTATION_CONTEXT(2) 
PARAMETRIC_REPRESENTATION_CONTEXT() REPRESENTATION_CONTEXT('2D SPACE',''
  ) );
#6518 = ORIENTED_EDGE('',*,*,#6519,.F.);
#6519 = EDGE_CURVE('',#6446,#6497,#6520,.T.);
#6520 = SURFACE_CURVE('',#6521,(#6525,#6532),.PCURVE_S1.);
#6521 = LINE('',#6522,#6523);
#6522 = CARTESIAN_POINT('',(180.,616.5,1.2187E+03));
#6523 = VECTOR('',#6524,1.);
#6524 = DIRECTION('',(-0.,1.,0.));
#6525 = PCURVE('',#6454,#6526);
#6526 = DEFINITIONAL_REPRESENTATION('',(#6527),#6531);
#6527 = LINE('',#6528,#6529);
#6528 = CARTESIAN_POINT('',(6.,0.));
#6529 = VECTOR('',#6530,1.);
#6530 = DIRECTION('',(0.,-1.));
#6531 = ( GEOMETRIC_REPRESENTATION_CONTEXT(2) 
PARAMETRIC_REPRESENTATION_CONTEXT() REPRESENTATION_CONTEXT('2D SPACE',''
  ) );
#6532 = PCURVE('',#6428,#6533);
#6533 = DEFINITIONAL_REPRESENTATION('',(#6534),#6538);
#6534 = LINE('',#6535,#6536);
#6535 = CARTESIAN_POINT('',(40.,0.));
#6536 = VECTOR('',#6537,1.);
#6537 = DIRECTION('',(0.,1.));
#6538 = ( GEOMETRIC_REPRESENTATION_CONTEXT(2) 
PARAMETRIC_REPRESENTATION_CONTEXT() REPRESENTATION_CONTEXT('2D SPACE',''
  ) );
#6539 = ADVANCED_FACE('',(#6540),#6346,.F.);
#6540 = FACE_BOUND('',#6541,.F.);
#6541 = EDGE_LOOP('',(#6542,#6563,#6564,#6585));
#6542 = ORIENTED_EDGE('',*,*,#6543,.F.);
#6543 = EDGE_CURVE('',#6324,#6444,#6544,.T.);
#6544 = SURFACE_CURVE('',#6545,(#6549,#6556),.PCURVE_S1.);
#6545 = LINE('',#6546,#6547);
#6546 = CARTESIAN_POINT('',(140.,616.5,1.2127E+03));
#6547 = VECTOR('',#6548,1.);
#6548 = DIRECTION('',(1.,0.,-0.));
#6549 = PCURVE('',#6346,#6550);
#6550 = DEFINITIONAL_REPRESENTATION('',(#6551),#6555);
#6551 = LINE('',#6552,#6553);
#6552 = CARTESIAN_POINT('',(0.,0.));
#6553 = VECTOR('',#6554,1.);
#6554 = DIRECTION('',(0.,1.));
#6555 = ( GEOMETRIC_REPRESENTATION_CONTEXT(2) 
PARAMETRIC_REPRESENTATION_CONTEXT() REPRESENTATION_CONTEXT('2D SPACE',''
  ) );
#6556 = PCURVE('',#6374,#6557);
#6557 = DEFINITIONAL_REPRESENTATION('',(#6558),#6562);
#6558 = LINE('',#6559,#6560);
#6559 = CARTESIAN_POINT('',(0.,0.));
#6560 = VECTOR('',#6561,1.);
#6561 = DIRECTION('',(1.,0.));
#6562 = ( GEOMETRIC_REPRESENTATION_CONTEXT(2) 
PARAMETRIC_REPRESENTATION_CONTEXT() REPRESENTATION_CONTEXT('2D SPACE',''
  ) );
#6563 = ORIENTED_EDGE('',*,*,#6323,.T.);
#6564 = ORIENTED_EDGE('',*,*,#6565,.T.);
#6565 = EDGE_CURVE('',#6326,#6446,#6566,.T.);
#6566 = SURFACE_CURVE('',#6567,(#6571,#6578),.PCURVE_S1.);
#6567 = LINE('',#6568,#6569);
#6568 = CARTESIAN_POINT('',(140.,616.5,1.2187E+03));
#6569 = VECTOR('',#6570,1.);
#6570 = DIRECTION('',(1.,0.,-0.));
#6571 = PCURVE('',#6346,#6572);
#6572 = DEFINITIONAL_REPRESENTATION('',(#6573),#6577);
#6573 = LINE('',#6574,#6575);
#6574 = CARTESIAN_POINT('',(6.,0.));
#6575 = VECTOR('',#6576,1.);
#6576 = DIRECTION('',(0.,1.));
#6577 = ( GEOMETRIC_REPRESENTATION_CONTEXT(2) 
PARAMETRIC_REPRESENTATION_CONTEXT() REPRESENTATION_CONTEXT('2D SPACE',''
  ) );
#6578 = PCURVE('',#6428,#6579);
#6579 = DEFINITIONAL_REPRESENTATION('',(#6580),#6584);
#6580 = LINE('',#6581,#6582);
#6581 = CARTESIAN_POINT('',(0.,0.));
#6582 = VECTOR('',#6583,1.);
#6583 = DIRECTION('',(1.,0.));
#6584 = ( GEOMETRIC_REPRESENTATION_CONTEXT(2) 
PARAMETRIC_REPRESENTATION_CONTEXT() REPRESENTATION_CONTEXT('2D SPACE',''
  ) );
#6585 = ORIENTED_EDGE('',*,*,#6443,.F.);
#6586 = ADVANCED_FACE('',(#6587),#6402,.T.);
#6587 = FACE_BOUND('',#6588,.T.);
#6588 = EDGE_LOOP('',(#6589,#6610,#6611,#6632));
#6589 = ORIENTED_EDGE('',*,*,#6590,.F.);
#6590 = EDGE_CURVE('',#6359,#6474,#6591,.T.);
#6591 = SURFACE_CURVE('',#6592,(#6596,#6603),.PCURVE_S1.);
#6592 = LINE('',#6593,#6594);
#6593 = CARTESIAN_POINT('',(140.,641.5,1.2127E+03));
#6594 = VECTOR('',#6595,1.);
#6595 = DIRECTION('',(1.,0.,-0.));
#6596 = PCURVE('',#6402,#6597);
#6597 = DEFINITIONAL_REPRESENTATION('',(#6598),#6602);
#6598 = LINE('',#6599,#6600);
#6599 = CARTESIAN_POINT('',(0.,0.));
#6600 = VECTOR('',#6601,1.);
#6601 = DIRECTION('',(0.,1.));
#6602 = ( GEOMETRIC_REPRESENTATION_CONTEXT(2) 
PARAMETRIC_REPRESENTATION_CONTEXT() REPRESENTATION_CONTEXT('2D SPACE',''
  ) );
#6603 = PCURVE('',#6374,#6604);
#6604 = DEFINITIONAL_REPRESENTATION('',(#6605),#6609);
#6605 = LINE('',#6606,#6607);
#6606 = CARTESIAN_POINT('',(0.,25.));
#6607 = VECTOR('',#6608,1.);
#6608 = DIRECTION('',(1.,0.));
#6609 = ( GEOMETRIC_REPRESENTATION_CONTEXT(2) 
PARAMETRIC_REPRESENTATION_CONTEXT() REPRESENTATION_CONTEXT('2D SPACE',''
  ) );
#6610 = ORIENTED_EDGE('',*,*,#6386,.T.);
#6611 = ORIENTED_EDGE('',*,*,#6612,.T.);
#6612 = EDGE_CURVE('',#6387,#6497,#6613,.T.);
#6613 = SURFACE_CURVE('',#6614,(#6618,#6625),.PCURVE_S1.);
#6614 = LINE('',#6615,#6616);
#6615 = CARTESIAN_POINT('',(140.,641.5,1.2187E+03));
#6616 = VECTOR('',#6617,1.);
#6617 = DIRECTION('',(1.,0.,-0.));
#6618 = PCURVE('',#6402,#6619);
#6619 = DEFINITIONAL_REPRESENTATION('',(#6620),#6624);
#6620 = LINE('',#6621,#6622);
#6621 = CARTESIAN_POINT('',(6.,0.));
#6622 = VECTOR('',#6623,1.);
#6623 = DIRECTION('',(0.,1.));
#6624 = ( GEOMETRIC_REPRESENTATION_CONTEXT(2) 
PARAMETRIC_REPRESENTATION_CONTEXT() REPRESENTATION_CONTEXT('2D SPACE',''
  ) );
#6625 = PCURVE('',#6428,#6626);
#6626 = DEFINITIONAL_REPRESENTATION('',(#6627),#6631);
#6627 = LINE('',#6628,#6629);
#6628 = CARTESIAN_POINT('',(0.,25.));
#6629 = VECTOR('',#6630,1.);
#6630 = DIRECTION('',(1.,0.));
#6631 = ( GEOMETRIC_REPRESENTATION_CONTEXT(2) 
PARAMETRIC_REPRESENTATION_CONTEXT() REPRESENTATION_CONTEXT('2D SPACE',''
  ) );
#6632 = ORIENTED_EDGE('',*,*,#6496,.F.);
#6633 = ADVANCED_FACE('',(#6634),#6374,.F.);
#6634 = FACE_BOUND('',#6635,.F.);
#6635 = EDGE_LOOP('',(#6636,#6637,#6638,#6639));
#6636 = ORIENTED_EDGE('',*,*,#6358,.F.);
#6637 = ORIENTED_EDGE('',*,*,#6543,.T.);
#6638 = ORIENTED_EDGE('',*,*,#6473,.T.);
#6639 = ORIENTED_EDGE('',*,*,#6590,.F.);
#6640 = ADVANCED_FACE('',(#6641),#6428,.T.);
#6641 = FACE_BOUND('',#6642,.T.);
#6642 = EDGE_LOOP('',(#6643,#6644,#6645,#6646));
#6643 = ORIENTED_EDGE('',*,*,#6414,.F.);
#6644 = ORIENTED_EDGE('',*,*,#6565,.T.);
#6645 = ORIENTED_EDGE('',*,*,#6519,.T.);
#6646 = ORIENTED_EDGE('',*,*,#6612,.F.);
#6647 = ( GEOMETRIC_REPRESENTATION_CONTEXT(3) 
GLOBAL_UNCERTAINTY_ASSIGNED_CONTEXT((#6651)) 
GLOBAL_UNIT_ASSIGNED_CONTEXT((#6648,#6649,#6650)) REPRESENTATION_CONTEXT
('Context #1','3D Context with UNIT and UNCERTAINTY') );
#6648 = ( LENGTH_UNIT() NAMED_UNIT(*) SI_UNIT(.MILLI.,.METRE.) );
#6649 = ( NAMED_UNIT(*) PLANE_ANGLE_UNIT() SI_UNIT($,.RADIAN.) );
#6650 = ( NAMED_UNIT(*) SI_UNIT($,.STERADIAN.) SOLID_ANGLE_UNIT() );
#6651 = UNCERTAINTY_MEASURE_WITH_UNIT(LENGTH_MEASURE(1.E-07),#6648,
  'distance_accuracy_value','confusion accuracy');
#6652 = CONTEXT_DEPENDENT_SHAPE_REPRESENTATION(#6653,#6655);
#6653 = ( REPRESENTATION_RELATIONSHIP('','',#5326,#10) 
REPRESENTATION_RELATIONSHIP_WITH_TRANSFORMATION(#6654) 
SHAPE_REPRESENTATION_RELATIONSHIP() );
#6654 = ITEM_DEFINED_TRANSFORMATION('','',#11,#31);
#6655 = PRODUCT_DEFINITION_SHAPE('Placement','Placement of an item',
  #6656);
#6656 = NEXT_ASSEMBLY_USAGE_OCCURRENCE('17','=>[0:1:1:6]','',#5,#5321,$
  );
#6657 = PRODUCT_RELATED_PRODUCT_CATEGORY('part',$,(#5323));
#6658 = SHAPE_DEFINITION_REPRESENTATION(#6659,#6665);
#6659 = PRODUCT_DEFINITION_SHAPE('','',#6660);
#6660 = PRODUCT_DEFINITION('design','',#6661,#6664);
#6661 = PRODUCT_DEFINITION_FORMATION('','',#6662);
#6662 = PRODUCT('COMPOUND','COMPOUND','',(#6663));
#6663 = PRODUCT_CONTEXT('',#2,'mechanical');
#6664 = PRODUCT_DEFINITION_CONTEXT('part definition',#2,'design');
#6665 = SHAPE_REPRESENTATION('',(#11,#6666,#6854),#6952);
#6666 = MANIFOLD_SOLID_BREP('',#6667);
#6667 = CLOSED_SHELL('',(#6668,#6756,#6791,#6795,#6850));
#6668 = ADVANCED_FACE('',(#6669),#6682,.T.);
#6669 = FACE_BOUND('',#6670,.T.);
#6670 = EDGE_LOOP('',(#6671,#6705,#6728,#6755));
#6671 = ORIENTED_EDGE('',*,*,#6672,.F.);
#6672 = EDGE_CURVE('',#6673,#6673,#6675,.T.);
#6673 = VERTEX_POINT('',#6674);
#6674 = CARTESIAN_POINT('',(-293.,-450.,1.43E+03));
#6675 = SURFACE_CURVE('',#6676,(#6681,#6693),.PCURVE_S1.);
#6676 = CIRCLE('',#6677,7.);
#6677 = AXIS2_PLACEMENT_3D('',#6678,#6679,#6680);
#6678 = CARTESIAN_POINT('',(-300.,-450.,1.43E+03));
#6679 = DIRECTION('',(0.,0.,1.));
#6680 = DIRECTION('',(1.,0.,-0.));
#6681 = PCURVE('',#6682,#6687);
#6682 = CYLINDRICAL_SURFACE('',#6683,7.);
#6683 = AXIS2_PLACEMENT_3D('',#6684,#6685,#6686);
#6684 = CARTESIAN_POINT('',(-300.,-450.,1.37E+03));
#6685 = DIRECTION('',(0.,0.,1.));
#6686 = DIRECTION('',(1.,0.,-0.));
#6687 = DEFINITIONAL_REPRESENTATION('',(#6688),#6692);
#6688 = LINE('',#6689,#6690);
#6689 = CARTESIAN_POINT('',(0.,60.));
#6690 = VECTOR('',#6691,1.);
#6691 = DIRECTION('',(1.,0.));
#6692 = ( GEOMETRIC_REPRESENTATION_CONTEXT(2) 
PARAMETRIC_REPRESENTATION_CONTEXT() REPRESENTATION_CONTEXT('2D SPACE',''
  ) );
#6693 = PCURVE('',#6694,#6699);
#6694 = PLANE('',#6695);
#6695 = AXIS2_PLACEMENT_3D('',#6696,#6697,#6698);
#6696 = CARTESIAN_POINT('',(-300.,-450.,1.43E+03));
#6697 = DIRECTION('',(0.,0.,1.));
#6698 = DIRECTION('',(1.,0.,-0.));
#6699 = DEFINITIONAL_REPRESENTATION('',(#6700),#6704);
#6700 = CIRCLE('',#6701,7.);
#6701 = AXIS2_PLACEMENT_2D('',#6702,#6703);
#6702 = CARTESIAN_POINT('',(0.,0.));
#6703 = DIRECTION('',(1.,0.));
#6704 = ( GEOMETRIC_REPRESENTATION_CONTEXT(2) 
PARAMETRIC_REPRESENTATION_CONTEXT() REPRESENTATION_CONTEXT('2D SPACE',''
  ) );
#6705 = ORIENTED_EDGE('',*,*,#6706,.F.);
#6706 = EDGE_CURVE('',#6707,#6673,#6709,.T.);
#6707 = VERTEX_POINT('',#6708);
#6708 = CARTESIAN_POINT('',(-293.,-450.,1.37E+03));
#6709 = SEAM_CURVE('',#6710,(#6714,#6721),.PCURVE_S1.);
#6710 = LINE('',#6711,#6712);
#6711 = CARTESIAN_POINT('',(-293.,-450.,1.37E+03));
#6712 = VECTOR('',#6713,1.);
#6713 = DIRECTION('',(0.,0.,1.));
#6714 = PCURVE('',#6682,#6715);
#6715 = DEFINITIONAL_REPRESENTATION('',(#6716),#6720);
#6716 = LINE('',#6717,#6718);
#6717 = CARTESIAN_POINT('',(6.28318530718,-0.));
#6718 = VECTOR('',#6719,1.);
#6719 = DIRECTION('',(0.,1.));
#6720 = ( GEOMETRIC_REPRESENTATION_CONTEXT(2) 
PARAMETRIC_REPRESENTATION_CONTEXT() REPRESENTATION_CONTEXT('2D SPACE',''
  ) );
#6721 = PCURVE('',#6682,#6722);
#6722 = DEFINITIONAL_REPRESENTATION('',(#6723),#6727);
#6723 = LINE('',#6724,#6725);
#6724 = CARTESIAN_POINT('',(0.,-0.));
#6725 = VECTOR('',#6726,1.);
#6726 = DIRECTION('',(0.,1.));
#6727 = ( GEOMETRIC_REPRESENTATION_CONTEXT(2) 
PARAMETRIC_REPRESENTATION_CONTEXT() REPRESENTATION_CONTEXT('2D SPACE',''
  ) );
#6728 = ORIENTED_EDGE('',*,*,#6729,.T.);
#6729 = EDGE_CURVE('',#6707,#6707,#6730,.T.);
#6730 = SURFACE_CURVE('',#6731,(#6736,#6743),.PCURVE_S1.);
#6731 = CIRCLE('',#6732,7.);
#6732 = AXIS2_PLACEMENT_3D('',#6733,#6734,#6735);
#6733 = CARTESIAN_POINT('',(-300.,-450.,1.37E+03));
#6734 = DIRECTION('',(0.,0.,1.));
#6735 = DIRECTION('',(1.,0.,-0.));
#6736 = PCURVE('',#6682,#6737);
#6737 = DEFINITIONAL_REPRESENTATION('',(#6738),#6742);
#6738 = LINE('',#6739,#6740);
#6739 = CARTESIAN_POINT('',(0.,0.));
#6740 = VECTOR('',#6741,1.);
#6741 = DIRECTION('',(1.,0.));
#6742 = ( GEOMETRIC_REPRESENTATION_CONTEXT(2) 
PARAMETRIC_REPRESENTATION_CONTEXT() REPRESENTATION_CONTEXT('2D SPACE',''
  ) );
#6743 = PCURVE('',#6744,#6749);
#6744 = PLANE('',#6745);
#6745 = AXIS2_PLACEMENT_3D('',#6746,#6747,#6748);
#6746 = CARTESIAN_POINT('',(-300.,-450.,1.37E+03));
#6747 = DIRECTION('',(0.,0.,1.));
#6748 = DIRECTION('',(1.,0.,-0.));
#6749 = DEFINITIONAL_REPRESENTATION('',(#6750),#6754);
#6750 = CIRCLE('',#6751,7.);
#6751 = AXIS2_PLACEMENT_2D('',#6752,#6753);
#6752 = CARTESIAN_POINT('',(0.,0.));
#6753 = DIRECTION('',(1.,0.));
#6754 = ( GEOMETRIC_REPRESENTATION_CONTEXT(2) 
PARAMETRIC_REPRESENTATION_CONTEXT() REPRESENTATION_CONTEXT('2D SPACE',''
  ) );
#6755 = ORIENTED_EDGE('',*,*,#6706,.T.);
#6756 = ADVANCED_FACE('',(#6757,#6760),#6694,.T.);
#6757 = FACE_BOUND('',#6758,.T.);
#6758 = EDGE_LOOP('',(#6759));
#6759 = ORIENTED_EDGE('',*,*,#6672,.T.);
#6760 = FACE_BOUND('',#6761,.T.);
#6761 = EDGE_LOOP('',(#6762));
#6762 = ORIENTED_EDGE('',*,*,#6763,.F.);
#6763 = EDGE_CURVE('',#6764,#6764,#6766,.T.);
#6764 = VERTEX_POINT('',#6765);
#6765 = CARTESIAN_POINT('',(-297.5,-450.,1.43E+03));
#6766 = SURFACE_CURVE('',#6767,(#6772,#6779),.PCURVE_S1.);
#6767 = CIRCLE('',#6768,2.5);
#6768 = AXIS2_PLACEMENT_3D('',#6769,#6770,#6771);
#6769 = CARTESIAN_POINT('',(-300.,-450.,1.43E+03));
#6770 = DIRECTION('',(0.,0.,1.));
#6771 = DIRECTION('',(1.,0.,-0.));
#6772 = PCURVE('',#6694,#6773);
#6773 = DEFINITIONAL_REPRESENTATION('',(#6774),#6778);
#6774 = CIRCLE('',#6775,2.5);
#6775 = AXIS2_PLACEMENT_2D('',#6776,#6777);
#6776 = CARTESIAN_POINT('',(0.,0.));
#6777 = DIRECTION('',(1.,0.));
#6778 = ( GEOMETRIC_REPRESENTATION_CONTEXT(2) 
PARAMETRIC_REPRESENTATION_CONTEXT() REPRESENTATION_CONTEXT('2D SPACE',''
  ) );
#6779 = PCURVE('',#6780,#6785);
#6780 = CYLINDRICAL_SURFACE('',#6781,2.5);
#6781 = AXIS2_PLACEMENT_3D('',#6782,#6783,#6784);
#6782 = CARTESIAN_POINT('',(-300.,-450.,1.43E+03));
#6783 = DIRECTION('',(0.,0.,1.));
#6784 = DIRECTION('',(1.,0.,-0.));
#6785 = DEFINITIONAL_REPRESENTATION('',(#6786),#6790);
#6786 = LINE('',#6787,#6788);
#6787 = CARTESIAN_POINT('',(0.,0.));
#6788 = VECTOR('',#6789,1.);
#6789 = DIRECTION('',(1.,0.));
#6790 = ( GEOMETRIC_REPRESENTATION_CONTEXT(2) 
PARAMETRIC_REPRESENTATION_CONTEXT() REPRESENTATION_CONTEXT('2D SPACE',''
  ) );
#6791 = ADVANCED_FACE('',(#6792),#6744,.F.);
#6792 = FACE_BOUND('',#6793,.T.);
#6793 = EDGE_LOOP('',(#6794));
#6794 = ORIENTED_EDGE('',*,*,#6729,.F.);
#6795 = ADVANCED_FACE('',(#6796),#6780,.T.);
#6796 = FACE_BOUND('',#6797,.T.);
#6797 = EDGE_LOOP('',(#6798,#6827,#6848,#6849));
#6798 = ORIENTED_EDGE('',*,*,#6799,.F.);
#6799 = EDGE_CURVE('',#6800,#6800,#6802,.T.);
#6800 = VERTEX_POINT('',#6801);
#6801 = CARTESIAN_POINT('',(-297.5,-450.,1.5473E+03));
#6802 = SURFACE_CURVE('',#6803,(#6808,#6815),.PCURVE_S1.);
#6803 = CIRCLE('',#6804,2.5);
#6804 = AXIS2_PLACEMENT_3D('',#6805,#6806,#6807);
#6805 = CARTESIAN_POINT('',(-300.,-450.,1.5473E+03));
#6806 = DIRECTION('',(0.,0.,1.));
#6807 = DIRECTION('',(1.,0.,-0.));
#6808 = PCURVE('',#6780,#6809);
#6809 = DEFINITIONAL_REPRESENTATION('',(#6810),#6814);
#6810 = LINE('',#6811,#6812);
#6811 = CARTESIAN_POINT('',(0.,117.3));
#6812 = VECTOR('',#6813,1.);
#6813 = DIRECTION('',(1.,0.));
#6814 = ( GEOMETRIC_REPRESENTATION_CONTEXT(2) 
PARAMETRIC_REPRESENTATION_CONTEXT() REPRESENTATION_CONTEXT('2D SPACE',''
  ) );
#6815 = PCURVE('',#6816,#6821);
#6816 = PLANE('',#6817);
#6817 = AXIS2_PLACEMENT_3D('',#6818,#6819,#6820);
#6818 = CARTESIAN_POINT('',(-300.,-450.,1.5473E+03));
#6819 = DIRECTION('',(0.,0.,1.));
#6820 = DIRECTION('',(1.,0.,-0.));
#6821 = DEFINITIONAL_REPRESENTATION('',(#6822),#6826);
#6822 = CIRCLE('',#6823,2.5);
#6823 = AXIS2_PLACEMENT_2D('',#6824,#6825);
#6824 = CARTESIAN_POINT('',(0.,0.));
#6825 = DIRECTION('',(1.,0.));
#6826 = ( GEOMETRIC_REPRESENTATION_CONTEXT(2) 
PARAMETRIC_REPRESENTATION_CONTEXT() REPRESENTATION_CONTEXT('2D SPACE',''
  ) );
#6827 = ORIENTED_EDGE('',*,*,#6828,.F.);
#6828 = EDGE_CURVE('',#6764,#6800,#6829,.T.);
#6829 = SEAM_CURVE('',#6830,(#6834,#6841),.PCURVE_S1.);
#6830 = LINE('',#6831,#6832);
#6831 = CARTESIAN_POINT('',(-297.5,-450.,1.43E+03));
#6832 = VECTOR('',#6833,1.);
#6833 = DIRECTION('',(0.,0.,1.));
#6834 = PCURVE('',#6780,#6835);
#6835 = DEFINITIONAL_REPRESENTATION('',(#6836),#6840);
#6836 = LINE('',#6837,#6838);
#6837 = CARTESIAN_POINT('',(6.28318530718,-0.));
#6838 = VECTOR('',#6839,1.);
#6839 = DIRECTION('',(0.,1.));
#6840 = ( GEOMETRIC_REPRESENTATION_CONTEXT(2) 
PARAMETRIC_REPRESENTATION_CONTEXT() REPRESENTATION_CONTEXT('2D SPACE',''
  ) );
#6841 = PCURVE('',#6780,#6842);
#6842 = DEFINITIONAL_REPRESENTATION('',(#6843),#6847);
#6843 = LINE('',#6844,#6845);
#6844 = CARTESIAN_POINT('',(0.,-0.));
#6845 = VECTOR('',#6846,1.);
#6846 = DIRECTION('',(0.,1.));
#6847 = ( GEOMETRIC_REPRESENTATION_CONTEXT(2) 
PARAMETRIC_REPRESENTATION_CONTEXT() REPRESENTATION_CONTEXT('2D SPACE',''
  ) );
#6848 = ORIENTED_EDGE('',*,*,#6763,.T.);
#6849 = ORIENTED_EDGE('',*,*,#6828,.T.);
#6850 = ADVANCED_FACE('',(#6851),#6816,.T.);
#6851 = FACE_BOUND('',#6852,.T.);
#6852 = EDGE_LOOP('',(#6853));
#6853 = ORIENTED_EDGE('',*,*,#6799,.T.);
#6854 = MANIFOLD_SOLID_BREP('',#6855);
#6855 = CLOSED_SHELL('',(#6856,#6944,#6948));
#6856 = ADVANCED_FACE('',(#6857),#6870,.T.);
#6857 = FACE_BOUND('',#6858,.T.);
#6858 = EDGE_LOOP('',(#6859,#6893,#6916,#6943));
#6859 = ORIENTED_EDGE('',*,*,#6860,.F.);
#6860 = EDGE_CURVE('',#6861,#6861,#6863,.T.);
#6861 = VERTEX_POINT('',#6862);
#6862 = CARTESIAN_POINT('',(137.,-619.,1.42E+03));
#6863 = SURFACE_CURVE('',#6864,(#6869,#6881),.PCURVE_S1.);
#6864 = CIRCLE('',#6865,7.);
#6865 = AXIS2_PLACEMENT_3D('',#6866,#6867,#6868);
#6866 = CARTESIAN_POINT('',(130.,-619.,1.42E+03));
#6867 = DIRECTION('',(0.,-1.,2.22044604925E-16));
#6868 = DIRECTION('',(1.,0.,0.));
#6869 = PCURVE('',#6870,#6875);
#6870 = CYLINDRICAL_SURFACE('',#6871,7.);
#6871 = AXIS2_PLACEMENT_3D('',#6872,#6873,#6874);
#6872 = CARTESIAN_POINT('',(130.,-604.,1.42E+03));
#6873 = DIRECTION('',(0.,-1.,2.22044604925E-16));
#6874 = DIRECTION('',(1.,0.,0.));
#6875 = DEFINITIONAL_REPRESENTATION('',(#6876),#6880);
#6876 = LINE('',#6877,#6878);
#6877 = CARTESIAN_POINT('',(0.,15.));
#6878 = VECTOR('',#6879,1.);
#6879 = DIRECTION('',(1.,0.));
#6880 = ( GEOMETRIC_REPRESENTATION_CONTEXT(2) 
PARAMETRIC_REPRESENTATION_CONTEXT() REPRESENTATION_CONTEXT('2D SPACE',''
  ) );
#6881 = PCURVE('',#6882,#6887);
#6882 = PLANE('',#6883);
#6883 = AXIS2_PLACEMENT_3D('',#6884,#6885,#6886);
#6884 = CARTESIAN_POINT('',(130.,-619.,1.42E+03));
#6885 = DIRECTION('',(0.,-1.,2.22044604925E-16));
#6886 = DIRECTION('',(1.,0.,0.));
#6887 = DEFINITIONAL_REPRESENTATION('',(#6888),#6892);
#6888 = CIRCLE('',#6889,7.);
#6889 = AXIS2_PLACEMENT_2D('',#6890,#6891);
#6890 = CARTESIAN_POINT('',(0.,0.));
#6891 = DIRECTION('',(1.,0.));
#6892 = ( GEOMETRIC_REPRESENTATION_CONTEXT(2) 
PARAMETRIC_REPRESENTATION_CONTEXT() REPRESENTATION_CONTEXT('2D SPACE',''
  ) );
#6893 = ORIENTED_EDGE('',*,*,#6894,.F.);
#6894 = EDGE_CURVE('',#6895,#6861,#6897,.T.);
#6895 = VERTEX_POINT('',#6896);
#6896 = CARTESIAN_POINT('',(137.,-604.,1.42E+03));
#6897 = SEAM_CURVE('',#6898,(#6902,#6909),.PCURVE_S1.);
#6898 = LINE('',#6899,#6900);
#6899 = CARTESIAN_POINT('',(137.,-604.,1.42E+03));
#6900 = VECTOR('',#6901,1.);
#6901 = DIRECTION('',(0.,-1.,2.22044604925E-16));
#6902 = PCURVE('',#6870,#6903);
#6903 = DEFINITIONAL_REPRESENTATION('',(#6904),#6908);
#6904 = LINE('',#6905,#6906);
#6905 = CARTESIAN_POINT('',(6.28318530718,-0.));
#6906 = VECTOR('',#6907,1.);
#6907 = DIRECTION('',(0.,1.));
#6908 = ( GEOMETRIC_REPRESENTATION_CONTEXT(2) 
PARAMETRIC_REPRESENTATION_CONTEXT() REPRESENTATION_CONTEXT('2D SPACE',''
  ) );
#6909 = PCURVE('',#6870,#6910);
#6910 = DEFINITIONAL_REPRESENTATION('',(#6911),#6915);
#6911 = LINE('',#6912,#6913);
#6912 = CARTESIAN_POINT('',(0.,-0.));
#6913 = VECTOR('',#6914,1.);
#6914 = DIRECTION('',(0.,1.));
#6915 = ( GEOMETRIC_REPRESENTATION_CONTEXT(2) 
PARAMETRIC_REPRESENTATION_CONTEXT() REPRESENTATION_CONTEXT('2D SPACE',''
  ) );
#6916 = ORIENTED_EDGE('',*,*,#6917,.T.);
#6917 = EDGE_CURVE('',#6895,#6895,#6918,.T.);
#6918 = SURFACE_CURVE('',#6919,(#6924,#6931),.PCURVE_S1.);
#6919 = CIRCLE('',#6920,7.);
#6920 = AXIS2_PLACEMENT_3D('',#6921,#6922,#6923);
#6921 = CARTESIAN_POINT('',(130.,-604.,1.42E+03));
#6922 = DIRECTION('',(0.,-1.,2.22044604925E-16));
#6923 = DIRECTION('',(1.,0.,0.));
#6924 = PCURVE('',#6870,#6925);
#6925 = DEFINITIONAL_REPRESENTATION('',(#6926),#6930);
#6926 = LINE('',#6927,#6928);
#6927 = CARTESIAN_POINT('',(0.,0.));
#6928 = VECTOR('',#6929,1.);
#6929 = DIRECTION('',(1.,0.));
#6930 = ( GEOMETRIC_REPRESENTATION_CONTEXT(2) 
PARAMETRIC_REPRESENTATION_CONTEXT() REPRESENTATION_CONTEXT('2D SPACE',''
  ) );
#6931 = PCURVE('',#6932,#6937);
#6932 = PLANE('',#6933);
#6933 = AXIS2_PLACEMENT_3D('',#6934,#6935,#6936);
#6934 = CARTESIAN_POINT('',(130.,-604.,1.42E+03));
#6935 = DIRECTION('',(0.,-1.,2.22044604925E-16));
#6936 = DIRECTION('',(1.,0.,0.));
#6937 = DEFINITIONAL_REPRESENTATION('',(#6938),#6942);
#6938 = CIRCLE('',#6939,7.);
#6939 = AXIS2_PLACEMENT_2D('',#6940,#6941);
#6940 = CARTESIAN_POINT('',(0.,0.));
#6941 = DIRECTION('',(1.,0.));
#6942 = ( GEOMETRIC_REPRESENTATION_CONTEXT(2) 
PARAMETRIC_REPRESENTATION_CONTEXT() REPRESENTATION_CONTEXT('2D SPACE',''
  ) );
#6943 = ORIENTED_EDGE('',*,*,#6894,.T.);
#6944 = ADVANCED_FACE('',(#6945),#6882,.T.);
#6945 = FACE_BOUND('',#6946,.T.);
#6946 = EDGE_LOOP('',(#6947));
#6947 = ORIENTED_EDGE('',*,*,#6860,.T.);
#6948 = ADVANCED_FACE('',(#6949),#6932,.F.);
#6949 = FACE_BOUND('',#6950,.T.);
#6950 = EDGE_LOOP('',(#6951));
#6951 = ORIENTED_EDGE('',*,*,#6917,.F.);
#6952 = ( GEOMETRIC_REPRESENTATION_CONTEXT(3) 
GLOBAL_UNCERTAINTY_ASSIGNED_CONTEXT((#6956)) 
GLOBAL_UNIT_ASSIGNED_CONTEXT((#6953,#6954,#6955)) REPRESENTATION_CONTEXT
('Context #1','3D Context with UNIT and UNCERTAINTY') );
#6953 = ( LENGTH_UNIT() NAMED_UNIT(*) SI_UNIT(.MILLI.,.METRE.) );
#6954 = ( NAMED_UNIT(*) PLANE_ANGLE_UNIT() SI_UNIT($,.RADIAN.) );
#6955 = ( NAMED_UNIT(*) SI_UNIT($,.STERADIAN.) SOLID_ANGLE_UNIT() );
#6956 = UNCERTAINTY_MEASURE_WITH_UNIT(LENGTH_MEASURE(1.E-07),#6953,
  'distance_accuracy_value','confusion accuracy');
#6957 = CONTEXT_DEPENDENT_SHAPE_REPRESENTATION(#6958,#6960);
#6958 = ( REPRESENTATION_RELATIONSHIP('','',#6665,#10) 
REPRESENTATION_RELATIONSHIP_WITH_TRANSFORMATION(#6959) 
SHAPE_REPRESENTATION_RELATIONSHIP() );
#6959 = ITEM_DEFINED_TRANSFORMATION('','',#11,#35);
#6960 = PRODUCT_DEFINITION_SHAPE('Placement','Placement of an item',
  #6961);
#6961 = NEXT_ASSEMBLY_USAGE_OCCURRENCE('18','=>[0:1:1:7]','',#5,#6660,$
  );
#6962 = PRODUCT_RELATED_PRODUCT_CATEGORY('part',$,(#6662));
#6963 = SHAPE_DEFINITION_REPRESENTATION(#6964,#6970);
#6964 = PRODUCT_DEFINITION_SHAPE('','',#6965);
#6965 = PRODUCT_DEFINITION('design','',#6966,#6969);
#6966 = PRODUCT_DEFINITION_FORMATION('','',#6967);
#6967 = PRODUCT('COMPOUND','COMPOUND','',(#6968));
#6968 = PRODUCT_CONTEXT('',#2,'mechanical');
#6969 = PRODUCT_DEFINITION_CONTEXT('part definition',#2,'design');
#6970 = SHAPE_REPRESENTATION('',(#11,#6971,#7668,#9076),#10277);
#6971 = MANIFOLD_SOLID_BREP('',#6972);
#6972 = CLOSED_SHELL('',(#6973,#7169,#7173,#7200,#7364,#7413,#7580,#7607
    ,#7664));
#6973 = ADVANCED_FACE('',(#6974),#6987,.T.);
#6974 = FACE_BOUND('',#6975,.T.);
#6975 = EDGE_LOOP('',(#6976,#7010,#7033,#7062,#7117,#7147,#7168));
#6976 = ORIENTED_EDGE('',*,*,#6977,.T.);
#6977 = EDGE_CURVE('',#6978,#6978,#6980,.T.);
#6978 = VERTEX_POINT('',#6979);
#6979 = CARTESIAN_POINT('',(-40.,-600.,1.19E+03));
#6980 = SURFACE_CURVE('',#6981,(#6986,#6998),.PCURVE_S1.);
#6981 = CIRCLE('',#6982,4.);
#6982 = AXIS2_PLACEMENT_3D('',#6983,#6984,#6985);
#6983 = CARTESIAN_POINT('',(-40.,-600.,1.194E+03));
#6984 = DIRECTION('',(0.,-1.,0.));
#6985 = DIRECTION('',(0.,-0.,-1.));
#6986 = PCURVE('',#6987,#6992);
#6987 = CYLINDRICAL_SURFACE('',#6988,4.);
#6988 = AXIS2_PLACEMENT_3D('',#6989,#6990,#6991);
#6989 = CARTESIAN_POINT('',(-40.,-600.,1.194E+03));
#6990 = DIRECTION('',(0.,-1.,0.));
#6991 = DIRECTION('',(0.,-0.,-1.));
#6992 = DEFINITIONAL_REPRESENTATION('',(#6993),#6997);
#6993 = LINE('',#6994,#6995);
#6994 = CARTESIAN_POINT('',(0.,0.));
#6995 = VECTOR('',#6996,1.);
#6996 = DIRECTION('',(1.,0.));
#6997 = ( GEOMETRIC_REPRESENTATION_CONTEXT(2) 
PARAMETRIC_REPRESENTATION_CONTEXT() REPRESENTATION_CONTEXT('2D SPACE',''
  ) );
#6998 = PCURVE('',#6999,#7004);
#6999 = PLANE('',#7000);
#7000 = AXIS2_PLACEMENT_3D('',#7001,#7002,#7003);
#7001 = CARTESIAN_POINT('',(-40.,-600.,1.194E+03));
#7002 = DIRECTION('',(0.,-1.,0.));
#7003 = DIRECTION('',(0.,-0.,-1.));
#7004 = DEFINITIONAL_REPRESENTATION('',(#7005),#7009);
#7005 = CIRCLE('',#7006,4.);
#7006 = AXIS2_PLACEMENT_2D('',#7007,#7008);
#7007 = CARTESIAN_POINT('',(0.,0.));
#7008 = DIRECTION('',(1.,0.));
#7009 = ( GEOMETRIC_REPRESENTATION_CONTEXT(2) 
PARAMETRIC_REPRESENTATION_CONTEXT() REPRESENTATION_CONTEXT('2D SPACE',''
  ) );
#7010 = ORIENTED_EDGE('',*,*,#7011,.T.);
#7011 = EDGE_CURVE('',#6978,#7012,#7014,.T.);
#7012 = VERTEX_POINT('',#7013);
#7013 = CARTESIAN_POINT('',(-40.,-692.,1.19E+03));
#7014 = SEAM_CURVE('',#7015,(#7019,#7026),.PCURVE_S1.);
#7015 = LINE('',#7016,#7017);
#7016 = CARTESIAN_POINT('',(-40.,-600.,1.19E+03));
#7017 = VECTOR('',#7018,1.);
#7018 = DIRECTION('',(0.,-1.,0.));
#7019 = PCURVE('',#6987,#7020);
#7020 = DEFINITIONAL_REPRESENTATION('',(#7021),#7025);
#7021 = LINE('',#7022,#7023);
#7022 = CARTESIAN_POINT('',(0.,-0.));
#7023 = VECTOR('',#7024,1.);
#7024 = DIRECTION('',(0.,1.));
#7025 = ( GEOMETRIC_REPRESENTATION_CONTEXT(2) 
PARAMETRIC_REPRESENTATION_CONTEXT() REPRESENTATION_CONTEXT('2D SPACE',''
  ) );
#7026 = PCURVE('',#6987,#7027);
#7027 = DEFINITIONAL_REPRESENTATION('',(#7028),#7032);
#7028 = LINE('',#7029,#7030);
#7029 = CARTESIAN_POINT('',(6.28318530718,-0.));
#7030 = VECTOR('',#7031,1.);
#7031 = DIRECTION('',(0.,1.));
#7032 = ( GEOMETRIC_REPRESENTATION_CONTEXT(2) 
PARAMETRIC_REPRESENTATION_CONTEXT() REPRESENTATION_CONTEXT('2D SPACE',''
  ) );
#7033 = ORIENTED_EDGE('',*,*,#7034,.F.);
#7034 = EDGE_CURVE('',#7035,#7012,#7037,.T.);
#7035 = VERTEX_POINT('',#7036);
#7036 = CARTESIAN_POINT('',(-44.,-692.,1.194E+03));
#7037 = SURFACE_CURVE('',#7038,(#7043,#7050),.PCURVE_S1.);
#7038 = CIRCLE('',#7039,4.);
#7039 = AXIS2_PLACEMENT_3D('',#7040,#7041,#7042);
#7040 = CARTESIAN_POINT('',(-40.,-692.,1.194E+03));
#7041 = DIRECTION('',(0.,-1.,0.));
#7042 = DIRECTION('',(0.,-0.,-1.));
#7043 = PCURVE('',#6987,#7044);
#7044 = DEFINITIONAL_REPRESENTATION('',(#7045),#7049);
#7045 = LINE('',#7046,#7047);
#7046 = CARTESIAN_POINT('',(0.,92.));
#7047 = VECTOR('',#7048,1.);
#7048 = DIRECTION('',(1.,0.));
#7049 = ( GEOMETRIC_REPRESENTATION_CONTEXT(2) 
PARAMETRIC_REPRESENTATION_CONTEXT() REPRESENTATION_CONTEXT('2D SPACE',''
  ) );
#7050 = PCURVE('',#7051,#7056);
#7051 = SPHERICAL_SURFACE('',#7052,4.);
#7052 = AXIS2_PLACEMENT_3D('',#7053,#7054,#7055);
#7053 = CARTESIAN_POINT('',(-40.,-692.,1.194E+03));
#7054 = DIRECTION('',(0.,0.,1.));
#7055 = DIRECTION('',(1.,0.,-0.));
#7056 = DEFINITIONAL_REPRESENTATION('',(#7057),#7061);
#7057 = LINE('',#7058,#7059);
#7058 = CARTESIAN_POINT('',(3.14159265359,4.712388980385));
#7059 = VECTOR('',#7060,1.);
#7060 = DIRECTION('',(0.,-1.));
#7061 = ( GEOMETRIC_REPRESENTATION_CONTEXT(2) 
PARAMETRIC_REPRESENTATION_CONTEXT() REPRESENTATION_CONTEXT('2D SPACE',''
  ) );
#7062 = ORIENTED_EDGE('',*,*,#7063,.F.);
#7063 = EDGE_CURVE('',#7064,#7035,#7066,.T.);
#7064 = VERTEX_POINT('',#7065);
#7065 = CARTESIAN_POINT('',(-36.00000000001,-691.9999895104,
    1.19400001049E+03));
#7066 = SURFACE_CURVE('',#7067,(#7072,#7092),.PCURVE_S1.);
#7067 = ELLIPSE('',#7068,5.656854249492,4.);
#7068 = AXIS2_PLACEMENT_3D('',#7069,#7070,#7071);
#7069 = CARTESIAN_POINT('',(-40.,-692.,1.194E+03));
#7070 = DIRECTION('',(0.,-0.707106781187,0.707106781187));
#7071 = DIRECTION('',(0.,-0.707106781187,-0.707106781187));
#7072 = PCURVE('',#6987,#7073);
#7073 = DEFINITIONAL_REPRESENTATION('',(#7074),#7091);
#7074 = B_SPLINE_CURVE_WITH_KNOTS('',8,(#7075,#7076,#7077,#7078,#7079,
    #7080,#7081,#7082,#7083,#7084,#7085,#7086,#7087,#7088,#7089,#7090),
  .UNSPECIFIED.,.F.,.F.,(9,7,9),(1.570798949193,3.141594002289,
    4.712389055385),.UNSPECIFIED.);
#7075 = CARTESIAN_POINT('',(1.570798949193,91.999989510407));
#7076 = CARTESIAN_POINT('',(1.76714833083,91.214591983862));
#7077 = CARTESIAN_POINT('',(1.963497712464,90.429194733108));
#7078 = CARTESIAN_POINT('',(2.159847094104,89.68993964995));
#7079 = CARTESIAN_POINT('',(2.356196475725,89.042959341838));
#7080 = CARTESIAN_POINT('',(2.552545857379,88.528723841067));
#7081 = CARTESIAN_POINT('',(2.748895239013,88.176240699657));
#7082 = CARTESIAN_POINT('',(2.945244620652,87.999998940739));
#7083 = CARTESIAN_POINT('',(3.337943383926,88.000001059269));
#7084 = CARTESIAN_POINT('',(3.534292765567,88.176244936578));
#7085 = CARTESIAN_POINT('',(3.730642147179,88.528730072663));
#7086 = CARTESIAN_POINT('',(3.926991528853,89.042967317451));
#7087 = CARTESIAN_POINT('',(4.123340910457,89.689949013526));
#7088 = CARTESIAN_POINT('',(4.319690292115,90.429205047214));
#7089 = CARTESIAN_POINT('',(4.516039673748,91.214602773452));
#7090 = CARTESIAN_POINT('',(4.712389055385,92.0000003));
#7091 = ( GEOMETRIC_REPRESENTATION_CONTEXT(2) 
PARAMETRIC_REPRESENTATION_CONTEXT() REPRESENTATION_CONTEXT('2D SPACE',''
  ) );
#7092 = PCURVE('',#7093,#7098);
#7093 = CYLINDRICAL_SURFACE('',#7094,4.);
#7094 = AXIS2_PLACEMENT_3D('',#7095,#7096,#7097);
#7095 = CARTESIAN_POINT('',(-40.,-692.,1.194E+03));
#7096 = DIRECTION('',(0.,0.,1.));
#7097 = DIRECTION('',(1.,0.,-0.));
#7098 = DEFINITIONAL_REPRESENTATION('',(#7099),#7116);
#7099 = B_SPLINE_CURVE_WITH_KNOTS('',8,(#7100,#7101,#7102,#7103,#7104,
    #7105,#7106,#7107,#7108,#7109,#7110,#7111,#7112,#7113,#7114,#7115),
  .UNSPECIFIED.,.F.,.F.,(9,7,9),(1.570798949193,3.141594002289,
    4.712389055385),.UNSPECIFIED.);
#7100 = CARTESIAN_POINT('',(2.622398284305E-06,1.04895932509E-05));
#7101 = CARTESIAN_POINT('',(0.196352004035,0.785408016138));
#7102 = CARTESIAN_POINT('',(0.392701385672,1.570805266977));
#7103 = CARTESIAN_POINT('',(0.589050767312,2.310060349613));
#7104 = CARTESIAN_POINT('',(0.785400148941,2.95704065835));
#7105 = CARTESIAN_POINT('',(0.981749530588,3.471276158374));
#7106 = CARTESIAN_POINT('',(1.178098912219,3.823759300396));
#7107 = CARTESIAN_POINT('',(1.374448293857,4.000001059261));
#7108 = CARTESIAN_POINT('',(1.767147057131,3.999998940731));
#7109 = CARTESIAN_POINT('',(1.963496438769,3.823755063341));
#7110 = CARTESIAN_POINT('',(2.159845820394,3.47126992723));
#7111 = CARTESIAN_POINT('',(2.356195202045,2.957032682081));
#7112 = CARTESIAN_POINT('',(2.552544583665,2.310050986187));
#7113 = CARTESIAN_POINT('',(2.748893965316,1.570794952792));
#7114 = CARTESIAN_POINT('',(2.945243346953,0.785397226548));
#7115 = CARTESIAN_POINT('',(3.14159272859,-3.000000106113E-07));
#7116 = ( GEOMETRIC_REPRESENTATION_CONTEXT(2) 
PARAMETRIC_REPRESENTATION_CONTEXT() REPRESENTATION_CONTEXT('2D SPACE',''
  ) );
#7117 = ORIENTED_EDGE('',*,*,#7118,.F.);
#7118 = EDGE_CURVE('',#7119,#7064,#7121,.T.);
#7119 = VERTEX_POINT('',#7120);
#7120 = CARTESIAN_POINT('',(-36.,-692.,1.194E+03));
#7121 = SURFACE_CURVE('',#7122,(#7127,#7137),.PCURVE_S1.);
#7122 = ELLIPSE('',#7123,5.656854249492,4.);
#7123 = AXIS2_PLACEMENT_3D('',#7124,#7125,#7126);
#7124 = CARTESIAN_POINT('',(-40.,-692.,1.194E+03));
#7125 = DIRECTION('',(0.,-0.707106781187,0.707106781187));
#7126 = DIRECTION('',(0.,-0.707106781187,-0.707106781187));
#7127 = PCURVE('',#6987,#7128);
#7128 = DEFINITIONAL_REPRESENTATION('',(#7129),#7136);
#7129 = B_SPLINE_CURVE_WITH_KNOTS('',5,(#7130,#7131,#7132,#7133,#7134,
    #7135),.UNSPECIFIED.,.F.,.F.,(6,6),(1.570796251795,1.570798949193),
  .PIECEWISE_BEZIER_KNOTS.);
#7130 = CARTESIAN_POINT('',(1.570796251795,92.0000003));
#7131 = CARTESIAN_POINT('',(1.570796791275,91.999998142081));
#7132 = CARTESIAN_POINT('',(1.570797330754,91.999995984163));
#7133 = CARTESIAN_POINT('',(1.570797870234,91.999993826244));
#7134 = CARTESIAN_POINT('',(1.570798409714,91.999991668326));
#7135 = CARTESIAN_POINT('',(1.570798949193,91.999989510407));
#7136 = ( GEOMETRIC_REPRESENTATION_CONTEXT(2) 
PARAMETRIC_REPRESENTATION_CONTEXT() REPRESENTATION_CONTEXT('2D SPACE',''
  ) );
#7137 = PCURVE('',#7093,#7138);
#7138 = DEFINITIONAL_REPRESENTATION('',(#7139),#7146);
#7139 = B_SPLINE_CURVE_WITH_KNOTS('',5,(#7140,#7141,#7142,#7143,#7144,
    #7145),.UNSPECIFIED.,.F.,.F.,(6,6),(1.570796251795,1.570798949193),
  .PIECEWISE_BEZIER_KNOTS.);
#7140 = CARTESIAN_POINT('',(-7.500000265281E-08,-3.000000106113E-07));
#7141 = CARTESIAN_POINT('',(4.644796575803E-07,1.857918630321E-06));
#7142 = CARTESIAN_POINT('',(1.003959286763E-06,4.01583760852E-06));
#7143 = CARTESIAN_POINT('',(1.543439042822E-06,6.173755436046E-06));
#7144 = CARTESIAN_POINT('',(2.082918624072E-06,8.33167460997E-06));
#7145 = CARTESIAN_POINT('',(2.622398284305E-06,1.04895932509E-05));
#7146 = ( GEOMETRIC_REPRESENTATION_CONTEXT(2) 
PARAMETRIC_REPRESENTATION_CONTEXT() REPRESENTATION_CONTEXT('2D SPACE',''
  ) );
#7147 = ORIENTED_EDGE('',*,*,#7148,.F.);
#7148 = EDGE_CURVE('',#7012,#7119,#7149,.T.);
#7149 = SURFACE_CURVE('',#7150,(#7155,#7162),.PCURVE_S1.);
#7150 = CIRCLE('',#7151,4.);
#7151 = AXIS2_PLACEMENT_3D('',#7152,#7153,#7154);
#7152 = CARTESIAN_POINT('',(-40.,-692.,1.194E+03));
#7153 = DIRECTION('',(0.,-1.,0.));
#7154 = DIRECTION('',(0.,-0.,-1.));
#7155 = PCURVE('',#6987,#7156);
#7156 = DEFINITIONAL_REPRESENTATION('',(#7157),#7161);
#7157 = LINE('',#7158,#7159);
#7158 = CARTESIAN_POINT('',(0.,92.));
#7159 = VECTOR('',#7160,1.);
#7160 = DIRECTION('',(1.,0.));
#7161 = ( GEOMETRIC_REPRESENTATION_CONTEXT(2) 
PARAMETRIC_REPRESENTATION_CONTEXT() REPRESENTATION_CONTEXT('2D SPACE',''
  ) );
#7162 = PCURVE('',#7051,#7163);
#7163 = DEFINITIONAL_REPRESENTATION('',(#7164),#7167);
#7164 = B_SPLINE_CURVE_WITH_KNOTS('',1,(#7165,#7166),.UNSPECIFIED.,.F.,
  .F.,(2,2),(0.,1.570796326795),.PIECEWISE_BEZIER_KNOTS.);
#7165 = CARTESIAN_POINT('',(6.28318530718,-1.570796326795));
#7166 = CARTESIAN_POINT('',(6.28318530718,0.));
#7167 = ( GEOMETRIC_REPRESENTATION_CONTEXT(2) 
PARAMETRIC_REPRESENTATION_CONTEXT() REPRESENTATION_CONTEXT('2D SPACE',''
  ) );
#7168 = ORIENTED_EDGE('',*,*,#7011,.F.);
#7169 = ADVANCED_FACE('',(#7170),#6999,.F.);
#7170 = FACE_BOUND('',#7171,.T.);
#7171 = EDGE_LOOP('',(#7172));
#7172 = ORIENTED_EDGE('',*,*,#6977,.F.);
#7173 = ADVANCED_FACE('',(#7174),#7051,.T.);
#7174 = FACE_BOUND('',#7175,.T.);
#7175 = EDGE_LOOP('',(#7176,#7177,#7199));
#7176 = ORIENTED_EDGE('',*,*,#7148,.T.);
#7177 = ORIENTED_EDGE('',*,*,#7178,.F.);
#7178 = EDGE_CURVE('',#7035,#7119,#7179,.T.);
#7179 = SURFACE_CURVE('',#7180,(#7185,#7192),.PCURVE_S1.);
#7180 = CIRCLE('',#7181,4.);
#7181 = AXIS2_PLACEMENT_3D('',#7182,#7183,#7184);
#7182 = CARTESIAN_POINT('',(-40.,-692.,1.194E+03));
#7183 = DIRECTION('',(0.,0.,1.));
#7184 = DIRECTION('',(1.,0.,-0.));
#7185 = PCURVE('',#7051,#7186);
#7186 = DEFINITIONAL_REPRESENTATION('',(#7187),#7191);
#7187 = LINE('',#7188,#7189);
#7188 = CARTESIAN_POINT('',(0.,0.));
#7189 = VECTOR('',#7190,1.);
#7190 = DIRECTION('',(1.,0.));
#7191 = ( GEOMETRIC_REPRESENTATION_CONTEXT(2) 
PARAMETRIC_REPRESENTATION_CONTEXT() REPRESENTATION_CONTEXT('2D SPACE',''
  ) );
#7192 = PCURVE('',#7093,#7193);
#7193 = DEFINITIONAL_REPRESENTATION('',(#7194),#7198);
#7194 = LINE('',#7195,#7196);
#7195 = CARTESIAN_POINT('',(0.,0.));
#7196 = VECTOR('',#7197,1.);
#7197 = DIRECTION('',(1.,0.));
#7198 = ( GEOMETRIC_REPRESENTATION_CONTEXT(2) 
PARAMETRIC_REPRESENTATION_CONTEXT() REPRESENTATION_CONTEXT('2D SPACE',''
  ) );
#7199 = ORIENTED_EDGE('',*,*,#7034,.T.);
#7200 = ADVANCED_FACE('',(#7201),#7093,.T.);
#7201 = FACE_BOUND('',#7202,.T.);
#7202 = EDGE_LOOP('',(#7203,#7233,#7254,#7255,#7256,#7257,#7258,#7281,
    #7336));
#7203 = ORIENTED_EDGE('',*,*,#7204,.F.);
#7204 = EDGE_CURVE('',#7205,#7207,#7209,.T.);
#7205 = VERTEX_POINT('',#7206);
#7206 = CARTESIAN_POINT('',(-36.,-692.,1.2427E+03));
#7207 = VERTEX_POINT('',#7208);
#7208 = CARTESIAN_POINT('',(-36.08407832105,-691.1841829835,1.2427E+03)
  );
#7209 = SURFACE_CURVE('',#7210,(#7215,#7222),.PCURVE_S1.);
#7210 = CIRCLE('',#7211,4.);
#7211 = AXIS2_PLACEMENT_3D('',#7212,#7213,#7214);
#7212 = CARTESIAN_POINT('',(-40.,-692.,1.2427E+03));
#7213 = DIRECTION('',(0.,0.,1.));
#7214 = DIRECTION('',(1.,0.,-0.));
#7215 = PCURVE('',#7093,#7216);
#7216 = DEFINITIONAL_REPRESENTATION('',(#7217),#7221);
#7217 = LINE('',#7218,#7219);
#7218 = CARTESIAN_POINT('',(0.,48.7));
#7219 = VECTOR('',#7220,1.);
#7220 = DIRECTION('',(1.,0.));
#7221 = ( GEOMETRIC_REPRESENTATION_CONTEXT(2) 
PARAMETRIC_REPRESENTATION_CONTEXT() REPRESENTATION_CONTEXT('2D SPACE',''
  ) );
#7222 = PCURVE('',#7223,#7228);
#7223 = SPHERICAL_SURFACE('',#7224,4.);
#7224 = AXIS2_PLACEMENT_3D('',#7225,#7226,#7227);
#7225 = CARTESIAN_POINT('',(-40.,-692.,1.2427E+03));
#7226 = DIRECTION('',(0.,0.,1.));
#7227 = DIRECTION('',(1.,0.,-0.));
#7228 = DEFINITIONAL_REPRESENTATION('',(#7229),#7232);
#7229 = B_SPLINE_CURVE_WITH_KNOTS('',1,(#7230,#7231),.UNSPECIFIED.,.F.,
  .F.,(2,2),(0.,0.20539538919),.PIECEWISE_BEZIER_KNOTS.);
#7230 = CARTESIAN_POINT('',(6.28318530718,0.));
#7231 = CARTESIAN_POINT('',(6.488580696369,0.));
#7232 = ( GEOMETRIC_REPRESENTATION_CONTEXT(2) 
PARAMETRIC_REPRESENTATION_CONTEXT() REPRESENTATION_CONTEXT('2D SPACE',''
  ) );
#7233 = ORIENTED_EDGE('',*,*,#7234,.F.);
#7234 = EDGE_CURVE('',#7119,#7205,#7235,.T.);
#7235 = SEAM_CURVE('',#7236,(#7240,#7247),.PCURVE_S1.);
#7236 = LINE('',#7237,#7238);
#7237 = CARTESIAN_POINT('',(-36.,-692.,1.194E+03));
#7238 = VECTOR('',#7239,1.);
#7239 = DIRECTION('',(0.,0.,1.));
#7240 = PCURVE('',#7093,#7241);
#7241 = DEFINITIONAL_REPRESENTATION('',(#7242),#7246);
#7242 = LINE('',#7243,#7244);
#7243 = CARTESIAN_POINT('',(6.28318530718,-0.));
#7244 = VECTOR('',#7245,1.);
#7245 = DIRECTION('',(0.,1.));
#7246 = ( GEOMETRIC_REPRESENTATION_CONTEXT(2) 
PARAMETRIC_REPRESENTATION_CONTEXT() REPRESENTATION_CONTEXT('2D SPACE',''
  ) );
#7247 = PCURVE('',#7093,#7248);
#7248 = DEFINITIONAL_REPRESENTATION('',(#7249),#7253);
#7249 = LINE('',#7250,#7251);
#7250 = CARTESIAN_POINT('',(0.,-0.));
#7251 = VECTOR('',#7252,1.);
#7252 = DIRECTION('',(0.,1.));
#7253 = ( GEOMETRIC_REPRESENTATION_CONTEXT(2) 
PARAMETRIC_REPRESENTATION_CONTEXT() REPRESENTATION_CONTEXT('2D SPACE',''
  ) );
#7254 = ORIENTED_EDGE('',*,*,#7118,.T.);
#7255 = ORIENTED_EDGE('',*,*,#7063,.T.);
#7256 = ORIENTED_EDGE('',*,*,#7178,.T.);
#7257 = ORIENTED_EDGE('',*,*,#7234,.T.);
#7258 = ORIENTED_EDGE('',*,*,#7259,.F.);
#7259 = EDGE_CURVE('',#7260,#7205,#7262,.T.);
#7260 = VERTEX_POINT('',#7261);
#7261 = CARTESIAN_POINT('',(-43.91592167895,-692.8158170164,1.2427E+03)
  );
#7262 = SURFACE_CURVE('',#7263,(#7268,#7275),.PCURVE_S1.);
#7263 = CIRCLE('',#7264,4.);
#7264 = AXIS2_PLACEMENT_3D('',#7265,#7266,#7267);
#7265 = CARTESIAN_POINT('',(-40.,-692.,1.2427E+03));
#7266 = DIRECTION('',(0.,0.,1.));
#7267 = DIRECTION('',(1.,0.,-0.));
#7268 = PCURVE('',#7093,#7269);
#7269 = DEFINITIONAL_REPRESENTATION('',(#7270),#7274);
#7270 = LINE('',#7271,#7272);
#7271 = CARTESIAN_POINT('',(0.,48.7));
#7272 = VECTOR('',#7273,1.);
#7273 = DIRECTION('',(1.,0.));
#7274 = ( GEOMETRIC_REPRESENTATION_CONTEXT(2) 
PARAMETRIC_REPRESENTATION_CONTEXT() REPRESENTATION_CONTEXT('2D SPACE',''
  ) );
#7275 = PCURVE('',#7223,#7276);
#7276 = DEFINITIONAL_REPRESENTATION('',(#7277),#7280);
#7277 = B_SPLINE_CURVE_WITH_KNOTS('',1,(#7278,#7279),.UNSPECIFIED.,.F.,
  .F.,(2,2),(3.34698804278,6.28318530718),.PIECEWISE_BEZIER_KNOTS.);
#7278 = CARTESIAN_POINT('',(3.34698804278,0.));
#7279 = CARTESIAN_POINT('',(6.28318530718,0.));
#7280 = ( GEOMETRIC_REPRESENTATION_CONTEXT(2) 
PARAMETRIC_REPRESENTATION_CONTEXT() REPRESENTATION_CONTEXT('2D SPACE',''
  ) );
#7281 = ORIENTED_EDGE('',*,*,#7282,.F.);
#7282 = EDGE_CURVE('',#7283,#7260,#7285,.T.);
#7283 = VERTEX_POINT('',#7284);
#7284 = CARTESIAN_POINT('',(-36.08407942134,-691.1841777021,
    1.242699994605E+03));
#7285 = SURFACE_CURVE('',#7286,(#7291,#7311),.PCURVE_S1.);
#7286 = ELLIPSE('',#7287,5.656854249492,4.);
#7287 = AXIS2_PLACEMENT_3D('',#7288,#7289,#7290);
#7288 = CARTESIAN_POINT('',(-40.,-692.,1.2427E+03));
#7289 = DIRECTION('',(-0.144217436134,0.692243693445,0.707106781187));
#7290 = DIRECTION('',(0.144217436134,-0.692243693445,0.707106781187));
#7291 = PCURVE('',#7093,#7292);
#7292 = DEFINITIONAL_REPRESENTATION('',(#7293),#7310);
#7293 = B_SPLINE_CURVE_WITH_KNOTS('',8,(#7294,#7295,#7296,#7297,#7298,
    #7299,#7300,#7301,#7302,#7303,#7304,#7305,#7306,#7307,#7308,#7309),
  .UNSPECIFIED.,.F.,.F.,(9,7,9),(1.570797675494,3.141593365439,
    4.712389055385),.UNSPECIFIED.);
#7294 = CARTESIAN_POINT('',(0.205396737889,48.699994605204));
#7295 = CARTESIAN_POINT('',(0.401746199132,47.914596760232));
#7296 = CARTESIAN_POINT('',(0.598095660374,47.129198966446));
#7297 = CARTESIAN_POINT('',(0.794445121619,46.389943172719));
#7298 = CARTESIAN_POINT('',(0.990794582855,45.742962058546));
#7299 = CARTESIAN_POINT('',(1.187144044105,45.228725741588));
#7300 = CARTESIAN_POINT('',(1.383493505347,44.876241842845));
#7301 = CARTESIAN_POINT('',(1.579842966591,44.699999440916));
#7302 = CARTESIAN_POINT('',(1.972541889077,44.700000559086));
#7303 = CARTESIAN_POINT('',(2.16889135032,44.876244079256));
#7304 = CARTESIAN_POINT('',(2.365240811559,45.228729030117));
#7305 = CARTESIAN_POINT('',(2.561590272806,45.742966268968));
#7306 = CARTESIAN_POINT('',(2.757939734045,46.389948114345));
#7307 = CARTESIAN_POINT('',(2.954289195294,47.129204410361));
#7308 = CARTESIAN_POINT('',(3.150638656536,47.914602455027));
#7309 = CARTESIAN_POINT('',(3.34698811778,48.7000003));
#7310 = ( GEOMETRIC_REPRESENTATION_CONTEXT(2) 
PARAMETRIC_REPRESENTATION_CONTEXT() REPRESENTATION_CONTEXT('2D SPACE',''
  ) );
#7311 = PCURVE('',#7312,#7317);
#7312 = CYLINDRICAL_SURFACE('',#7313,4.);
#7313 = AXIS2_PLACEMENT_3D('',#7314,#7315,#7316);
#7314 = CARTESIAN_POINT('',(-40.,-692.,1.2427E+03));
#7315 = DIRECTION('',(-0.203954254112,0.978980419738,0.));
#7316 = DIRECTION('',(0.978980419738,0.203954254112,0.));
#7317 = DEFINITIONAL_REPRESENTATION('',(#7318),#7335);
#7318 = B_SPLINE_CURVE_WITH_KNOTS('',8,(#7319,#7320,#7321,#7322,#7323,
    #7324,#7325,#7326,#7327,#7328,#7329,#7330,#7331,#7332,#7333,#7334),
  .UNSPECIFIED.,.F.,.F.,(9,7,9),(1.570797675494,3.141593365439,
    4.712389055385),.UNSPECIFIED.);
#7319 = CARTESIAN_POINT('',(1.348699129267E-06,5.394796630753E-06));
#7320 = CARTESIAN_POINT('',(0.196350809942,0.785403239769));
#7321 = CARTESIAN_POINT('',(0.392700271186,1.570801033517));
#7322 = CARTESIAN_POINT('',(0.589049732425,2.3100568274));
#7323 = CARTESIAN_POINT('',(0.785399193674,2.95703794122));
#7324 = CARTESIAN_POINT('',(0.98174865491,3.471274258482));
#7325 = CARTESIAN_POINT('',(1.178098116159,3.823758157132));
#7326 = CARTESIAN_POINT('',(1.374447577401,4.000000559084));
#7327 = CARTESIAN_POINT('',(1.767146499888,3.999999440914));
#7328 = CARTESIAN_POINT('',(1.963495961129,3.823755920793));
#7329 = CARTESIAN_POINT('',(2.15984542237,3.471270969665));
#7330 = CARTESIAN_POINT('',(2.356194883612,2.957033731309));
#7331 = CARTESIAN_POINT('',(2.552544344857,2.310051885343));
#7332 = CARTESIAN_POINT('',(2.748893806103,1.570795589641));
#7333 = CARTESIAN_POINT('',(2.945243267347,0.785397544973));
#7334 = CARTESIAN_POINT('',(3.14159272859,-3.000001242981E-07));
#7335 = ( GEOMETRIC_REPRESENTATION_CONTEXT(2) 
PARAMETRIC_REPRESENTATION_CONTEXT() REPRESENTATION_CONTEXT('2D SPACE',''
  ) );
#7336 = ORIENTED_EDGE('',*,*,#7337,.F.);
#7337 = EDGE_CURVE('',#7207,#7283,#7338,.T.);
#7338 = SURFACE_CURVE('',#7339,(#7344,#7354),.PCURVE_S1.);
#7339 = ELLIPSE('',#7340,5.656854249492,4.);
#7340 = AXIS2_PLACEMENT_3D('',#7341,#7342,#7343);
#7341 = CARTESIAN_POINT('',(-40.,-692.,1.2427E+03));
#7342 = DIRECTION('',(-0.144217436134,0.692243693445,0.707106781187));
#7343 = DIRECTION('',(0.144217436134,-0.692243693445,0.707106781187));
#7344 = PCURVE('',#7093,#7345);
#7345 = DEFINITIONAL_REPRESENTATION('',(#7346),#7353);
#7346 = B_SPLINE_CURVE_WITH_KNOTS('',5,(#7347,#7348,#7349,#7350,#7351,
    #7352),.UNSPECIFIED.,.F.,.F.,(6,6),(1.570796326795,1.570797675494),
  .PIECEWISE_BEZIER_KNOTS.);
#7347 = CARTESIAN_POINT('',(0.20539538919,48.7));
#7348 = CARTESIAN_POINT('',(0.20539565893,48.699998921041));
#7349 = CARTESIAN_POINT('',(0.205395928669,48.699997842082));
#7350 = CARTESIAN_POINT('',(0.205396198409,48.699996763122));
#7351 = CARTESIAN_POINT('',(0.205396468149,48.699995684163));
#7352 = CARTESIAN_POINT('',(0.205396737889,48.699994605204));
#7353 = ( GEOMETRIC_REPRESENTATION_CONTEXT(2) 
PARAMETRIC_REPRESENTATION_CONTEXT() REPRESENTATION_CONTEXT('2D SPACE',''
  ) );
#7354 = PCURVE('',#7312,#7355);
#7355 = DEFINITIONAL_REPRESENTATION('',(#7356),#7363);
#7356 = B_SPLINE_CURVE_WITH_KNOTS('',5,(#7357,#7358,#7359,#7360,#7361,
    #7362),.UNSPECIFIED.,.F.,.F.,(6,6),(1.570796326795,1.570797675494),
  .PIECEWISE_BEZIER_KNOTS.);
#7357 = CARTESIAN_POINT('',(0.,0.));
#7358 = CARTESIAN_POINT('',(2.697398287843E-07,1.078959315137E-06));
#7359 = CARTESIAN_POINT('',(5.394796073457E-07,2.157918760706E-06));
#7360 = CARTESIAN_POINT('',(8.092195263172E-07,3.236877763509E-06));
#7361 = CARTESIAN_POINT('',(1.078959300483E-06,4.315837315617E-06));
#7362 = CARTESIAN_POINT('',(1.348699129267E-06,5.394796630753E-06));
#7363 = ( GEOMETRIC_REPRESENTATION_CONTEXT(2) 
PARAMETRIC_REPRESENTATION_CONTEXT() REPRESENTATION_CONTEXT('2D SPACE',''
  ) );
#7364 = ADVANCED_FACE('',(#7365),#7223,.T.);
#7365 = FACE_BOUND('',#7366,.T.);
#7366 = EDGE_LOOP('',(#7367,#7390,#7411,#7412));
#7367 = ORIENTED_EDGE('',*,*,#7368,.F.);
#7368 = EDGE_CURVE('',#7369,#7207,#7371,.T.);
#7369 = VERTEX_POINT('',#7370);
#7370 = CARTESIAN_POINT('',(-40.,-692.,1.2467E+03));
#7371 = SURFACE_CURVE('',#7372,(#7377,#7383),.PCURVE_S1.);
#7372 = CIRCLE('',#7373,4.);
#7373 = AXIS2_PLACEMENT_3D('',#7374,#7375,#7376);
#7374 = CARTESIAN_POINT('',(-40.,-692.,1.2427E+03));
#7375 = DIRECTION('',(-0.203954254112,0.978980419738,0.));
#7376 = DIRECTION('',(0.978980419738,0.203954254112,0.));
#7377 = PCURVE('',#7223,#7378);
#7378 = DEFINITIONAL_REPRESENTATION('',(#7379),#7382);
#7379 = B_SPLINE_CURVE_WITH_KNOTS('',1,(#7380,#7381),.UNSPECIFIED.,.F.,
  .F.,(2,2),(4.712388980385,6.28318530718),.PIECEWISE_BEZIER_KNOTS.);
#7380 = CARTESIAN_POINT('',(6.488580696369,1.570796326795));
#7381 = CARTESIAN_POINT('',(6.488580696369,0.));
#7382 = ( GEOMETRIC_REPRESENTATION_CONTEXT(2) 
PARAMETRIC_REPRESENTATION_CONTEXT() REPRESENTATION_CONTEXT('2D SPACE',''
  ) );
#7383 = PCURVE('',#7312,#7384);
#7384 = DEFINITIONAL_REPRESENTATION('',(#7385),#7389);
#7385 = LINE('',#7386,#7387);
#7386 = CARTESIAN_POINT('',(0.,0.));
#7387 = VECTOR('',#7388,1.);
#7388 = DIRECTION('',(1.,0.));
#7389 = ( GEOMETRIC_REPRESENTATION_CONTEXT(2) 
PARAMETRIC_REPRESENTATION_CONTEXT() REPRESENTATION_CONTEXT('2D SPACE',''
  ) );
#7390 = ORIENTED_EDGE('',*,*,#7391,.F.);
#7391 = EDGE_CURVE('',#7260,#7369,#7392,.T.);
#7392 = SURFACE_CURVE('',#7393,(#7398,#7404),.PCURVE_S1.);
#7393 = CIRCLE('',#7394,4.);
#7394 = AXIS2_PLACEMENT_3D('',#7395,#7396,#7397);
#7395 = CARTESIAN_POINT('',(-40.,-692.,1.2427E+03));
#7396 = DIRECTION('',(-0.203954254112,0.978980419738,0.));
#7397 = DIRECTION('',(0.978980419738,0.203954254112,0.));
#7398 = PCURVE('',#7223,#7399);
#7399 = DEFINITIONAL_REPRESENTATION('',(#7400),#7403);
#7400 = B_SPLINE_CURVE_WITH_KNOTS('',1,(#7401,#7402),.UNSPECIFIED.,.F.,
  .F.,(2,2),(3.14159265359,4.712388980385),.PIECEWISE_BEZIER_KNOTS.);
#7401 = CARTESIAN_POINT('',(3.34698804278,0.));
#7402 = CARTESIAN_POINT('',(3.34698804278,1.570796326795));
#7403 = ( GEOMETRIC_REPRESENTATION_CONTEXT(2) 
PARAMETRIC_REPRESENTATION_CONTEXT() REPRESENTATION_CONTEXT('2D SPACE',''
  ) );
#7404 = PCURVE('',#7312,#7405);
#7405 = DEFINITIONAL_REPRESENTATION('',(#7406),#7410);
#7406 = LINE('',#7407,#7408);
#7407 = CARTESIAN_POINT('',(0.,0.));
#7408 = VECTOR('',#7409,1.);
#7409 = DIRECTION('',(1.,0.));
#7410 = ( GEOMETRIC_REPRESENTATION_CONTEXT(2) 
PARAMETRIC_REPRESENTATION_CONTEXT() REPRESENTATION_CONTEXT('2D SPACE',''
  ) );
#7411 = ORIENTED_EDGE('',*,*,#7259,.T.);
#7412 = ORIENTED_EDGE('',*,*,#7204,.T.);
#7413 = ADVANCED_FACE('',(#7414),#7312,.T.);
#7414 = FACE_BOUND('',#7415,.T.);
#7415 = EDGE_LOOP('',(#7416,#7447,#7468,#7469,#7470,#7471,#7472,#7473,
    #7508,#7558));
#7416 = ORIENTED_EDGE('',*,*,#7417,.F.);
#7417 = EDGE_CURVE('',#7418,#7420,#7422,.T.);
#7418 = VERTEX_POINT('',#7419);
#7419 = CARTESIAN_POINT('',(-46.08407832105,-643.1841829835,1.2427E+03)
  );
#7420 = VERTEX_POINT('',#7421);
#7421 = CARTESIAN_POINT('',(-50.,-644.,1.2387E+03));
#7422 = SURFACE_CURVE('',#7423,(#7428,#7435),.PCURVE_S1.);
#7423 = CIRCLE('',#7424,4.);
#7424 = AXIS2_PLACEMENT_3D('',#7425,#7426,#7427);
#7425 = CARTESIAN_POINT('',(-50.,-644.,1.2427E+03));
#7426 = DIRECTION('',(-0.203954254112,0.978980419738,0.));
#7427 = DIRECTION('',(0.978980419738,0.203954254112,0.));
#7428 = PCURVE('',#7312,#7429);
#7429 = DEFINITIONAL_REPRESENTATION('',(#7430),#7434);
#7430 = LINE('',#7431,#7432);
#7431 = CARTESIAN_POINT('',(0.,49.030602688525));
#7432 = VECTOR('',#7433,1.);
#7433 = DIRECTION('',(1.,0.));
#7434 = ( GEOMETRIC_REPRESENTATION_CONTEXT(2) 
PARAMETRIC_REPRESENTATION_CONTEXT() REPRESENTATION_CONTEXT('2D SPACE',''
  ) );
#7435 = PCURVE('',#7436,#7441);
#7436 = SPHERICAL_SURFACE('',#7437,4.);
#7437 = AXIS2_PLACEMENT_3D('',#7438,#7439,#7440);
#7438 = CARTESIAN_POINT('',(-50.,-644.,1.2427E+03));
#7439 = DIRECTION('',(0.,0.,1.));
#7440 = DIRECTION('',(1.,0.,-0.));
#7441 = DEFINITIONAL_REPRESENTATION('',(#7442),#7446);
#7442 = LINE('',#7443,#7444);
#7443 = CARTESIAN_POINT('',(0.20539538919,0.));
#7444 = VECTOR('',#7445,1.);
#7445 = DIRECTION('',(0.,-1.));
#7446 = ( GEOMETRIC_REPRESENTATION_CONTEXT(2) 
PARAMETRIC_REPRESENTATION_CONTEXT() REPRESENTATION_CONTEXT('2D SPACE',''
  ) );
#7447 = ORIENTED_EDGE('',*,*,#7448,.F.);
#7448 = EDGE_CURVE('',#7207,#7418,#7449,.T.);
#7449 = SEAM_CURVE('',#7450,(#7454,#7461),.PCURVE_S1.);
#7450 = LINE('',#7451,#7452);
#7451 = CARTESIAN_POINT('',(-36.08407832105,-691.1841829835,1.2427E+03)
  );
#7452 = VECTOR('',#7453,1.);
#7453 = DIRECTION('',(-0.203954254112,0.978980419738,6.162975822039E-33)
  );
#7454 = PCURVE('',#7312,#7455);
#7455 = DEFINITIONAL_REPRESENTATION('',(#7456),#7460);
#7456 = LINE('',#7457,#7458);
#7457 = CARTESIAN_POINT('',(6.28318530718,-0.));
#7458 = VECTOR('',#7459,1.);
#7459 = DIRECTION('',(0.,1.));
#7460 = ( GEOMETRIC_REPRESENTATION_CONTEXT(2) 
PARAMETRIC_REPRESENTATION_CONTEXT() REPRESENTATION_CONTEXT('2D SPACE',''
  ) );
#7461 = PCURVE('',#7312,#7462);
#7462 = DEFINITIONAL_REPRESENTATION('',(#7463),#7467);
#7463 = LINE('',#7464,#7465);
#7464 = CARTESIAN_POINT('',(0.,-0.));
#7465 = VECTOR('',#7466,1.);
#7466 = DIRECTION('',(0.,1.));
#7467 = ( GEOMETRIC_REPRESENTATION_CONTEXT(2) 
PARAMETRIC_REPRESENTATION_CONTEXT() REPRESENTATION_CONTEXT('2D SPACE',''
  ) );
#7468 = ORIENTED_EDGE('',*,*,#7337,.T.);
#7469 = ORIENTED_EDGE('',*,*,#7282,.T.);
#7470 = ORIENTED_EDGE('',*,*,#7391,.T.);
#7471 = ORIENTED_EDGE('',*,*,#7368,.T.);
#7472 = ORIENTED_EDGE('',*,*,#7448,.T.);
#7473 = ORIENTED_EDGE('',*,*,#7474,.F.);
#7474 = EDGE_CURVE('',#7475,#7418,#7477,.T.);
#7475 = VERTEX_POINT('',#7476);
#7476 = CARTESIAN_POINT('',(-46.,-644.,1.243515817017E+03));
#7477 = SURFACE_CURVE('',#7478,(#7483,#7493),.PCURVE_S1.);
#7478 = ELLIPSE('',#7479,5.656854249492,4.);
#7479 = AXIS2_PLACEMENT_3D('',#7480,#7481,#7482);
#7480 = CARTESIAN_POINT('',(-50.,-644.,1.2427E+03));
#7481 = DIRECTION('',(-0.144217436134,0.692243693445,0.707106781187));
#7482 = DIRECTION('',(-0.144217436134,0.692243693445,-0.707106781187));
#7483 = PCURVE('',#7312,#7484);
#7484 = DEFINITIONAL_REPRESENTATION('',(#7485),#7492);
#7485 = B_SPLINE_CURVE_WITH_KNOTS('',5,(#7486,#7487,#7488,#7489,#7490,
    #7491),.UNSPECIFIED.,.F.,.F.,(6,6),(4.506993591181,4.712388980385),
  .PIECEWISE_BEZIER_KNOTS.);
#7486 = CARTESIAN_POINT('',(6.077789917976,48.214785672022));
#7487 = CARTESIAN_POINT('',(6.118868995816,48.375648123489));
#7488 = CARTESIAN_POINT('',(6.159948073657,48.538231428387));
#7489 = CARTESIAN_POINT('',(6.201027151498,48.701970064968));
#7490 = CARTESIAN_POINT('',(6.242106229339,48.866286377162));
#7491 = CARTESIAN_POINT('',(6.28318530718,49.030602688525));
#7492 = ( GEOMETRIC_REPRESENTATION_CONTEXT(2) 
PARAMETRIC_REPRESENTATION_CONTEXT() REPRESENTATION_CONTEXT('2D SPACE',''
  ) );
#7493 = PCURVE('',#7494,#7499);
#7494 = CYLINDRICAL_SURFACE('',#7495,4.);
#7495 = AXIS2_PLACEMENT_3D('',#7496,#7497,#7498);
#7496 = CARTESIAN_POINT('',(-50.,-644.,1.2427E+03));
#7497 = DIRECTION('',(0.,0.,1.));
#7498 = DIRECTION('',(1.,0.,-0.));
#7499 = DEFINITIONAL_REPRESENTATION('',(#7500),#7507);
#7500 = B_SPLINE_CURVE_WITH_KNOTS('',5,(#7501,#7502,#7503,#7504,#7505,
    #7506),.UNSPECIFIED.,.F.,.F.,(6,6),(4.506993591181,4.712388980385),
  .PIECEWISE_BEZIER_KNOTS.);
#7501 = CARTESIAN_POINT('',(-1.412558958691E-11,0.815817016503));
#7502 = CARTESIAN_POINT('',(4.107907782665E-02,0.654954565036));
#7503 = CARTESIAN_POINT('',(8.215815566742E-02,0.492371260138));
#7504 = CARTESIAN_POINT('',(0.123237233508,0.328632623557));
#7505 = CARTESIAN_POINT('',(0.164316311349,0.164316311363));
#7506 = CARTESIAN_POINT('',(0.20539538919,0.));
#7507 = ( GEOMETRIC_REPRESENTATION_CONTEXT(2) 
PARAMETRIC_REPRESENTATION_CONTEXT() REPRESENTATION_CONTEXT('2D SPACE',''
  ) );
#7508 = ORIENTED_EDGE('',*,*,#7509,.F.);
#7509 = EDGE_CURVE('',#7510,#7475,#7512,.T.);
#7510 = VERTEX_POINT('',#7511);
#7511 = CARTESIAN_POINT('',(-53.91592167895,-644.8158170164,1.2427E+03)
  );
#7512 = SURFACE_CURVE('',#7513,(#7518,#7538),.PCURVE_S1.);
#7513 = ELLIPSE('',#7514,5.656854249492,4.);
#7514 = AXIS2_PLACEMENT_3D('',#7515,#7516,#7517);
#7515 = CARTESIAN_POINT('',(-50.,-644.,1.2427E+03));
#7516 = DIRECTION('',(-0.144217436134,0.692243693445,0.707106781187));
#7517 = DIRECTION('',(-0.144217436134,0.692243693445,-0.707106781187));
#7518 = PCURVE('',#7312,#7519);
#7519 = DEFINITIONAL_REPRESENTATION('',(#7520),#7537);
#7520 = B_SPLINE_CURVE_WITH_KNOTS('',8,(#7521,#7522,#7523,#7524,#7525,
    #7526,#7527,#7528,#7529,#7530,#7531,#7532,#7533,#7534,#7535,#7536),
  .UNSPECIFIED.,.F.,.F.,(9,7,9),(1.570796191366,3.038894891273,
    4.506993591181),.UNSPECIFIED.);
#7521 = CARTESIAN_POINT('',(3.141592518161,49.03060323024));
#7522 = CARTESIAN_POINT('',(3.325104855649,48.296553880287));
#7523 = CARTESIAN_POINT('',(3.508617193138,47.56250440349));
#7524 = CARTESIAN_POINT('',(3.692129530604,46.866124977911));
#7525 = CARTESIAN_POINT('',(3.875641868115,46.245080549386));
#7526 = CARTESIAN_POINT('',(4.059154205577,45.732993395912));
#7527 = CARTESIAN_POINT('',(4.242666543093,45.355323330732));
#7528 = CARTESIAN_POINT('',(4.42617888058,45.12693059954));
#7529 = CARTESIAN_POINT('',(4.793203555557,44.976425033539));
#7530 = CARTESIAN_POINT('',(4.976715893036,45.054312177039));
#7531 = CARTESIAN_POINT('',(5.160228230558,45.289200324973));
#7532 = CARTESIAN_POINT('',(5.343740567972,45.673951852281));
#7533 = CARTESIAN_POINT('',(5.527252905533,46.190000675851));
#7534 = CARTESIAN_POINT('',(5.710765242991,46.808944662895));
#7535 = CARTESIAN_POINT('',(5.894277580487,47.496165731298));
#7536 = CARTESIAN_POINT('',(6.077789917976,48.214785672022));
#7537 = ( GEOMETRIC_REPRESENTATION_CONTEXT(2) 
PARAMETRIC_REPRESENTATION_CONTEXT() REPRESENTATION_CONTEXT('2D SPACE',''
  ) );
#7538 = PCURVE('',#7494,#7539);
#7539 = DEFINITIONAL_REPRESENTATION('',(#7540),#7557);
#7540 = B_SPLINE_CURVE_WITH_KNOTS('',8,(#7541,#7542,#7543,#7544,#7545,
    #7546,#7547,#7548,#7549,#7550,#7551,#7552,#7553,#7554,#7555,#7556),
  .UNSPECIFIED.,.F.,.F.,(9,7,9),(1.570796191366,3.038894891273,
    4.506993591181),.UNSPECIFIED.);
#7541 = CARTESIAN_POINT('',(3.346987907351,-5.417150532594E-07));
#7542 = CARTESIAN_POINT('',(3.530500244839,0.734048808239));
#7543 = CARTESIAN_POINT('',(3.714012582324,1.468098285041));
#7544 = CARTESIAN_POINT('',(3.897524919819,2.164477710552));
#7545 = CARTESIAN_POINT('',(4.081037257292,2.785522139066));
#7546 = CARTESIAN_POINT('',(4.264549594795,3.297609292596));
#7547 = CARTESIAN_POINT('',(4.448061932279,3.675279357794));
#7548 = CARTESIAN_POINT('',(4.63157426977,3.903672088985));
#7549 = CARTESIAN_POINT('',(4.998598944747,4.054177654986));
#7550 = CARTESIAN_POINT('',(5.182111282234,3.976290511523));
#7551 = CARTESIAN_POINT('',(5.365623619698,3.741402363285));
#7552 = CARTESIAN_POINT('',(5.549135957226,3.356650836446));
#7553 = CARTESIAN_POINT('',(5.73264829467,2.840602012484));
#7554 = CARTESIAN_POINT('',(5.91616063219,2.221658025662));
#7555 = CARTESIAN_POINT('',(6.099672969677,1.534436957227));
#7556 = CARTESIAN_POINT('',(6.283185307165,0.815817016503));
#7557 = ( GEOMETRIC_REPRESENTATION_CONTEXT(2) 
PARAMETRIC_REPRESENTATION_CONTEXT() REPRESENTATION_CONTEXT('2D SPACE',''
  ) );
#7558 = ORIENTED_EDGE('',*,*,#7559,.F.);
#7559 = EDGE_CURVE('',#7420,#7510,#7560,.T.);
#7560 = SURFACE_CURVE('',#7561,(#7566,#7573),.PCURVE_S1.);
#7561 = CIRCLE('',#7562,4.);
#7562 = AXIS2_PLACEMENT_3D('',#7563,#7564,#7565);
#7563 = CARTESIAN_POINT('',(-50.,-644.,1.2427E+03));
#7564 = DIRECTION('',(-0.203954254112,0.978980419738,0.));
#7565 = DIRECTION('',(0.978980419738,0.203954254112,0.));
#7566 = PCURVE('',#7312,#7567);
#7567 = DEFINITIONAL_REPRESENTATION('',(#7568),#7572);
#7568 = LINE('',#7569,#7570);
#7569 = CARTESIAN_POINT('',(0.,49.030602688525));
#7570 = VECTOR('',#7571,1.);
#7571 = DIRECTION('',(1.,0.));
#7572 = ( GEOMETRIC_REPRESENTATION_CONTEXT(2) 
PARAMETRIC_REPRESENTATION_CONTEXT() REPRESENTATION_CONTEXT('2D SPACE',''
  ) );
#7573 = PCURVE('',#7436,#7574);
#7574 = DEFINITIONAL_REPRESENTATION('',(#7575),#7579);
#7575 = LINE('',#7576,#7577);
#7576 = CARTESIAN_POINT('',(3.34698804278,-3.14159265359));
#7577 = VECTOR('',#7578,1.);
#7578 = DIRECTION('',(-0.,1.));
#7579 = ( GEOMETRIC_REPRESENTATION_CONTEXT(2) 
PARAMETRIC_REPRESENTATION_CONTEXT() REPRESENTATION_CONTEXT('2D SPACE',''
  ) );
#7580 = ADVANCED_FACE('',(#7581),#7436,.T.);
#7581 = FACE_BOUND('',#7582,.T.);
#7582 = EDGE_LOOP('',(#7583,#7584,#7585));
#7583 = ORIENTED_EDGE('',*,*,#7417,.T.);
#7584 = ORIENTED_EDGE('',*,*,#7559,.T.);
#7585 = ORIENTED_EDGE('',*,*,#7586,.F.);
#7586 = EDGE_CURVE('',#7418,#7510,#7587,.T.);
#7587 = SURFACE_CURVE('',#7588,(#7593,#7600),.PCURVE_S1.);
#7588 = CIRCLE('',#7589,4.);
#7589 = AXIS2_PLACEMENT_3D('',#7590,#7591,#7592);
#7590 = CARTESIAN_POINT('',(-50.,-644.,1.2427E+03));
#7591 = DIRECTION('',(0.,0.,1.));
#7592 = DIRECTION('',(1.,0.,-0.));
#7593 = PCURVE('',#7436,#7594);
#7594 = DEFINITIONAL_REPRESENTATION('',(#7595),#7599);
#7595 = LINE('',#7596,#7597);
#7596 = CARTESIAN_POINT('',(0.,0.));
#7597 = VECTOR('',#7598,1.);
#7598 = DIRECTION('',(1.,0.));
#7599 = ( GEOMETRIC_REPRESENTATION_CONTEXT(2) 
PARAMETRIC_REPRESENTATION_CONTEXT() REPRESENTATION_CONTEXT('2D SPACE',''
  ) );
#7600 = PCURVE('',#7494,#7601);
#7601 = DEFINITIONAL_REPRESENTATION('',(#7602),#7606);
#7602 = LINE('',#7603,#7604);
#7603 = CARTESIAN_POINT('',(0.,0.));
#7604 = VECTOR('',#7605,1.);
#7605 = DIRECTION('',(1.,0.));
#7606 = ( GEOMETRIC_REPRESENTATION_CONTEXT(2) 
PARAMETRIC_REPRESENTATION_CONTEXT() REPRESENTATION_CONTEXT('2D SPACE',''
  ) );
#7607 = ADVANCED_FACE('',(#7608),#7494,.T.);
#7608 = FACE_BOUND('',#7609,.T.);
#7609 = EDGE_LOOP('',(#7610,#7633,#7660,#7661,#7662,#7663));
#7610 = ORIENTED_EDGE('',*,*,#7611,.T.);
#7611 = EDGE_CURVE('',#7475,#7612,#7614,.T.);
#7612 = VERTEX_POINT('',#7613);
#7613 = CARTESIAN_POINT('',(-46.,-644.,1.317E+03));
#7614 = SEAM_CURVE('',#7615,(#7619,#7626),.PCURVE_S1.);
#7615 = LINE('',#7616,#7617);
#7616 = CARTESIAN_POINT('',(-46.,-644.,1.2427E+03));
#7617 = VECTOR('',#7618,1.);
#7618 = DIRECTION('',(0.,0.,1.));
#7619 = PCURVE('',#7494,#7620);
#7620 = DEFINITIONAL_REPRESENTATION('',(#7621),#7625);
#7621 = LINE('',#7622,#7623);
#7622 = CARTESIAN_POINT('',(6.28318530718,-0.));
#7623 = VECTOR('',#7624,1.);
#7624 = DIRECTION('',(0.,1.));
#7625 = ( GEOMETRIC_REPRESENTATION_CONTEXT(2) 
PARAMETRIC_REPRESENTATION_CONTEXT() REPRESENTATION_CONTEXT('2D SPACE',''
  ) );
#7626 = PCURVE('',#7494,#7627);
#7627 = DEFINITIONAL_REPRESENTATION('',(#7628),#7632);
#7628 = LINE('',#7629,#7630);
#7629 = CARTESIAN_POINT('',(0.,-0.));
#7630 = VECTOR('',#7631,1.);
#7631 = DIRECTION('',(0.,1.));
#7632 = ( GEOMETRIC_REPRESENTATION_CONTEXT(2) 
PARAMETRIC_REPRESENTATION_CONTEXT() REPRESENTATION_CONTEXT('2D SPACE',''
  ) );
#7633 = ORIENTED_EDGE('',*,*,#7634,.F.);
#7634 = EDGE_CURVE('',#7612,#7612,#7635,.T.);
#7635 = SURFACE_CURVE('',#7636,(#7641,#7648),.PCURVE_S1.);
#7636 = CIRCLE('',#7637,4.);
#7637 = AXIS2_PLACEMENT_3D('',#7638,#7639,#7640);
#7638 = CARTESIAN_POINT('',(-50.,-644.,1.317E+03));
#7639 = DIRECTION('',(0.,0.,1.));
#7640 = DIRECTION('',(1.,0.,-0.));
#7641 = PCURVE('',#7494,#7642);
#7642 = DEFINITIONAL_REPRESENTATION('',(#7643),#7647);
#7643 = LINE('',#7644,#7645);
#7644 = CARTESIAN_POINT('',(0.,74.3));
#7645 = VECTOR('',#7646,1.);
#7646 = DIRECTION('',(1.,0.));
#7647 = ( GEOMETRIC_REPRESENTATION_CONTEXT(2) 
PARAMETRIC_REPRESENTATION_CONTEXT() REPRESENTATION_CONTEXT('2D SPACE',''
  ) );
#7648 = PCURVE('',#7649,#7654);
#7649 = PLANE('',#7650);
#7650 = AXIS2_PLACEMENT_3D('',#7651,#7652,#7653);
#7651 = CARTESIAN_POINT('',(-50.,-644.,1.317E+03));
#7652 = DIRECTION('',(0.,0.,1.));
#7653 = DIRECTION('',(1.,0.,-0.));
#7654 = DEFINITIONAL_REPRESENTATION('',(#7655),#7659);
#7655 = CIRCLE('',#7656,4.);
#7656 = AXIS2_PLACEMENT_2D('',#7657,#7658);
#7657 = CARTESIAN_POINT('',(0.,0.));
#7658 = DIRECTION('',(1.,0.));
#7659 = ( GEOMETRIC_REPRESENTATION_CONTEXT(2) 
PARAMETRIC_REPRESENTATION_CONTEXT() REPRESENTATION_CONTEXT('2D SPACE',''
  ) );
#7660 = ORIENTED_EDGE('',*,*,#7611,.F.);
#7661 = ORIENTED_EDGE('',*,*,#7474,.T.);
#7662 = ORIENTED_EDGE('',*,*,#7586,.T.);
#7663 = ORIENTED_EDGE('',*,*,#7509,.T.);
#7664 = ADVANCED_FACE('',(#7665),#7649,.T.);
#7665 = FACE_BOUND('',#7666,.T.);
#7666 = EDGE_LOOP('',(#7667));
#7667 = ORIENTED_EDGE('',*,*,#7634,.T.);
#7668 = MANIFOLD_SOLID_BREP('',#7669);
#7669 = CLOSED_SHELL('',(#7670,#7866,#8021,#8222,#8249,#8391,#8600,#8753
    ,#8803,#8938,#8987,#9044,#9048,#9054,#9060,#9066,#9072));
#7670 = ADVANCED_FACE('',(#7671),#7684,.T.);
#7671 = FACE_BOUND('',#7672,.T.);
#7672 = EDGE_LOOP('',(#7673,#7707,#7730,#7759,#7814,#7844,#7865));
#7673 = ORIENTED_EDGE('',*,*,#7674,.T.);
#7674 = EDGE_CURVE('',#7675,#7675,#7677,.T.);
#7675 = VERTEX_POINT('',#7676);
#7676 = CARTESIAN_POINT('',(-100.,600.,1.19E+03));
#7677 = SURFACE_CURVE('',#7678,(#7683,#7695),.PCURVE_S1.);
#7678 = CIRCLE('',#7679,4.);
#7679 = AXIS2_PLACEMENT_3D('',#7680,#7681,#7682);
#7680 = CARTESIAN_POINT('',(-100.,600.,1.194E+03));
#7681 = DIRECTION('',(0.,-1.,0.));
#7682 = DIRECTION('',(0.,-0.,-1.));
#7683 = PCURVE('',#7684,#7689);
#7684 = CYLINDRICAL_SURFACE('',#7685,4.);
#7685 = AXIS2_PLACEMENT_3D('',#7686,#7687,#7688);
#7686 = CARTESIAN_POINT('',(-100.,600.,1.194E+03));
#7687 = DIRECTION('',(0.,-1.,0.));
#7688 = DIRECTION('',(0.,-0.,-1.));
#7689 = DEFINITIONAL_REPRESENTATION('',(#7690),#7694);
#7690 = LINE('',#7691,#7692);
#7691 = CARTESIAN_POINT('',(0.,0.));
#7692 = VECTOR('',#7693,1.);
#7693 = DIRECTION('',(1.,0.));
#7694 = ( GEOMETRIC_REPRESENTATION_CONTEXT(2) 
PARAMETRIC_REPRESENTATION_CONTEXT() REPRESENTATION_CONTEXT('2D SPACE',''
  ) );
#7695 = PCURVE('',#7696,#7701);
#7696 = PLANE('',#7697);
#7697 = AXIS2_PLACEMENT_3D('',#7698,#7699,#7700);
#7698 = CARTESIAN_POINT('',(-100.,600.,1.194E+03));
#7699 = DIRECTION('',(0.,-1.,0.));
#7700 = DIRECTION('',(0.,-0.,-1.));
#7701 = DEFINITIONAL_REPRESENTATION('',(#7702),#7706);
#7702 = CIRCLE('',#7703,4.);
#7703 = AXIS2_PLACEMENT_2D('',#7704,#7705);
#7704 = CARTESIAN_POINT('',(0.,0.));
#7705 = DIRECTION('',(1.,0.));
#7706 = ( GEOMETRIC_REPRESENTATION_CONTEXT(2) 
PARAMETRIC_REPRESENTATION_CONTEXT() REPRESENTATION_CONTEXT('2D SPACE',''
  ) );
#7707 = ORIENTED_EDGE('',*,*,#7708,.T.);
#7708 = EDGE_CURVE('',#7675,#7709,#7711,.T.);
#7709 = VERTEX_POINT('',#7710);
#7710 = CARTESIAN_POINT('',(-100.,508.,1.19E+03));
#7711 = SEAM_CURVE('',#7712,(#7716,#7723),.PCURVE_S1.);
#7712 = LINE('',#7713,#7714);
#7713 = CARTESIAN_POINT('',(-100.,600.,1.19E+03));
#7714 = VECTOR('',#7715,1.);
#7715 = DIRECTION('',(0.,-1.,0.));
#7716 = PCURVE('',#7684,#7717);
#7717 = DEFINITIONAL_REPRESENTATION('',(#7718),#7722);
#7718 = LINE('',#7719,#7720);
#7719 = CARTESIAN_POINT('',(0.,-0.));
#7720 = VECTOR('',#7721,1.);
#7721 = DIRECTION('',(0.,1.));
#7722 = ( GEOMETRIC_REPRESENTATION_CONTEXT(2) 
PARAMETRIC_REPRESENTATION_CONTEXT() REPRESENTATION_CONTEXT('2D SPACE',''
  ) );
#7723 = PCURVE('',#7684,#7724);
#7724 = DEFINITIONAL_REPRESENTATION('',(#7725),#7729);
#7725 = LINE('',#7726,#7727);
#7726 = CARTESIAN_POINT('',(6.28318530718,-0.));
#7727 = VECTOR('',#7728,1.);
#7728 = DIRECTION('',(0.,1.));
#7729 = ( GEOMETRIC_REPRESENTATION_CONTEXT(2) 
PARAMETRIC_REPRESENTATION_CONTEXT() REPRESENTATION_CONTEXT('2D SPACE',''
  ) );
#7730 = ORIENTED_EDGE('',*,*,#7731,.F.);
#7731 = EDGE_CURVE('',#7732,#7709,#7734,.T.);
#7732 = VERTEX_POINT('',#7733);
#7733 = CARTESIAN_POINT('',(-104.,508.,1.194E+03));
#7734 = SURFACE_CURVE('',#7735,(#7740,#7747),.PCURVE_S1.);
#7735 = CIRCLE('',#7736,4.);
#7736 = AXIS2_PLACEMENT_3D('',#7737,#7738,#7739);
#7737 = CARTESIAN_POINT('',(-100.,508.,1.194E+03));
#7738 = DIRECTION('',(0.,-1.,0.));
#7739 = DIRECTION('',(0.,-0.,-1.));
#7740 = PCURVE('',#7684,#7741);
#7741 = DEFINITIONAL_REPRESENTATION('',(#7742),#7746);
#7742 = LINE('',#7743,#7744);
#7743 = CARTESIAN_POINT('',(0.,92.));
#7744 = VECTOR('',#7745,1.);
#7745 = DIRECTION('',(1.,0.));
#7746 = ( GEOMETRIC_REPRESENTATION_CONTEXT(2) 
PARAMETRIC_REPRESENTATION_CONTEXT() REPRESENTATION_CONTEXT('2D SPACE',''
  ) );
#7747 = PCURVE('',#7748,#7753);
#7748 = SPHERICAL_SURFACE('',#7749,4.);
#7749 = AXIS2_PLACEMENT_3D('',#7750,#7751,#7752);
#7750 = CARTESIAN_POINT('',(-100.,508.,1.194E+03));
#7751 = DIRECTION('',(0.,0.,1.));
#7752 = DIRECTION('',(1.,0.,-0.));
#7753 = DEFINITIONAL_REPRESENTATION('',(#7754),#7758);
#7754 = LINE('',#7755,#7756);
#7755 = CARTESIAN_POINT('',(3.14159265359,4.712388980385));
#7756 = VECTOR('',#7757,1.);
#7757 = DIRECTION('',(0.,-1.));
#7758 = ( GEOMETRIC_REPRESENTATION_CONTEXT(2) 
PARAMETRIC_REPRESENTATION_CONTEXT() REPRESENTATION_CONTEXT('2D SPACE',''
  ) );
#7759 = ORIENTED_EDGE('',*,*,#7760,.F.);
#7760 = EDGE_CURVE('',#7761,#7732,#7763,.T.);
#7761 = VERTEX_POINT('',#7762);
#7762 = CARTESIAN_POINT('',(-96.00000000001,508.00001048959,
    1.19400001049E+03));
#7763 = SURFACE_CURVE('',#7764,(#7769,#7789),.PCURVE_S1.);
#7764 = ELLIPSE('',#7765,5.656854249492,4.);
#7765 = AXIS2_PLACEMENT_3D('',#7766,#7767,#7768);
#7766 = CARTESIAN_POINT('',(-100.,508.,1.194E+03));
#7767 = DIRECTION('',(0.,-0.707106781187,0.707106781187));
#7768 = DIRECTION('',(0.,-0.707106781187,-0.707106781187));
#7769 = PCURVE('',#7684,#7770);
#7770 = DEFINITIONAL_REPRESENTATION('',(#7771),#7788);
#7771 = B_SPLINE_CURVE_WITH_KNOTS('',8,(#7772,#7773,#7774,#7775,#7776,
    #7777,#7778,#7779,#7780,#7781,#7782,#7783,#7784,#7785,#7786,#7787),
  .UNSPECIFIED.,.F.,.F.,(9,7,9),(1.570798949193,3.141594002289,
    4.712389055385),.UNSPECIFIED.);
#7772 = CARTESIAN_POINT('',(1.570798949193,91.999989510407));
#7773 = CARTESIAN_POINT('',(1.76714833083,91.214591983862));
#7774 = CARTESIAN_POINT('',(1.963497712466,90.429194732962));
#7775 = CARTESIAN_POINT('',(2.159847094102,89.689939650241));
#7776 = CARTESIAN_POINT('',(2.35619647573,89.042959341721));
#7777 = CARTESIAN_POINT('',(2.552545857376,88.528723841591));
#7778 = CARTESIAN_POINT('',(2.748895239014,88.176240699599));
#7779 = CARTESIAN_POINT('',(2.945244620652,87.999998940739));
#7780 = CARTESIAN_POINT('',(3.337943383926,88.000001059269));
#7781 = CARTESIAN_POINT('',(3.534292765564,88.176244936607));
#7782 = CARTESIAN_POINT('',(3.730642147202,88.52873007278));
#7783 = CARTESIAN_POINT('',(3.926991528821,89.042967317451));
#7784 = CARTESIAN_POINT('',(4.123340910475,89.689949013933));
#7785 = CARTESIAN_POINT('',(4.319690292112,90.429205047112));
#7786 = CARTESIAN_POINT('',(4.516039673748,91.214602773452));
#7787 = CARTESIAN_POINT('',(4.712389055385,92.0000003));
#7788 = ( GEOMETRIC_REPRESENTATION_CONTEXT(2) 
PARAMETRIC_REPRESENTATION_CONTEXT() REPRESENTATION_CONTEXT('2D SPACE',''
  ) );
#7789 = PCURVE('',#7790,#7795);
#7790 = CYLINDRICAL_SURFACE('',#7791,4.);
#7791 = AXIS2_PLACEMENT_3D('',#7792,#7793,#7794);
#7792 = CARTESIAN_POINT('',(-100.,508.,1.194E+03));
#7793 = DIRECTION('',(0.,0.,1.));
#7794 = DIRECTION('',(1.,0.,-0.));
#7795 = DEFINITIONAL_REPRESENTATION('',(#7796),#7813);
#7796 = B_SPLINE_CURVE_WITH_KNOTS('',8,(#7797,#7798,#7799,#7800,#7801,
    #7802,#7803,#7804,#7805,#7806,#7807,#7808,#7809,#7810,#7811,#7812),
  .UNSPECIFIED.,.F.,.F.,(9,7,9),(1.570798949193,3.141594002289,
    4.712389055385),.UNSPECIFIED.);
#7797 = CARTESIAN_POINT('',(2.622398298516E-06,1.04895932509E-05));
#7798 = CARTESIAN_POINT('',(0.196352004035,0.785408016138));
#7799 = CARTESIAN_POINT('',(0.392701385672,1.570805266977));
#7800 = CARTESIAN_POINT('',(0.589050767309,2.310060349613));
#7801 = CARTESIAN_POINT('',(0.785400148944,2.95704065835));
#7802 = CARTESIAN_POINT('',(0.981749530582,3.471276158374));
#7803 = CARTESIAN_POINT('',(1.17809891222,3.823759300396));
#7804 = CARTESIAN_POINT('',(1.374448293857,4.000001059261));
#7805 = CARTESIAN_POINT('',(1.767147057131,3.999998940731));
#7806 = CARTESIAN_POINT('',(1.963496438766,3.823755063341));
#7807 = CARTESIAN_POINT('',(2.159845820406,3.47126992723));
#7808 = CARTESIAN_POINT('',(2.356195202032,2.957032682081));
#7809 = CARTESIAN_POINT('',(2.552544583685,2.310050986187));
#7810 = CARTESIAN_POINT('',(2.748893965314,1.570794952792));
#7811 = CARTESIAN_POINT('',(2.945243346953,0.785397226548));
#7812 = CARTESIAN_POINT('',(3.14159272859,-3.000000106113E-07));
#7813 = ( GEOMETRIC_REPRESENTATION_CONTEXT(2) 
PARAMETRIC_REPRESENTATION_CONTEXT() REPRESENTATION_CONTEXT('2D SPACE',''
  ) );
#7814 = ORIENTED_EDGE('',*,*,#7815,.F.);
#7815 = EDGE_CURVE('',#7816,#7761,#7818,.T.);
#7816 = VERTEX_POINT('',#7817);
#7817 = CARTESIAN_POINT('',(-96.,508.,1.194E+03));
#7818 = SURFACE_CURVE('',#7819,(#7824,#7834),.PCURVE_S1.);
#7819 = ELLIPSE('',#7820,5.656854249492,4.);
#7820 = AXIS2_PLACEMENT_3D('',#7821,#7822,#7823);
#7821 = CARTESIAN_POINT('',(-100.,508.,1.194E+03));
#7822 = DIRECTION('',(0.,-0.707106781187,0.707106781187));
#7823 = DIRECTION('',(0.,-0.707106781187,-0.707106781187));
#7824 = PCURVE('',#7684,#7825);
#7825 = DEFINITIONAL_REPRESENTATION('',(#7826),#7833);
#7826 = B_SPLINE_CURVE_WITH_KNOTS('',5,(#7827,#7828,#7829,#7830,#7831,
    #7832),.UNSPECIFIED.,.F.,.F.,(6,6),(1.570796251795,1.570798949193),
  .PIECEWISE_BEZIER_KNOTS.);
#7827 = CARTESIAN_POINT('',(1.570796251795,92.0000003));
#7828 = CARTESIAN_POINT('',(1.570796791275,91.999998142081));
#7829 = CARTESIAN_POINT('',(1.570797330754,91.999995984163));
#7830 = CARTESIAN_POINT('',(1.570797870234,91.999993826244));
#7831 = CARTESIAN_POINT('',(1.570798409714,91.999991668325));
#7832 = CARTESIAN_POINT('',(1.570798949193,91.999989510407));
#7833 = ( GEOMETRIC_REPRESENTATION_CONTEXT(2) 
PARAMETRIC_REPRESENTATION_CONTEXT() REPRESENTATION_CONTEXT('2D SPACE',''
  ) );
#7834 = PCURVE('',#7790,#7835);
#7835 = DEFINITIONAL_REPRESENTATION('',(#7836),#7843);
#7836 = B_SPLINE_CURVE_WITH_KNOTS('',5,(#7837,#7838,#7839,#7840,#7841,
    #7842),.UNSPECIFIED.,.F.,.F.,(6,6),(1.570796251795,1.570798949193),
  .PIECEWISE_BEZIER_KNOTS.);
#7837 = CARTESIAN_POINT('',(-7.500000265281E-08,-3.000000106113E-07));
#7838 = CARTESIAN_POINT('',(4.644796575803E-07,1.857918630321E-06));
#7839 = CARTESIAN_POINT('',(1.003959284624E-06,4.01583760852E-06));
#7840 = CARTESIAN_POINT('',(1.543439004846E-06,6.173755436046E-06));
#7841 = CARTESIAN_POINT('',(2.082918638283E-06,8.33167460997E-06));
#7842 = CARTESIAN_POINT('',(2.622398298516E-06,1.04895932509E-05));
#7843 = ( GEOMETRIC_REPRESENTATION_CONTEXT(2) 
PARAMETRIC_REPRESENTATION_CONTEXT() REPRESENTATION_CONTEXT('2D SPACE',''
  ) );
#7844 = ORIENTED_EDGE('',*,*,#7845,.F.);
#7845 = EDGE_CURVE('',#7709,#7816,#7846,.T.);
#7846 = SURFACE_CURVE('',#7847,(#7852,#7859),.PCURVE_S1.);
#7847 = CIRCLE('',#7848,4.);
#7848 = AXIS2_PLACEMENT_3D('',#7849,#7850,#7851);
#7849 = CARTESIAN_POINT('',(-100.,508.,1.194E+03));
#7850 = DIRECTION('',(0.,-1.,0.));
#7851 = DIRECTION('',(0.,-0.,-1.));
#7852 = PCURVE('',#7684,#7853);
#7853 = DEFINITIONAL_REPRESENTATION('',(#7854),#7858);
#7854 = LINE('',#7855,#7856);
#7855 = CARTESIAN_POINT('',(0.,92.));
#7856 = VECTOR('',#7857,1.);
#7857 = DIRECTION('',(1.,0.));
#7858 = ( GEOMETRIC_REPRESENTATION_CONTEXT(2) 
PARAMETRIC_REPRESENTATION_CONTEXT() REPRESENTATION_CONTEXT('2D SPACE',''
  ) );
#7859 = PCURVE('',#7748,#7860);
#7860 = DEFINITIONAL_REPRESENTATION('',(#7861),#7864);
#7861 = B_SPLINE_CURVE_WITH_KNOTS('',1,(#7862,#7863),.UNSPECIFIED.,.F.,
  .F.,(2,2),(0.,1.570796326795),.PIECEWISE_BEZIER_KNOTS.);
#7862 = CARTESIAN_POINT('',(6.28318530718,-1.570796326795));
#7863 = CARTESIAN_POINT('',(6.28318530718,0.));
#7864 = ( GEOMETRIC_REPRESENTATION_CONTEXT(2) 
PARAMETRIC_REPRESENTATION_CONTEXT() REPRESENTATION_CONTEXT('2D SPACE',''
  ) );
#7865 = ORIENTED_EDGE('',*,*,#7708,.F.);
#7866 = ADVANCED_FACE('',(#7867),#7790,.T.);
#7867 = FACE_BOUND('',#7868,.T.);
#7868 = EDGE_LOOP('',(#7869,#7900,#7921,#7922,#7923,#7945,#7946,#7987));
#7869 = ORIENTED_EDGE('',*,*,#7870,.F.);
#7870 = EDGE_CURVE('',#7871,#7873,#7875,.T.);
#7871 = VERTEX_POINT('',#7872);
#7872 = CARTESIAN_POINT('',(-96.,508.,1.5413E+03));
#7873 = VERTEX_POINT('',#7874);
#7874 = CARTESIAN_POINT('',(-104.,508.,1.5413E+03));
#7875 = SURFACE_CURVE('',#7876,(#7881,#7888),.PCURVE_S1.);
#7876 = CIRCLE('',#7877,4.);
#7877 = AXIS2_PLACEMENT_3D('',#7878,#7879,#7880);
#7878 = CARTESIAN_POINT('',(-100.,508.,1.5413E+03));
#7879 = DIRECTION('',(0.,0.,1.));
#7880 = DIRECTION('',(1.,0.,-0.));
#7881 = PCURVE('',#7790,#7882);
#7882 = DEFINITIONAL_REPRESENTATION('',(#7883),#7887);
#7883 = LINE('',#7884,#7885);
#7884 = CARTESIAN_POINT('',(0.,347.3));
#7885 = VECTOR('',#7886,1.);
#7886 = DIRECTION('',(1.,0.));
#7887 = ( GEOMETRIC_REPRESENTATION_CONTEXT(2) 
PARAMETRIC_REPRESENTATION_CONTEXT() REPRESENTATION_CONTEXT('2D SPACE',''
  ) );
#7888 = PCURVE('',#7889,#7894);
#7889 = SPHERICAL_SURFACE('',#7890,4.);
#7890 = AXIS2_PLACEMENT_3D('',#7891,#7892,#7893);
#7891 = CARTESIAN_POINT('',(-100.,508.,1.5413E+03));
#7892 = DIRECTION('',(0.,0.,1.));
#7893 = DIRECTION('',(1.,0.,-0.));
#7894 = DEFINITIONAL_REPRESENTATION('',(#7895),#7899);
#7895 = LINE('',#7896,#7897);
#7896 = CARTESIAN_POINT('',(0.,0.));
#7897 = VECTOR('',#7898,1.);
#7898 = DIRECTION('',(1.,0.));
#7899 = ( GEOMETRIC_REPRESENTATION_CONTEXT(2) 
PARAMETRIC_REPRESENTATION_CONTEXT() REPRESENTATION_CONTEXT('2D SPACE',''
  ) );
#7900 = ORIENTED_EDGE('',*,*,#7901,.F.);
#7901 = EDGE_CURVE('',#7816,#7871,#7902,.T.);
#7902 = SEAM_CURVE('',#7903,(#7907,#7914),.PCURVE_S1.);
#7903 = LINE('',#7904,#7905);
#7904 = CARTESIAN_POINT('',(-96.,508.,1.194E+03));
#7905 = VECTOR('',#7906,1.);
#7906 = DIRECTION('',(0.,0.,1.));
#7907 = PCURVE('',#7790,#7908);
#7908 = DEFINITIONAL_REPRESENTATION('',(#7909),#7913);
#7909 = LINE('',#7910,#7911);
#7910 = CARTESIAN_POINT('',(6.28318530718,-0.));
#7911 = VECTOR('',#7912,1.);
#7912 = DIRECTION('',(0.,1.));
#7913 = ( GEOMETRIC_REPRESENTATION_CONTEXT(2) 
PARAMETRIC_REPRESENTATION_CONTEXT() REPRESENTATION_CONTEXT('2D SPACE',''
  ) );
#7914 = PCURVE('',#7790,#7915);
#7915 = DEFINITIONAL_REPRESENTATION('',(#7916),#7920);
#7916 = LINE('',#7917,#7918);
#7917 = CARTESIAN_POINT('',(0.,-0.));
#7918 = VECTOR('',#7919,1.);
#7919 = DIRECTION('',(0.,1.));
#7920 = ( GEOMETRIC_REPRESENTATION_CONTEXT(2) 
PARAMETRIC_REPRESENTATION_CONTEXT() REPRESENTATION_CONTEXT('2D SPACE',''
  ) );
#7921 = ORIENTED_EDGE('',*,*,#7815,.T.);
#7922 = ORIENTED_EDGE('',*,*,#7760,.T.);
#7923 = ORIENTED_EDGE('',*,*,#7924,.T.);
#7924 = EDGE_CURVE('',#7732,#7816,#7925,.T.);
#7925 = SURFACE_CURVE('',#7926,(#7931,#7938),.PCURVE_S1.);
#7926 = CIRCLE('',#7927,4.);
#7927 = AXIS2_PLACEMENT_3D('',#7928,#7929,#7930);
#7928 = CARTESIAN_POINT('',(-100.,508.,1.194E+03));
#7929 = DIRECTION('',(0.,0.,1.));
#7930 = DIRECTION('',(1.,0.,-0.));
#7931 = PCURVE('',#7790,#7932);
#7932 = DEFINITIONAL_REPRESENTATION('',(#7933),#7937);
#7933 = LINE('',#7934,#7935);
#7934 = CARTESIAN_POINT('',(0.,0.));
#7935 = VECTOR('',#7936,1.);
#7936 = DIRECTION('',(1.,0.));
#7937 = ( GEOMETRIC_REPRESENTATION_CONTEXT(2) 
PARAMETRIC_REPRESENTATION_CONTEXT() REPRESENTATION_CONTEXT('2D SPACE',''
  ) );
#7938 = PCURVE('',#7748,#7939);
#7939 = DEFINITIONAL_REPRESENTATION('',(#7940),#7944);
#7940 = LINE('',#7941,#7942);
#7941 = CARTESIAN_POINT('',(0.,0.));
#7942 = VECTOR('',#7943,1.);
#7943 = DIRECTION('',(1.,0.));
#7944 = ( GEOMETRIC_REPRESENTATION_CONTEXT(2) 
PARAMETRIC_REPRESENTATION_CONTEXT() REPRESENTATION_CONTEXT('2D SPACE',''
  ) );
#7945 = ORIENTED_EDGE('',*,*,#7901,.T.);
#7946 = ORIENTED_EDGE('',*,*,#7947,.F.);
#7947 = EDGE_CURVE('',#7948,#7871,#7950,.T.);
#7948 = VERTEX_POINT('',#7949);
#7949 = CARTESIAN_POINT('',(-100.,504.,1.5373E+03));
#7950 = SURFACE_CURVE('',#7951,(#7956,#7969),.PCURVE_S1.);
#7951 = ELLIPSE('',#7952,5.656854249492,4.);
#7952 = AXIS2_PLACEMENT_3D('',#7953,#7954,#7955);
#7953 = CARTESIAN_POINT('',(-100.,508.,1.5413E+03));
#7954 = DIRECTION('',(0.,-0.707106781187,0.707106781187));
#7955 = DIRECTION('',(0.,0.707106781187,0.707106781187));
#7956 = PCURVE('',#7790,#7957);
#7957 = DEFINITIONAL_REPRESENTATION('',(#7958),#7968);
#7958 = B_SPLINE_CURVE_WITH_KNOTS('',8,(#7959,#7960,#7961,#7962,#7963,
    #7964,#7965,#7966,#7967),.UNSPECIFIED.,.F.,.F.,(9,9),(3.14159265359,
    4.712388980385),.PIECEWISE_BEZIER_KNOTS.);
#7959 = CARTESIAN_POINT('',(4.712388980385,343.3));
#7960 = CARTESIAN_POINT('',(4.908738521234,343.3));
#7961 = CARTESIAN_POINT('',(5.105088062083,343.47624310397));
#7962 = CARTESIAN_POINT('',(5.301437602937,343.82872781425));
#7963 = CARTESIAN_POINT('',(5.49778714378,344.34296499542));
#7964 = CARTESIAN_POINT('',(5.694136684633,344.98994695511));
#7965 = CARTESIAN_POINT('',(5.890486225481,345.72920348664));
#7966 = CARTESIAN_POINT('',(6.08683576633,346.5146018366));
#7967 = CARTESIAN_POINT('',(6.28318530718,347.3));
#7968 = ( GEOMETRIC_REPRESENTATION_CONTEXT(2) 
PARAMETRIC_REPRESENTATION_CONTEXT() REPRESENTATION_CONTEXT('2D SPACE',''
  ) );
#7969 = PCURVE('',#7970,#7975);
#7970 = CYLINDRICAL_SURFACE('',#7971,4.);
#7971 = AXIS2_PLACEMENT_3D('',#7972,#7973,#7974);
#7972 = CARTESIAN_POINT('',(-100.,508.,1.5413E+03));
#7973 = DIRECTION('',(0.,-1.,0.));
#7974 = DIRECTION('',(0.,-0.,-1.));
#7975 = DEFINITIONAL_REPRESENTATION('',(#7976),#7986);
#7976 = B_SPLINE_CURVE_WITH_KNOTS('',8,(#7977,#7978,#7979,#7980,#7981,
    #7982,#7983,#7984,#7985),.UNSPECIFIED.,.F.,.F.,(9,9),(3.14159265359,
    4.712388980385),.PIECEWISE_BEZIER_KNOTS.);
#7977 = CARTESIAN_POINT('',(0.,4.));
#7978 = CARTESIAN_POINT('',(0.196349540849,4.));
#7979 = CARTESIAN_POINT('',(0.392699081698,3.823756896052));
#7980 = CARTESIAN_POINT('',(0.589048622548,3.471272185369));
#7981 = CARTESIAN_POINT('',(0.785398163393,2.95703500228));
#7982 = CARTESIAN_POINT('',(0.981747704247,2.310053044857));
#7983 = CARTESIAN_POINT('',(1.178097245095,1.570796513268));
#7984 = CARTESIAN_POINT('',(1.374446785946,0.785398163397));
#7985 = CARTESIAN_POINT('',(1.570796326795,0.));
#7986 = ( GEOMETRIC_REPRESENTATION_CONTEXT(2) 
PARAMETRIC_REPRESENTATION_CONTEXT() REPRESENTATION_CONTEXT('2D SPACE',''
  ) );
#7987 = ORIENTED_EDGE('',*,*,#7988,.F.);
#7988 = EDGE_CURVE('',#7873,#7948,#7989,.T.);
#7989 = SURFACE_CURVE('',#7990,(#7995,#8008),.PCURVE_S1.);
#7990 = ELLIPSE('',#7991,5.656854249492,4.);
#7991 = AXIS2_PLACEMENT_3D('',#7992,#7993,#7994);
#7992 = CARTESIAN_POINT('',(-100.,508.,1.5413E+03));
#7993 = DIRECTION('',(0.,-0.707106781187,0.707106781187));
#7994 = DIRECTION('',(0.,0.707106781187,0.707106781187));
#7995 = PCURVE('',#7790,#7996);
#7996 = DEFINITIONAL_REPRESENTATION('',(#7997),#8007);
#7997 = B_SPLINE_CURVE_WITH_KNOTS('',8,(#7998,#7999,#8000,#8001,#8002,
    #8003,#8004,#8005,#8006),.UNSPECIFIED.,.F.,.F.,(9,9),(1.570796251795
    ,3.14159265359),.PIECEWISE_BEZIER_KNOTS.);
#7998 = CARTESIAN_POINT('',(3.14159257859,347.3000003));
#7999 = CARTESIAN_POINT('',(3.337942128814,346.5146020991));
#8000 = CARTESIAN_POINT('',(3.534291679029,345.72920369845));
#8001 = CARTESIAN_POINT('',(3.73064122928,344.98994710843));
#8002 = CARTESIAN_POINT('',(3.926990779444,344.34296509553));
#8003 = CARTESIAN_POINT('',(4.123340329732,343.82872786372));
#8004 = CARTESIAN_POINT('',(4.319689879928,343.47624312067));
#8005 = CARTESIAN_POINT('',(4.51603943016,343.3));
#8006 = CARTESIAN_POINT('',(4.712388980385,343.3));
#8007 = ( GEOMETRIC_REPRESENTATION_CONTEXT(2) 
PARAMETRIC_REPRESENTATION_CONTEXT() REPRESENTATION_CONTEXT('2D SPACE',''
  ) );
#8008 = PCURVE('',#7970,#8009);
#8009 = DEFINITIONAL_REPRESENTATION('',(#8010),#8020);
#8010 = B_SPLINE_CURVE_WITH_KNOTS('',8,(#8011,#8012,#8013,#8014,#8015,
    #8016,#8017,#8018,#8019),.UNSPECIFIED.,.F.,.F.,(9,9),(1.570796251795
    ,3.14159265359),.PIECEWISE_BEZIER_KNOTS.);
#8011 = CARTESIAN_POINT('',(4.712388905385,-3.000000106113E-07));
#8012 = CARTESIAN_POINT('',(4.908738455609,0.785397900897));
#8013 = CARTESIAN_POINT('',(5.105088005834,1.570796301488));
#8014 = CARTESIAN_POINT('',(5.30143755606,2.310052890389));
#8015 = CARTESIAN_POINT('',(5.49778710628,2.957034904082));
#8016 = CARTESIAN_POINT('',(5.694136656508,3.471272134873));
#8017 = CARTESIAN_POINT('',(5.890486206731,3.823756879224));
#8018 = CARTESIAN_POINT('',(6.086835756955,4.));
#8019 = CARTESIAN_POINT('',(6.28318530718,4.));
#8020 = ( GEOMETRIC_REPRESENTATION_CONTEXT(2) 
PARAMETRIC_REPRESENTATION_CONTEXT() REPRESENTATION_CONTEXT('2D SPACE',''
  ) );
#8021 = ADVANCED_FACE('',(#8022),#7970,.T.);
#8022 = FACE_BOUND('',#8023,.T.);
#8023 = EDGE_LOOP('',(#8024,#8047,#8069,#8070,#8093,#8134,#8163,#8186,
    #8220,#8221));
#8024 = ORIENTED_EDGE('',*,*,#8025,.T.);
#8025 = EDGE_CURVE('',#7871,#8026,#8028,.T.);
#8026 = VERTEX_POINT('',#8027);
#8027 = CARTESIAN_POINT('',(-100.,508.,1.5453E+03));
#8028 = SURFACE_CURVE('',#8029,(#8034,#8041),.PCURVE_S1.);
#8029 = CIRCLE('',#8030,4.);
#8030 = AXIS2_PLACEMENT_3D('',#8031,#8032,#8033);
#8031 = CARTESIAN_POINT('',(-100.,508.,1.5413E+03));
#8032 = DIRECTION('',(0.,-1.,0.));
#8033 = DIRECTION('',(0.,-0.,-1.));
#8034 = PCURVE('',#7970,#8035);
#8035 = DEFINITIONAL_REPRESENTATION('',(#8036),#8040);
#8036 = LINE('',#8037,#8038);
#8037 = CARTESIAN_POINT('',(0.,0.));
#8038 = VECTOR('',#8039,1.);
#8039 = DIRECTION('',(1.,0.));
#8040 = ( GEOMETRIC_REPRESENTATION_CONTEXT(2) 
PARAMETRIC_REPRESENTATION_CONTEXT() REPRESENTATION_CONTEXT('2D SPACE',''
  ) );
#8041 = PCURVE('',#7889,#8042);
#8042 = DEFINITIONAL_REPRESENTATION('',(#8043),#8046);
#8043 = B_SPLINE_CURVE_WITH_KNOTS('',1,(#8044,#8045),.UNSPECIFIED.,.F.,
  .F.,(2,2),(1.570796326795,3.14159265359),.PIECEWISE_BEZIER_KNOTS.);
#8044 = CARTESIAN_POINT('',(0.,0.));
#8045 = CARTESIAN_POINT('',(0.,1.570796326795));
#8046 = ( GEOMETRIC_REPRESENTATION_CONTEXT(2) 
PARAMETRIC_REPRESENTATION_CONTEXT() REPRESENTATION_CONTEXT('2D SPACE',''
  ) );
#8047 = ORIENTED_EDGE('',*,*,#8048,.T.);
#8048 = EDGE_CURVE('',#8026,#7873,#8049,.T.);
#8049 = SURFACE_CURVE('',#8050,(#8055,#8062),.PCURVE_S1.);
#8050 = CIRCLE('',#8051,4.);
#8051 = AXIS2_PLACEMENT_3D('',#8052,#8053,#8054);
#8052 = CARTESIAN_POINT('',(-100.,508.,1.5413E+03));
#8053 = DIRECTION('',(0.,-1.,0.));
#8054 = DIRECTION('',(0.,-0.,-1.));
#8055 = PCURVE('',#7970,#8056);
#8056 = DEFINITIONAL_REPRESENTATION('',(#8057),#8061);
#8057 = LINE('',#8058,#8059);
#8058 = CARTESIAN_POINT('',(0.,0.));
#8059 = VECTOR('',#8060,1.);
#8060 = DIRECTION('',(1.,0.));
#8061 = ( GEOMETRIC_REPRESENTATION_CONTEXT(2) 
PARAMETRIC_REPRESENTATION_CONTEXT() REPRESENTATION_CONTEXT('2D SPACE',''
  ) );
#8062 = PCURVE('',#7889,#8063);
#8063 = DEFINITIONAL_REPRESENTATION('',(#8064),#8068);
#8064 = LINE('',#8065,#8066);
#8065 = CARTESIAN_POINT('',(3.14159265359,4.712388980385));
#8066 = VECTOR('',#8067,1.);
#8067 = DIRECTION('',(0.,-1.));
#8068 = ( GEOMETRIC_REPRESENTATION_CONTEXT(2) 
PARAMETRIC_REPRESENTATION_CONTEXT() REPRESENTATION_CONTEXT('2D SPACE',''
  ) );
#8069 = ORIENTED_EDGE('',*,*,#7988,.T.);
#8070 = ORIENTED_EDGE('',*,*,#8071,.T.);
#8071 = EDGE_CURVE('',#7948,#8072,#8074,.T.);
#8072 = VERTEX_POINT('',#8073);
#8073 = CARTESIAN_POINT('',(-100.,-504.,1.5373E+03));
#8074 = SEAM_CURVE('',#8075,(#8079,#8086),.PCURVE_S1.);
#8075 = LINE('',#8076,#8077);
#8076 = CARTESIAN_POINT('',(-100.,508.,1.5373E+03));
#8077 = VECTOR('',#8078,1.);
#8078 = DIRECTION('',(0.,-1.,0.));
#8079 = PCURVE('',#7970,#8080);
#8080 = DEFINITIONAL_REPRESENTATION('',(#8081),#8085);
#8081 = LINE('',#8082,#8083);
#8082 = CARTESIAN_POINT('',(0.,-0.));
#8083 = VECTOR('',#8084,1.);
#8084 = DIRECTION('',(0.,1.));
#8085 = ( GEOMETRIC_REPRESENTATION_CONTEXT(2) 
PARAMETRIC_REPRESENTATION_CONTEXT() REPRESENTATION_CONTEXT('2D SPACE',''
  ) );
#8086 = PCURVE('',#7970,#8087);
#8087 = DEFINITIONAL_REPRESENTATION('',(#8088),#8092);
#8088 = LINE('',#8089,#8090);
#8089 = CARTESIAN_POINT('',(6.28318530718,-0.));
#8090 = VECTOR('',#8091,1.);
#8091 = DIRECTION('',(0.,1.));
#8092 = ( GEOMETRIC_REPRESENTATION_CONTEXT(2) 
PARAMETRIC_REPRESENTATION_CONTEXT() REPRESENTATION_CONTEXT('2D SPACE',''
  ) );
#8093 = ORIENTED_EDGE('',*,*,#8094,.F.);
#8094 = EDGE_CURVE('',#8095,#8072,#8097,.T.);
#8095 = VERTEX_POINT('',#8096);
#8096 = CARTESIAN_POINT('',(-104.,-508.,1.5413E+03));
#8097 = SURFACE_CURVE('',#8098,(#8103,#8116),.PCURVE_S1.);
#8098 = ELLIPSE('',#8099,5.656854249492,4.);
#8099 = AXIS2_PLACEMENT_3D('',#8100,#8101,#8102);
#8100 = CARTESIAN_POINT('',(-100.,-508.,1.5413E+03));
#8101 = DIRECTION('',(0.,-0.707106781187,-0.707106781187));
#8102 = DIRECTION('',(0.,-0.707106781187,0.707106781187));
#8103 = PCURVE('',#7970,#8104);
#8104 = DEFINITIONAL_REPRESENTATION('',(#8105),#8115);
#8105 = B_SPLINE_CURVE_WITH_KNOTS('',8,(#8106,#8107,#8108,#8109,#8110,
    #8111,#8112,#8113,#8114),.UNSPECIFIED.,.F.,.F.,(9,9),(1.570796251795
    ,3.14159265359),.PIECEWISE_BEZIER_KNOTS.);
#8106 = CARTESIAN_POINT('',(4.712388905385,1.0160000003E+03));
#8107 = CARTESIAN_POINT('',(4.908738455609,1.015214602099E+03));
#8108 = CARTESIAN_POINT('',(5.105088005834,1.014429203697E+03));
#8109 = CARTESIAN_POINT('',(5.30143755606,1.013689947111E+03));
#8110 = CARTESIAN_POINT('',(5.49778710628,1.013042965089E+03));
#8111 = CARTESIAN_POINT('',(5.694136656508,1.012528727868E+03));
#8112 = CARTESIAN_POINT('',(5.890486206731,1.01217624312E+03));
#8113 = CARTESIAN_POINT('',(6.086835756955,1.012E+03));
#8114 = CARTESIAN_POINT('',(6.28318530718,1.012E+03));
#8115 = ( GEOMETRIC_REPRESENTATION_CONTEXT(2) 
PARAMETRIC_REPRESENTATION_CONTEXT() REPRESENTATION_CONTEXT('2D SPACE',''
  ) );
#8116 = PCURVE('',#8117,#8122);
#8117 = CYLINDRICAL_SURFACE('',#8118,4.);
#8118 = AXIS2_PLACEMENT_3D('',#8119,#8120,#8121);
#8119 = CARTESIAN_POINT('',(-100.,-508.,1.5413E+03));
#8120 = DIRECTION('',(0.,0.,-1.));
#8121 = DIRECTION('',(-1.,0.,-0.));
#8122 = DEFINITIONAL_REPRESENTATION('',(#8123),#8133);
#8123 = B_SPLINE_CURVE_WITH_KNOTS('',8,(#8124,#8125,#8126,#8127,#8128,
    #8129,#8130,#8131,#8132),.UNSPECIFIED.,.F.,.F.,(9,9),(1.570796251795
    ,3.14159265359),.PIECEWISE_BEZIER_KNOTS.);
#8124 = CARTESIAN_POINT('',(-7.500000265281E-08,-3.000000106113E-07));
#8125 = CARTESIAN_POINT('',(0.196349475224,0.785397900897));
#8126 = CARTESIAN_POINT('',(0.392699025448,1.57079630149));
#8127 = CARTESIAN_POINT('',(0.589048575677,2.310052890389));
#8128 = CARTESIAN_POINT('',(0.78539812589,2.957034904106));
#8129 = CARTESIAN_POINT('',(0.981747676124,3.471272134862));
#8130 = CARTESIAN_POINT('',(1.178097226345,3.823756879224));
#8131 = CARTESIAN_POINT('',(1.374446776571,4.));
#8132 = CARTESIAN_POINT('',(1.570796326795,4.));
#8133 = ( GEOMETRIC_REPRESENTATION_CONTEXT(2) 
PARAMETRIC_REPRESENTATION_CONTEXT() REPRESENTATION_CONTEXT('2D SPACE',''
  ) );
#8134 = ORIENTED_EDGE('',*,*,#8135,.F.);
#8135 = EDGE_CURVE('',#8136,#8095,#8138,.T.);
#8136 = VERTEX_POINT('',#8137);
#8137 = CARTESIAN_POINT('',(-100.,-508.,1.5453E+03));
#8138 = SURFACE_CURVE('',#8139,(#8144,#8151),.PCURVE_S1.);
#8139 = CIRCLE('',#8140,4.);
#8140 = AXIS2_PLACEMENT_3D('',#8141,#8142,#8143);
#8141 = CARTESIAN_POINT('',(-100.,-508.,1.5413E+03));
#8142 = DIRECTION('',(0.,-1.,0.));
#8143 = DIRECTION('',(0.,-0.,-1.));
#8144 = PCURVE('',#7970,#8145);
#8145 = DEFINITIONAL_REPRESENTATION('',(#8146),#8150);
#8146 = LINE('',#8147,#8148);
#8147 = CARTESIAN_POINT('',(0.,1.016E+03));
#8148 = VECTOR('',#8149,1.);
#8149 = DIRECTION('',(1.,0.));
#8150 = ( GEOMETRIC_REPRESENTATION_CONTEXT(2) 
PARAMETRIC_REPRESENTATION_CONTEXT() REPRESENTATION_CONTEXT('2D SPACE',''
  ) );
#8151 = PCURVE('',#8152,#8157);
#8152 = SPHERICAL_SURFACE('',#8153,4.);
#8153 = AXIS2_PLACEMENT_3D('',#8154,#8155,#8156);
#8154 = CARTESIAN_POINT('',(-100.,-508.,1.5413E+03));
#8155 = DIRECTION('',(0.,0.,1.));
#8156 = DIRECTION('',(1.,0.,-0.));
#8157 = DEFINITIONAL_REPRESENTATION('',(#8158),#8162);
#8158 = LINE('',#8159,#8160);
#8159 = CARTESIAN_POINT('',(3.14159265359,4.712388980385));
#8160 = VECTOR('',#8161,1.);
#8161 = DIRECTION('',(0.,-1.));
#8162 = ( GEOMETRIC_REPRESENTATION_CONTEXT(2) 
PARAMETRIC_REPRESENTATION_CONTEXT() REPRESENTATION_CONTEXT('2D SPACE',''
  ) );
#8163 = ORIENTED_EDGE('',*,*,#8164,.F.);
#8164 = EDGE_CURVE('',#8165,#8136,#8167,.T.);
#8165 = VERTEX_POINT('',#8166);
#8166 = CARTESIAN_POINT('',(-96.,-508.,1.5413E+03));
#8167 = SURFACE_CURVE('',#8168,(#8173,#8180),.PCURVE_S1.);
#8168 = CIRCLE('',#8169,4.);
#8169 = AXIS2_PLACEMENT_3D('',#8170,#8171,#8172);
#8170 = CARTESIAN_POINT('',(-100.,-508.,1.5413E+03));
#8171 = DIRECTION('',(0.,-1.,0.));
#8172 = DIRECTION('',(0.,-0.,-1.));
#8173 = PCURVE('',#7970,#8174);
#8174 = DEFINITIONAL_REPRESENTATION('',(#8175),#8179);
#8175 = LINE('',#8176,#8177);
#8176 = CARTESIAN_POINT('',(0.,1.016E+03));
#8177 = VECTOR('',#8178,1.);
#8178 = DIRECTION('',(1.,0.));
#8179 = ( GEOMETRIC_REPRESENTATION_CONTEXT(2) 
PARAMETRIC_REPRESENTATION_CONTEXT() REPRESENTATION_CONTEXT('2D SPACE',''
  ) );
#8180 = PCURVE('',#8152,#8181);
#8181 = DEFINITIONAL_REPRESENTATION('',(#8182),#8185);
#8182 = B_SPLINE_CURVE_WITH_KNOTS('',1,(#8183,#8184),.UNSPECIFIED.,.F.,
  .F.,(2,2),(1.570796326795,3.14159265359),.PIECEWISE_BEZIER_KNOTS.);
#8183 = CARTESIAN_POINT('',(6.28318530718,0.));
#8184 = CARTESIAN_POINT('',(6.28318530718,1.570796326795));
#8185 = ( GEOMETRIC_REPRESENTATION_CONTEXT(2) 
PARAMETRIC_REPRESENTATION_CONTEXT() REPRESENTATION_CONTEXT('2D SPACE',''
  ) );
#8186 = ORIENTED_EDGE('',*,*,#8187,.F.);
#8187 = EDGE_CURVE('',#8072,#8165,#8188,.T.);
#8188 = SURFACE_CURVE('',#8189,(#8194,#8207),.PCURVE_S1.);
#8189 = ELLIPSE('',#8190,5.656854249492,4.);
#8190 = AXIS2_PLACEMENT_3D('',#8191,#8192,#8193);
#8191 = CARTESIAN_POINT('',(-100.,-508.,1.5413E+03));
#8192 = DIRECTION('',(0.,-0.707106781187,-0.707106781187));
#8193 = DIRECTION('',(0.,-0.707106781187,0.707106781187));
#8194 = PCURVE('',#7970,#8195);
#8195 = DEFINITIONAL_REPRESENTATION('',(#8196),#8206);
#8196 = B_SPLINE_CURVE_WITH_KNOTS('',8,(#8197,#8198,#8199,#8200,#8201,
    #8202,#8203,#8204,#8205),.UNSPECIFIED.,.F.,.F.,(9,9),(3.14159265359,
    4.712389055385),.PIECEWISE_BEZIER_KNOTS.);
#8197 = CARTESIAN_POINT('',(0.,1.012E+03));
#8198 = CARTESIAN_POINT('',(0.196349550224,1.012E+03));
#8199 = CARTESIAN_POINT('',(0.392699100448,1.01217624312E+03));
#8200 = CARTESIAN_POINT('',(0.589048650672,1.012528727863E+03));
#8201 = CARTESIAN_POINT('',(0.785398200896,1.013042965096E+03));
#8202 = CARTESIAN_POINT('',(0.981747751121,1.013689947108E+03));
#8203 = CARTESIAN_POINT('',(1.178097301346,1.014429203698E+03));
#8204 = CARTESIAN_POINT('',(1.374446851571,1.015214602099E+03));
#8205 = CARTESIAN_POINT('',(1.570796401795,1.0160000003E+03));
#8206 = ( GEOMETRIC_REPRESENTATION_CONTEXT(2) 
PARAMETRIC_REPRESENTATION_CONTEXT() REPRESENTATION_CONTEXT('2D SPACE',''
  ) );
#8207 = PCURVE('',#8117,#8208);
#8208 = DEFINITIONAL_REPRESENTATION('',(#8209),#8219);
#8209 = B_SPLINE_CURVE_WITH_KNOTS('',8,(#8210,#8211,#8212,#8213,#8214,
    #8215,#8216,#8217,#8218),.UNSPECIFIED.,.F.,.F.,(9,9),(3.14159265359,
    4.712389055385),.PIECEWISE_BEZIER_KNOTS.);
#8210 = CARTESIAN_POINT('',(1.570796326795,4.));
#8211 = CARTESIAN_POINT('',(1.767145877019,4.));
#8212 = CARTESIAN_POINT('',(1.963495427244,3.823756879226));
#8213 = CARTESIAN_POINT('',(2.159844977454,3.471272134864));
#8214 = CARTESIAN_POINT('',(2.356194527709,2.957034904093));
#8215 = CARTESIAN_POINT('',(2.552544077898,2.310052890394));
#8216 = CARTESIAN_POINT('',(2.748893628143,1.570796301491));
#8217 = CARTESIAN_POINT('',(2.945243178365,0.785397900897));
#8218 = CARTESIAN_POINT('',(3.14159272859,-3.000000106113E-07));
#8219 = ( GEOMETRIC_REPRESENTATION_CONTEXT(2) 
PARAMETRIC_REPRESENTATION_CONTEXT() REPRESENTATION_CONTEXT('2D SPACE',''
  ) );
#8220 = ORIENTED_EDGE('',*,*,#8071,.F.);
#8221 = ORIENTED_EDGE('',*,*,#7947,.T.);
#8222 = ADVANCED_FACE('',(#8223),#8152,.T.);
#8223 = FACE_BOUND('',#8224,.T.);
#8224 = EDGE_LOOP('',(#8225,#8226,#8227));
#8225 = ORIENTED_EDGE('',*,*,#8164,.T.);
#8226 = ORIENTED_EDGE('',*,*,#8135,.T.);
#8227 = ORIENTED_EDGE('',*,*,#8228,.F.);
#8228 = EDGE_CURVE('',#8165,#8095,#8229,.T.);
#8229 = SURFACE_CURVE('',#8230,(#8235,#8242),.PCURVE_S1.);
#8230 = CIRCLE('',#8231,4.);
#8231 = AXIS2_PLACEMENT_3D('',#8232,#8233,#8234);
#8232 = CARTESIAN_POINT('',(-100.,-508.,1.5413E+03));
#8233 = DIRECTION('',(0.,0.,-1.));
#8234 = DIRECTION('',(-1.,0.,-0.));
#8235 = PCURVE('',#8152,#8236);
#8236 = DEFINITIONAL_REPRESENTATION('',(#8237),#8241);
#8237 = LINE('',#8238,#8239);
#8238 = CARTESIAN_POINT('',(9.424777960769,0.));
#8239 = VECTOR('',#8240,1.);
#8240 = DIRECTION('',(-1.,0.));
#8241 = ( GEOMETRIC_REPRESENTATION_CONTEXT(2) 
PARAMETRIC_REPRESENTATION_CONTEXT() REPRESENTATION_CONTEXT('2D SPACE',''
  ) );
#8242 = PCURVE('',#8117,#8243);
#8243 = DEFINITIONAL_REPRESENTATION('',(#8244),#8248);
#8244 = LINE('',#8245,#8246);
#8245 = CARTESIAN_POINT('',(0.,0.));
#8246 = VECTOR('',#8247,1.);
#8247 = DIRECTION('',(1.,0.));
#8248 = ( GEOMETRIC_REPRESENTATION_CONTEXT(2) 
PARAMETRIC_REPRESENTATION_CONTEXT() REPRESENTATION_CONTEXT('2D SPACE',''
  ) );
#8249 = ADVANCED_FACE('',(#8250),#8117,.T.);
#8250 = FACE_BOUND('',#8251,.T.);
#8251 = EDGE_LOOP('',(#8252,#8283,#8304,#8305,#8306,#8307,#8308,#8343));
#8252 = ORIENTED_EDGE('',*,*,#8253,.F.);
#8253 = EDGE_CURVE('',#8254,#8256,#8258,.T.);
#8254 = VERTEX_POINT('',#8255);
#8255 = CARTESIAN_POINT('',(-104.,-508.,1.194E+03));
#8256 = VERTEX_POINT('',#8257);
#8257 = CARTESIAN_POINT('',(-96.,-508.,1.194E+03));
#8258 = SURFACE_CURVE('',#8259,(#8264,#8271),.PCURVE_S1.);
#8259 = CIRCLE('',#8260,4.);
#8260 = AXIS2_PLACEMENT_3D('',#8261,#8262,#8263);
#8261 = CARTESIAN_POINT('',(-100.,-508.,1.194E+03));
#8262 = DIRECTION('',(0.,0.,-1.));
#8263 = DIRECTION('',(-1.,0.,-0.));
#8264 = PCURVE('',#8117,#8265);
#8265 = DEFINITIONAL_REPRESENTATION('',(#8266),#8270);
#8266 = LINE('',#8267,#8268);
#8267 = CARTESIAN_POINT('',(0.,347.3));
#8268 = VECTOR('',#8269,1.);
#8269 = DIRECTION('',(1.,0.));
#8270 = ( GEOMETRIC_REPRESENTATION_CONTEXT(2) 
PARAMETRIC_REPRESENTATION_CONTEXT() REPRESENTATION_CONTEXT('2D SPACE',''
  ) );
#8271 = PCURVE('',#8272,#8277);
#8272 = SPHERICAL_SURFACE('',#8273,4.);
#8273 = AXIS2_PLACEMENT_3D('',#8274,#8275,#8276);
#8274 = CARTESIAN_POINT('',(-100.,-508.,1.194E+03));
#8275 = DIRECTION('',(0.,0.,1.));
#8276 = DIRECTION('',(1.,0.,-0.));
#8277 = DEFINITIONAL_REPRESENTATION('',(#8278),#8282);
#8278 = LINE('',#8279,#8280);
#8279 = CARTESIAN_POINT('',(3.14159265359,0.));
#8280 = VECTOR('',#8281,1.);
#8281 = DIRECTION('',(-1.,0.));
#8282 = ( GEOMETRIC_REPRESENTATION_CONTEXT(2) 
PARAMETRIC_REPRESENTATION_CONTEXT() REPRESENTATION_CONTEXT('2D SPACE',''
  ) );
#8283 = ORIENTED_EDGE('',*,*,#8284,.F.);
#8284 = EDGE_CURVE('',#8095,#8254,#8285,.T.);
#8285 = SEAM_CURVE('',#8286,(#8290,#8297),.PCURVE_S1.);
#8286 = LINE('',#8287,#8288);
#8287 = CARTESIAN_POINT('',(-104.,-508.,1.5413E+03));
#8288 = VECTOR('',#8289,1.);
#8289 = DIRECTION('',(0.,0.,-1.));
#8290 = PCURVE('',#8117,#8291);
#8291 = DEFINITIONAL_REPRESENTATION('',(#8292),#8296);
#8292 = LINE('',#8293,#8294);
#8293 = CARTESIAN_POINT('',(6.28318530718,-0.));
#8294 = VECTOR('',#8295,1.);
#8295 = DIRECTION('',(0.,1.));
#8296 = ( GEOMETRIC_REPRESENTATION_CONTEXT(2) 
PARAMETRIC_REPRESENTATION_CONTEXT() REPRESENTATION_CONTEXT('2D SPACE',''
  ) );
#8297 = PCURVE('',#8117,#8298);
#8298 = DEFINITIONAL_REPRESENTATION('',(#8299),#8303);
#8299 = LINE('',#8300,#8301);
#8300 = CARTESIAN_POINT('',(0.,-0.));
#8301 = VECTOR('',#8302,1.);
#8302 = DIRECTION('',(0.,1.));
#8303 = ( GEOMETRIC_REPRESENTATION_CONTEXT(2) 
PARAMETRIC_REPRESENTATION_CONTEXT() REPRESENTATION_CONTEXT('2D SPACE',''
  ) );
#8304 = ORIENTED_EDGE('',*,*,#8094,.T.);
#8305 = ORIENTED_EDGE('',*,*,#8187,.T.);
#8306 = ORIENTED_EDGE('',*,*,#8228,.T.);
#8307 = ORIENTED_EDGE('',*,*,#8284,.T.);
#8308 = ORIENTED_EDGE('',*,*,#8309,.F.);
#8309 = EDGE_CURVE('',#8310,#8254,#8312,.T.);
#8310 = VERTEX_POINT('',#8311);
#8311 = CARTESIAN_POINT('',(-103.9999999999,-508.0000104895,
    1.19400001049E+03));
#8312 = SURFACE_CURVE('',#8313,(#8318,#8328),.PCURVE_S1.);
#8313 = ELLIPSE('',#8314,5.656854249492,4.);
#8314 = AXIS2_PLACEMENT_3D('',#8315,#8316,#8317);
#8315 = CARTESIAN_POINT('',(-100.,-508.,1.194E+03));
#8316 = DIRECTION('',(0.,-0.707106781187,-0.707106781187));
#8317 = DIRECTION('',(0.,0.707106781187,-0.707106781187));
#8318 = PCURVE('',#8117,#8319);
#8319 = DEFINITIONAL_REPRESENTATION('',(#8320),#8327);
#8320 = B_SPLINE_CURVE_WITH_KNOTS('',5,(#8321,#8322,#8323,#8324,#8325,
    #8326),.UNSPECIFIED.,.F.,.F.,(6,6),(4.712386357986,4.712388980385),
  .PIECEWISE_BEZIER_KNOTS.);
#8321 = CARTESIAN_POINT('',(6.283182684781,347.2999895104));
#8322 = CARTESIAN_POINT('',(6.283183209261,347.29999160832));
#8323 = CARTESIAN_POINT('',(6.283183733741,347.29999370624));
#8324 = CARTESIAN_POINT('',(6.28318425822,347.29999580416));
#8325 = CARTESIAN_POINT('',(6.2831847827,347.29999790208));
#8326 = CARTESIAN_POINT('',(6.28318530718,347.3));
#8327 = ( GEOMETRIC_REPRESENTATION_CONTEXT(2) 
PARAMETRIC_REPRESENTATION_CONTEXT() REPRESENTATION_CONTEXT('2D SPACE',''
  ) );
#8328 = PCURVE('',#8329,#8334);
#8329 = CYLINDRICAL_SURFACE('',#8330,4.);
#8330 = AXIS2_PLACEMENT_3D('',#8331,#8332,#8333);
#8331 = CARTESIAN_POINT('',(-100.,-508.,1.194E+03));
#8332 = DIRECTION('',(0.,-1.,0.));
#8333 = DIRECTION('',(0.,-0.,-1.));
#8334 = DEFINITIONAL_REPRESENTATION('',(#8335),#8342);
#8335 = B_SPLINE_CURVE_WITH_KNOTS('',5,(#8336,#8337,#8338,#8339,#8340,
    #8341),.UNSPECIFIED.,.F.,.F.,(6,6),(4.712386357986,4.712388980385),
  .PIECEWISE_BEZIER_KNOTS.);
#8336 = CARTESIAN_POINT('',(4.712386357986,1.04895932509E-05));
#8337 = CARTESIAN_POINT('',(4.712386882466,8.391674606408E-06));
#8338 = CARTESIAN_POINT('',(4.712387406946,6.293755898622E-06));
#8339 = CARTESIAN_POINT('',(4.712387931425,4.195837305319E-06));
#8340 = CARTESIAN_POINT('',(4.712388455905,2.097918644495E-06));
#8341 = CARTESIAN_POINT('',(4.712388980385,0.));
#8342 = ( GEOMETRIC_REPRESENTATION_CONTEXT(2) 
PARAMETRIC_REPRESENTATION_CONTEXT() REPRESENTATION_CONTEXT('2D SPACE',''
  ) );
#8343 = ORIENTED_EDGE('',*,*,#8344,.F.);
#8344 = EDGE_CURVE('',#8256,#8310,#8345,.T.);
#8345 = SURFACE_CURVE('',#8346,(#8351,#8371),.PCURVE_S1.);
#8346 = ELLIPSE('',#8347,5.656854249492,4.);
#8347 = AXIS2_PLACEMENT_3D('',#8348,#8349,#8350);
#8348 = CARTESIAN_POINT('',(-100.,-508.,1.194E+03));
#8349 = DIRECTION('',(0.,-0.707106781187,-0.707106781187));
#8350 = DIRECTION('',(0.,0.707106781187,-0.707106781187));
#8351 = PCURVE('',#8117,#8352);
#8352 = DEFINITIONAL_REPRESENTATION('',(#8353),#8370);
#8353 = B_SPLINE_CURVE_WITH_KNOTS('',8,(#8354,#8355,#8356,#8357,#8358,
    #8359,#8360,#8361,#8362,#8363,#8364,#8365,#8366,#8367,#8368,#8369),
  .UNSPECIFIED.,.F.,.F.,(9,7,9),(1.570796251795,3.141591304891,
    4.712386357986),.UNSPECIFIED.);
#8354 = CARTESIAN_POINT('',(3.14159257859,347.3000003));
#8355 = CARTESIAN_POINT('',(3.337941960227,346.51460277345));
#8356 = CARTESIAN_POINT('',(3.534291341855,345.72920504678));
#8357 = CARTESIAN_POINT('',(3.730640723523,344.98994901473));
#8358 = CARTESIAN_POINT('',(3.926990105087,344.34296731697));
#8359 = CARTESIAN_POINT('',(4.123339486792,343.82873007329));
#8360 = CARTESIAN_POINT('',(4.319688868402,343.47624493623));
#8361 = CARTESIAN_POINT('',(4.516038250049,343.30000105926));
#8362 = CARTESIAN_POINT('',(4.908737013323,343.29999894073));
#8363 = CARTESIAN_POINT('',(5.10508639496,343.47624069964));
#8364 = CARTESIAN_POINT('',(5.30143577659,343.82872384006));
#8365 = CARTESIAN_POINT('',(5.497785158215,344.34295934205));
#8366 = CARTESIAN_POINT('',(5.694134539855,344.98993964889));
#8367 = CARTESIAN_POINT('',(5.890483921507,345.72919473302));
#8368 = CARTESIAN_POINT('',(6.086833303144,346.51459198386));
#8369 = CARTESIAN_POINT('',(6.283182684781,347.2999895104));
#8370 = ( GEOMETRIC_REPRESENTATION_CONTEXT(2) 
PARAMETRIC_REPRESENTATION_CONTEXT() REPRESENTATION_CONTEXT('2D SPACE',''
  ) );
#8371 = PCURVE('',#8329,#8372);
#8372 = DEFINITIONAL_REPRESENTATION('',(#8373),#8390);
#8373 = B_SPLINE_CURVE_WITH_KNOTS('',8,(#8374,#8375,#8376,#8377,#8378,
    #8379,#8380,#8381,#8382,#8383,#8384,#8385,#8386,#8387,#8388,#8389),
  .UNSPECIFIED.,.F.,.F.,(9,7,9),(1.570796251795,3.141591304891,
    4.712386357986),.UNSPECIFIED.);
#8374 = CARTESIAN_POINT('',(1.570796251795,-3.000000106113E-07));
#8375 = CARTESIAN_POINT('',(1.767145633432,0.785397226548));
#8376 = CARTESIAN_POINT('',(1.963495015071,1.570794952786));
#8377 = CARTESIAN_POINT('',(2.159844396696,2.310050986203));
#8378 = CARTESIAN_POINT('',(2.356193778347,2.957032682052));
#8379 = CARTESIAN_POINT('',(2.552543159967,3.47126992724));
#8380 = CARTESIAN_POINT('',(2.748892541617,3.823755063336));
#8381 = CARTESIAN_POINT('',(2.945241923254,3.999998940731));
#8382 = CARTESIAN_POINT('',(3.337940686528,4.000001059261));
#8383 = CARTESIAN_POINT('',(3.534290068164,3.8237593004));
#8384 = CARTESIAN_POINT('',(3.730639449792,3.471276158364));
#8385 = CARTESIAN_POINT('',(3.926988831448,2.957040658363));
#8386 = CARTESIAN_POINT('',(4.123338213061,2.310060349591));
#8387 = CARTESIAN_POINT('',(4.319687594714,1.570805266982));
#8388 = CARTESIAN_POINT('',(4.516036976349,0.785408016138));
#8389 = CARTESIAN_POINT('',(4.712386357986,1.04895932509E-05));
#8390 = ( GEOMETRIC_REPRESENTATION_CONTEXT(2) 
PARAMETRIC_REPRESENTATION_CONTEXT() REPRESENTATION_CONTEXT('2D SPACE',''
  ) );
#8391 = ADVANCED_FACE('',(#8392),#8329,.T.);
#8392 = FACE_BOUND('',#8393,.T.);
#8393 = EDGE_LOOP('',(#8394,#8418,#8441,#8470,#8525,#8555,#8576,#8577,
    #8598,#8599));
#8394 = ORIENTED_EDGE('',*,*,#8395,.T.);
#8395 = EDGE_CURVE('',#8254,#8396,#8398,.T.);
#8396 = VERTEX_POINT('',#8397);
#8397 = CARTESIAN_POINT('',(-100.,-508.,1.19E+03));
#8398 = SURFACE_CURVE('',#8399,(#8404,#8411),.PCURVE_S1.);
#8399 = CIRCLE('',#8400,4.);
#8400 = AXIS2_PLACEMENT_3D('',#8401,#8402,#8403);
#8401 = CARTESIAN_POINT('',(-100.,-508.,1.194E+03));
#8402 = DIRECTION('',(0.,-1.,0.));
#8403 = DIRECTION('',(0.,-0.,-1.));
#8404 = PCURVE('',#8329,#8405);
#8405 = DEFINITIONAL_REPRESENTATION('',(#8406),#8410);
#8406 = LINE('',#8407,#8408);
#8407 = CARTESIAN_POINT('',(0.,0.));
#8408 = VECTOR('',#8409,1.);
#8409 = DIRECTION('',(1.,0.));
#8410 = ( GEOMETRIC_REPRESENTATION_CONTEXT(2) 
PARAMETRIC_REPRESENTATION_CONTEXT() REPRESENTATION_CONTEXT('2D SPACE',''
  ) );
#8411 = PCURVE('',#8272,#8412);
#8412 = DEFINITIONAL_REPRESENTATION('',(#8413),#8417);
#8413 = LINE('',#8414,#8415);
#8414 = CARTESIAN_POINT('',(3.14159265359,4.712388980385));
#8415 = VECTOR('',#8416,1.);
#8416 = DIRECTION('',(0.,-1.));
#8417 = ( GEOMETRIC_REPRESENTATION_CONTEXT(2) 
PARAMETRIC_REPRESENTATION_CONTEXT() REPRESENTATION_CONTEXT('2D SPACE',''
  ) );
#8418 = ORIENTED_EDGE('',*,*,#8419,.T.);
#8419 = EDGE_CURVE('',#8396,#8420,#8422,.T.);
#8420 = VERTEX_POINT('',#8421);
#8421 = CARTESIAN_POINT('',(-100.,-692.,1.19E+03));
#8422 = SEAM_CURVE('',#8423,(#8427,#8434),.PCURVE_S1.);
#8423 = LINE('',#8424,#8425);
#8424 = CARTESIAN_POINT('',(-100.,-508.,1.19E+03));
#8425 = VECTOR('',#8426,1.);
#8426 = DIRECTION('',(0.,-1.,0.));
#8427 = PCURVE('',#8329,#8428);
#8428 = DEFINITIONAL_REPRESENTATION('',(#8429),#8433);
#8429 = LINE('',#8430,#8431);
#8430 = CARTESIAN_POINT('',(0.,-0.));
#8431 = VECTOR('',#8432,1.);
#8432 = DIRECTION('',(0.,1.));
#8433 = ( GEOMETRIC_REPRESENTATION_CONTEXT(2) 
PARAMETRIC_REPRESENTATION_CONTEXT() REPRESENTATION_CONTEXT('2D SPACE',''
  ) );
#8434 = PCURVE('',#8329,#8435);
#8435 = DEFINITIONAL_REPRESENTATION('',(#8436),#8440);
#8436 = LINE('',#8437,#8438);
#8437 = CARTESIAN_POINT('',(6.28318530718,-0.));
#8438 = VECTOR('',#8439,1.);
#8439 = DIRECTION('',(0.,1.));
#8440 = ( GEOMETRIC_REPRESENTATION_CONTEXT(2) 
PARAMETRIC_REPRESENTATION_CONTEXT() REPRESENTATION_CONTEXT('2D SPACE',''
  ) );
#8441 = ORIENTED_EDGE('',*,*,#8442,.F.);
#8442 = EDGE_CURVE('',#8443,#8420,#8445,.T.);
#8443 = VERTEX_POINT('',#8444);
#8444 = CARTESIAN_POINT('',(-104.,-692.,1.194E+03));
#8445 = SURFACE_CURVE('',#8446,(#8451,#8458),.PCURVE_S1.);
#8446 = CIRCLE('',#8447,4.);
#8447 = AXIS2_PLACEMENT_3D('',#8448,#8449,#8450);
#8448 = CARTESIAN_POINT('',(-100.,-692.,1.194E+03));
#8449 = DIRECTION('',(0.,-1.,0.));
#8450 = DIRECTION('',(0.,-0.,-1.));
#8451 = PCURVE('',#8329,#8452);
#8452 = DEFINITIONAL_REPRESENTATION('',(#8453),#8457);
#8453 = LINE('',#8454,#8455);
#8454 = CARTESIAN_POINT('',(0.,184.));
#8455 = VECTOR('',#8456,1.);
#8456 = DIRECTION('',(1.,0.));
#8457 = ( GEOMETRIC_REPRESENTATION_CONTEXT(2) 
PARAMETRIC_REPRESENTATION_CONTEXT() REPRESENTATION_CONTEXT('2D SPACE',''
  ) );
#8458 = PCURVE('',#8459,#8464);
#8459 = SPHERICAL_SURFACE('',#8460,4.);
#8460 = AXIS2_PLACEMENT_3D('',#8461,#8462,#8463);
#8461 = CARTESIAN_POINT('',(-100.,-692.,1.194E+03));
#8462 = DIRECTION('',(0.,0.,1.));
#8463 = DIRECTION('',(1.,0.,-0.));
#8464 = DEFINITIONAL_REPRESENTATION('',(#8465),#8469);
#8465 = LINE('',#8466,#8467);
#8466 = CARTESIAN_POINT('',(3.14159265359,4.712388980385));
#8467 = VECTOR('',#8468,1.);
#8468 = DIRECTION('',(0.,-1.));
#8469 = ( GEOMETRIC_REPRESENTATION_CONTEXT(2) 
PARAMETRIC_REPRESENTATION_CONTEXT() REPRESENTATION_CONTEXT('2D SPACE',''
  ) );
#8470 = ORIENTED_EDGE('',*,*,#8471,.F.);
#8471 = EDGE_CURVE('',#8472,#8443,#8474,.T.);
#8472 = VERTEX_POINT('',#8473);
#8473 = CARTESIAN_POINT('',(-96.00000000001,-691.9999895104,
    1.19400001049E+03));
#8474 = SURFACE_CURVE('',#8475,(#8480,#8500),.PCURVE_S1.);
#8475 = ELLIPSE('',#8476,5.656854249492,4.);
#8476 = AXIS2_PLACEMENT_3D('',#8477,#8478,#8479);
#8477 = CARTESIAN_POINT('',(-100.,-692.,1.194E+03));
#8478 = DIRECTION('',(0.,-0.707106781187,0.707106781187));
#8479 = DIRECTION('',(0.,-0.707106781187,-0.707106781187));
#8480 = PCURVE('',#8329,#8481);
#8481 = DEFINITIONAL_REPRESENTATION('',(#8482),#8499);
#8482 = B_SPLINE_CURVE_WITH_KNOTS('',8,(#8483,#8484,#8485,#8486,#8487,
    #8488,#8489,#8490,#8491,#8492,#8493,#8494,#8495,#8496,#8497,#8498),
  .UNSPECIFIED.,.F.,.F.,(9,7,9),(1.570798949193,3.141594002289,
    4.712389055385),.UNSPECIFIED.);
#8483 = CARTESIAN_POINT('',(1.570798949193,183.9999895104));
#8484 = CARTESIAN_POINT('',(1.76714833083,183.21459198386));
#8485 = CARTESIAN_POINT('',(1.963497712466,182.42919473315));
#8486 = CARTESIAN_POINT('',(2.159847094102,181.68993964977));
#8487 = CARTESIAN_POINT('',(2.35619647573,181.04295934108));
#8488 = CARTESIAN_POINT('',(2.552545857376,180.52872384095));
#8489 = CARTESIAN_POINT('',(2.748895239014,180.17624069965));
#8490 = CARTESIAN_POINT('',(2.945244620652,179.99999894073));
#8491 = CARTESIAN_POINT('',(3.337943383926,180.00000105926));
#8492 = CARTESIAN_POINT('',(3.534292765564,180.17624493694));
#8493 = CARTESIAN_POINT('',(3.730642147202,180.52873007161));
#8494 = CARTESIAN_POINT('',(3.926991528821,181.04296731913));
#8495 = CARTESIAN_POINT('',(4.123340910475,181.68994901282));
#8496 = CARTESIAN_POINT('',(4.319690292112,182.42920504734));
#8497 = CARTESIAN_POINT('',(4.516039673748,183.21460277345));
#8498 = CARTESIAN_POINT('',(4.712389055385,184.0000003));
#8499 = ( GEOMETRIC_REPRESENTATION_CONTEXT(2) 
PARAMETRIC_REPRESENTATION_CONTEXT() REPRESENTATION_CONTEXT('2D SPACE',''
  ) );
#8500 = PCURVE('',#8501,#8506);
#8501 = CYLINDRICAL_SURFACE('',#8502,4.);
#8502 = AXIS2_PLACEMENT_3D('',#8503,#8504,#8505);
#8503 = CARTESIAN_POINT('',(-100.,-692.,1.194E+03));
#8504 = DIRECTION('',(0.,0.,1.));
#8505 = DIRECTION('',(1.,0.,-0.));
#8506 = DEFINITIONAL_REPRESENTATION('',(#8507),#8524);
#8507 = B_SPLINE_CURVE_WITH_KNOTS('',8,(#8508,#8509,#8510,#8511,#8512,
    #8513,#8514,#8515,#8516,#8517,#8518,#8519,#8520,#8521,#8522,#8523),
  .UNSPECIFIED.,.F.,.F.,(9,7,9),(1.570798949193,3.141594002289,
    4.712389055385),.UNSPECIFIED.);
#8508 = CARTESIAN_POINT('',(2.622398284305E-06,1.04895932509E-05));
#8509 = CARTESIAN_POINT('',(0.196352004035,0.785408016138));
#8510 = CARTESIAN_POINT('',(0.392701385672,1.570805266977));
#8511 = CARTESIAN_POINT('',(0.589050767308,2.310060349613));
#8512 = CARTESIAN_POINT('',(0.785400148946,2.95704065835));
#8513 = CARTESIAN_POINT('',(0.981749530583,3.471276158374));
#8514 = CARTESIAN_POINT('',(1.17809891222,3.823759300396));
#8515 = CARTESIAN_POINT('',(1.374448293857,4.000001059261));
#8516 = CARTESIAN_POINT('',(1.767147057131,3.999998940731));
#8517 = CARTESIAN_POINT('',(1.96349643877,3.823755063341));
#8518 = CARTESIAN_POINT('',(2.159845820398,3.47126992723));
#8519 = CARTESIAN_POINT('',(2.356195202054,2.957032682081));
#8520 = CARTESIAN_POINT('',(2.552544583674,2.310050986187));
#8521 = CARTESIAN_POINT('',(2.748893965318,1.570794952792));
#8522 = CARTESIAN_POINT('',(2.945243346953,0.785397226548));
#8523 = CARTESIAN_POINT('',(3.14159272859,-3.000000106113E-07));
#8524 = ( GEOMETRIC_REPRESENTATION_CONTEXT(2) 
PARAMETRIC_REPRESENTATION_CONTEXT() REPRESENTATION_CONTEXT('2D SPACE',''
  ) );
#8525 = ORIENTED_EDGE('',*,*,#8526,.F.);
#8526 = EDGE_CURVE('',#8527,#8472,#8529,.T.);
#8527 = VERTEX_POINT('',#8528);
#8528 = CARTESIAN_POINT('',(-96.,-692.,1.194E+03));
#8529 = SURFACE_CURVE('',#8530,(#8535,#8545),.PCURVE_S1.);
#8530 = ELLIPSE('',#8531,5.656854249492,4.);
#8531 = AXIS2_PLACEMENT_3D('',#8532,#8533,#8534);
#8532 = CARTESIAN_POINT('',(-100.,-692.,1.194E+03));
#8533 = DIRECTION('',(0.,-0.707106781187,0.707106781187));
#8534 = DIRECTION('',(0.,-0.707106781187,-0.707106781187));
#8535 = PCURVE('',#8329,#8536);
#8536 = DEFINITIONAL_REPRESENTATION('',(#8537),#8544);
#8537 = B_SPLINE_CURVE_WITH_KNOTS('',5,(#8538,#8539,#8540,#8541,#8542,
    #8543),.UNSPECIFIED.,.F.,.F.,(6,6),(1.570796251795,1.570798949193),
  .PIECEWISE_BEZIER_KNOTS.);
#8538 = CARTESIAN_POINT('',(1.570796251795,184.0000003));
#8539 = CARTESIAN_POINT('',(1.570796791275,183.99999814208));
#8540 = CARTESIAN_POINT('',(1.570797330754,183.99999598416));
#8541 = CARTESIAN_POINT('',(1.570797870234,183.99999382624));
#8542 = CARTESIAN_POINT('',(1.570798409714,183.99999166832));
#8543 = CARTESIAN_POINT('',(1.570798949193,183.9999895104));
#8544 = ( GEOMETRIC_REPRESENTATION_CONTEXT(2) 
PARAMETRIC_REPRESENTATION_CONTEXT() REPRESENTATION_CONTEXT('2D SPACE',''
  ) );
#8545 = PCURVE('',#8501,#8546);
#8546 = DEFINITIONAL_REPRESENTATION('',(#8547),#8554);
#8547 = B_SPLINE_CURVE_WITH_KNOTS('',5,(#8548,#8549,#8550,#8551,#8552,
    #8553),.UNSPECIFIED.,.F.,.F.,(6,6),(1.570796251795,1.570798949193),
  .PIECEWISE_BEZIER_KNOTS.);
#8548 = CARTESIAN_POINT('',(-7.500000265281E-08,-3.000000106113E-07));
#8549 = CARTESIAN_POINT('',(4.644796575803E-07,1.857918630321E-06));
#8550 = CARTESIAN_POINT('',(1.003959286763E-06,4.01583760852E-06));
#8551 = CARTESIAN_POINT('',(1.543439042822E-06,6.173755436046E-06));
#8552 = CARTESIAN_POINT('',(2.082918624072E-06,8.33167460997E-06));
#8553 = CARTESIAN_POINT('',(2.622398284305E-06,1.04895932509E-05));
#8554 = ( GEOMETRIC_REPRESENTATION_CONTEXT(2) 
PARAMETRIC_REPRESENTATION_CONTEXT() REPRESENTATION_CONTEXT('2D SPACE',''
  ) );
#8555 = ORIENTED_EDGE('',*,*,#8556,.F.);
#8556 = EDGE_CURVE('',#8420,#8527,#8557,.T.);
#8557 = SURFACE_CURVE('',#8558,(#8563,#8570),.PCURVE_S1.);
#8558 = CIRCLE('',#8559,4.);
#8559 = AXIS2_PLACEMENT_3D('',#8560,#8561,#8562);
#8560 = CARTESIAN_POINT('',(-100.,-692.,1.194E+03));
#8561 = DIRECTION('',(0.,-1.,0.));
#8562 = DIRECTION('',(0.,-0.,-1.));
#8563 = PCURVE('',#8329,#8564);
#8564 = DEFINITIONAL_REPRESENTATION('',(#8565),#8569);
#8565 = LINE('',#8566,#8567);
#8566 = CARTESIAN_POINT('',(0.,184.));
#8567 = VECTOR('',#8568,1.);
#8568 = DIRECTION('',(1.,0.));
#8569 = ( GEOMETRIC_REPRESENTATION_CONTEXT(2) 
PARAMETRIC_REPRESENTATION_CONTEXT() REPRESENTATION_CONTEXT('2D SPACE',''
  ) );
#8570 = PCURVE('',#8459,#8571);
#8571 = DEFINITIONAL_REPRESENTATION('',(#8572),#8575);
#8572 = B_SPLINE_CURVE_WITH_KNOTS('',1,(#8573,#8574),.UNSPECIFIED.,.F.,
  .F.,(2,2),(0.,1.570796326795),.PIECEWISE_BEZIER_KNOTS.);
#8573 = CARTESIAN_POINT('',(6.28318530718,-1.570796326795));
#8574 = CARTESIAN_POINT('',(6.28318530718,0.));
#8575 = ( GEOMETRIC_REPRESENTATION_CONTEXT(2) 
PARAMETRIC_REPRESENTATION_CONTEXT() REPRESENTATION_CONTEXT('2D SPACE',''
  ) );
#8576 = ORIENTED_EDGE('',*,*,#8419,.F.);
#8577 = ORIENTED_EDGE('',*,*,#8578,.T.);
#8578 = EDGE_CURVE('',#8396,#8256,#8579,.T.);
#8579 = SURFACE_CURVE('',#8580,(#8585,#8592),.PCURVE_S1.);
#8580 = CIRCLE('',#8581,4.);
#8581 = AXIS2_PLACEMENT_3D('',#8582,#8583,#8584);
#8582 = CARTESIAN_POINT('',(-100.,-508.,1.194E+03));
#8583 = DIRECTION('',(0.,-1.,0.));
#8584 = DIRECTION('',(0.,-0.,-1.));
#8585 = PCURVE('',#8329,#8586);
#8586 = DEFINITIONAL_REPRESENTATION('',(#8587),#8591);
#8587 = LINE('',#8588,#8589);
#8588 = CARTESIAN_POINT('',(0.,0.));
#8589 = VECTOR('',#8590,1.);
#8590 = DIRECTION('',(1.,0.));
#8591 = ( GEOMETRIC_REPRESENTATION_CONTEXT(2) 
PARAMETRIC_REPRESENTATION_CONTEXT() REPRESENTATION_CONTEXT('2D SPACE',''
  ) );
#8592 = PCURVE('',#8272,#8593);
#8593 = DEFINITIONAL_REPRESENTATION('',(#8594),#8597);
#8594 = B_SPLINE_CURVE_WITH_KNOTS('',1,(#8595,#8596),.UNSPECIFIED.,.F.,
  .F.,(2,2),(0.,1.570796326795),.PIECEWISE_BEZIER_KNOTS.);
#8595 = CARTESIAN_POINT('',(0.,-1.570796326795));
#8596 = CARTESIAN_POINT('',(0.,0.));
#8597 = ( GEOMETRIC_REPRESENTATION_CONTEXT(2) 
PARAMETRIC_REPRESENTATION_CONTEXT() REPRESENTATION_CONTEXT('2D SPACE',''
  ) );
#8598 = ORIENTED_EDGE('',*,*,#8344,.T.);
#8599 = ORIENTED_EDGE('',*,*,#8309,.T.);
#8600 = ADVANCED_FACE('',(#8601),#8501,.T.);
#8601 = FACE_BOUND('',#8602,.T.);
#8602 = EDGE_LOOP('',(#8603,#8625,#8648,#8687,#8716,#8750,#8751,#8752));
#8603 = ORIENTED_EDGE('',*,*,#8604,.T.);
#8604 = EDGE_CURVE('',#8443,#8527,#8605,.T.);
#8605 = SURFACE_CURVE('',#8606,(#8611,#8618),.PCURVE_S1.);
#8606 = CIRCLE('',#8607,4.);
#8607 = AXIS2_PLACEMENT_3D('',#8608,#8609,#8610);
#8608 = CARTESIAN_POINT('',(-100.,-692.,1.194E+03));
#8609 = DIRECTION('',(0.,0.,1.));
#8610 = DIRECTION('',(1.,0.,-0.));
#8611 = PCURVE('',#8501,#8612);
#8612 = DEFINITIONAL_REPRESENTATION('',(#8613),#8617);
#8613 = LINE('',#8614,#8615);
#8614 = CARTESIAN_POINT('',(0.,0.));
#8615 = VECTOR('',#8616,1.);
#8616 = DIRECTION('',(1.,0.));
#8617 = ( GEOMETRIC_REPRESENTATION_CONTEXT(2) 
PARAMETRIC_REPRESENTATION_CONTEXT() REPRESENTATION_CONTEXT('2D SPACE',''
  ) );
#8618 = PCURVE('',#8459,#8619);
#8619 = DEFINITIONAL_REPRESENTATION('',(#8620),#8624);
#8620 = LINE('',#8621,#8622);
#8621 = CARTESIAN_POINT('',(0.,0.));
#8622 = VECTOR('',#8623,1.);
#8623 = DIRECTION('',(1.,0.));
#8624 = ( GEOMETRIC_REPRESENTATION_CONTEXT(2) 
PARAMETRIC_REPRESENTATION_CONTEXT() REPRESENTATION_CONTEXT('2D SPACE',''
  ) );
#8625 = ORIENTED_EDGE('',*,*,#8626,.T.);
#8626 = EDGE_CURVE('',#8527,#8627,#8629,.T.);
#8627 = VERTEX_POINT('',#8628);
#8628 = CARTESIAN_POINT('',(-96.,-692.,1.253890303411E+03));
#8629 = SEAM_CURVE('',#8630,(#8634,#8641),.PCURVE_S1.);
#8630 = LINE('',#8631,#8632);
#8631 = CARTESIAN_POINT('',(-96.,-692.,1.194E+03));
#8632 = VECTOR('',#8633,1.);
#8633 = DIRECTION('',(0.,0.,1.));
#8634 = PCURVE('',#8501,#8635);
#8635 = DEFINITIONAL_REPRESENTATION('',(#8636),#8640);
#8636 = LINE('',#8637,#8638);
#8637 = CARTESIAN_POINT('',(0.,-0.));
#8638 = VECTOR('',#8639,1.);
#8639 = DIRECTION('',(0.,1.));
#8640 = ( GEOMETRIC_REPRESENTATION_CONTEXT(2) 
PARAMETRIC_REPRESENTATION_CONTEXT() REPRESENTATION_CONTEXT('2D SPACE',''
  ) );
#8641 = PCURVE('',#8501,#8642);
#8642 = DEFINITIONAL_REPRESENTATION('',(#8643),#8647);
#8643 = LINE('',#8644,#8645);
#8644 = CARTESIAN_POINT('',(6.28318530718,-0.));
#8645 = VECTOR('',#8646,1.);
#8646 = DIRECTION('',(0.,1.));
#8647 = ( GEOMETRIC_REPRESENTATION_CONTEXT(2) 
PARAMETRIC_REPRESENTATION_CONTEXT() REPRESENTATION_CONTEXT('2D SPACE',''
  ) );
#8648 = ORIENTED_EDGE('',*,*,#8649,.F.);
#8649 = EDGE_CURVE('',#8650,#8627,#8652,.T.);
#8650 = VERTEX_POINT('',#8651);
#8651 = CARTESIAN_POINT('',(-98.78089709158,-695.8096965887,1.2577E+03)
  );
#8652 = SURFACE_CURVE('',#8653,(#8658,#8670),.PCURVE_S1.);
#8653 = ELLIPSE('',#8654,5.656854249492,4.);
#8654 = AXIS2_PLACEMENT_3D('',#8655,#8656,#8657);
#8655 = CARTESIAN_POINT('',(-100.,-692.,1.2577E+03));
#8656 = DIRECTION('',(0.67346557305,0.215508983376,0.707106781187));
#8657 = DIRECTION('',(-0.67346557305,-0.215508983376,0.707106781187));
#8658 = PCURVE('',#8501,#8659);
#8659 = DEFINITIONAL_REPRESENTATION('',(#8660),#8669);
#8660 = B_SPLINE_CURVE_WITH_KNOTS('',7,(#8661,#8662,#8663,#8664,#8665,
    #8666,#8667,#8668),.UNSPECIFIED.,.F.,.F.,(8,8),(1.570796251795,
    2.831889709047),.PIECEWISE_BEZIER_KNOTS.);
#8661 = CARTESIAN_POINT('',(5.022091849927,63.7000003));
#8662 = CARTESIAN_POINT('',(5.202248058106,62.979375467285));
#8663 = CARTESIAN_POINT('',(5.382404266285,62.258751148825));
#8664 = CARTESIAN_POINT('',(5.562560474468,61.576324853129));
#8665 = CARTESIAN_POINT('',(5.742716682638,60.970313900536));
#8666 = CARTESIAN_POINT('',(5.922872890822,60.47381850953));
#8667 = CARTESIAN_POINT('',(6.103029099,60.109932368564));
#8668 = CARTESIAN_POINT('',(6.283185307179,59.890303411204));
#8669 = ( GEOMETRIC_REPRESENTATION_CONTEXT(2) 
PARAMETRIC_REPRESENTATION_CONTEXT() REPRESENTATION_CONTEXT('2D SPACE',''
  ) );
#8670 = PCURVE('',#8671,#8676);
#8671 = CYLINDRICAL_SURFACE('',#8672,4.);
#8672 = AXIS2_PLACEMENT_3D('',#8673,#8674,#8675);
#8673 = CARTESIAN_POINT('',(-100.,-692.,1.2577E+03));
#8674 = DIRECTION('',(0.952424147199,0.304775727104,0.));
#8675 = DIRECTION('',(-0.304775727104,0.952424147199,0.));
#8676 = DEFINITIONAL_REPRESENTATION('',(#8677),#8686);
#8677 = B_SPLINE_CURVE_WITH_KNOTS('',7,(#8678,#8679,#8680,#8681,#8682,
    #8683,#8684,#8685),.UNSPECIFIED.,.F.,.F.,(8,8),(1.570796251795,
    2.831889709047),.PIECEWISE_BEZIER_KNOTS.);
#8678 = CARTESIAN_POINT('',(3.14159257859,-2.999999537678E-07));
#8679 = CARTESIAN_POINT('',(3.321748786769,0.720624532715));
#8680 = CARTESIAN_POINT('',(3.501904994947,1.441248851186));
#8681 = CARTESIAN_POINT('',(3.682061203127,2.123675146849));
#8682 = CARTESIAN_POINT('',(3.862217411305,2.729686099517));
#8683 = CARTESIAN_POINT('',(4.042373619484,3.226181490454));
#8684 = CARTESIAN_POINT('',(4.222529827663,3.590067631436));
#8685 = CARTESIAN_POINT('',(4.402686035841,3.809696588796));
#8686 = ( GEOMETRIC_REPRESENTATION_CONTEXT(2) 
PARAMETRIC_REPRESENTATION_CONTEXT() REPRESENTATION_CONTEXT('2D SPACE',''
  ) );
#8687 = ORIENTED_EDGE('',*,*,#8688,.F.);
#8688 = EDGE_CURVE('',#8689,#8650,#8691,.T.);
#8689 = VERTEX_POINT('',#8690);
#8690 = CARTESIAN_POINT('',(-101.2191029084,-688.1903034112,1.2577E+03)
  );
#8691 = SURFACE_CURVE('',#8692,(#8697,#8704),.PCURVE_S1.);
#8692 = CIRCLE('',#8693,4.);
#8693 = AXIS2_PLACEMENT_3D('',#8694,#8695,#8696);
#8694 = CARTESIAN_POINT('',(-100.,-692.,1.2577E+03));
#8695 = DIRECTION('',(0.,0.,1.));
#8696 = DIRECTION('',(1.,0.,-0.));
#8697 = PCURVE('',#8501,#8698);
#8698 = DEFINITIONAL_REPRESENTATION('',(#8699),#8703);
#8699 = LINE('',#8700,#8701);
#8700 = CARTESIAN_POINT('',(0.,63.7));
#8701 = VECTOR('',#8702,1.);
#8702 = DIRECTION('',(1.,0.));
#8703 = ( GEOMETRIC_REPRESENTATION_CONTEXT(2) 
PARAMETRIC_REPRESENTATION_CONTEXT() REPRESENTATION_CONTEXT('2D SPACE',''
  ) );
#8704 = PCURVE('',#8705,#8710);
#8705 = SPHERICAL_SURFACE('',#8706,4.);
#8706 = AXIS2_PLACEMENT_3D('',#8707,#8708,#8709);
#8707 = CARTESIAN_POINT('',(-100.,-692.,1.2577E+03));
#8708 = DIRECTION('',(0.,0.,1.));
#8709 = DIRECTION('',(1.,0.,-0.));
#8710 = DEFINITIONAL_REPRESENTATION('',(#8711),#8715);
#8711 = LINE('',#8712,#8713);
#8712 = CARTESIAN_POINT('',(0.,0.));
#8713 = VECTOR('',#8714,1.);
#8714 = DIRECTION('',(1.,0.));
#8715 = ( GEOMETRIC_REPRESENTATION_CONTEXT(2) 
PARAMETRIC_REPRESENTATION_CONTEXT() REPRESENTATION_CONTEXT('2D SPACE',''
  ) );
#8716 = ORIENTED_EDGE('',*,*,#8717,.F.);
#8717 = EDGE_CURVE('',#8627,#8689,#8718,.T.);
#8718 = SURFACE_CURVE('',#8719,(#8724,#8737),.PCURVE_S1.);
#8719 = ELLIPSE('',#8720,5.656854249492,4.);
#8720 = AXIS2_PLACEMENT_3D('',#8721,#8722,#8723);
#8721 = CARTESIAN_POINT('',(-100.,-692.,1.2577E+03));
#8722 = DIRECTION('',(0.67346557305,0.215508983376,0.707106781187));
#8723 = DIRECTION('',(-0.67346557305,-0.215508983376,0.707106781187));
#8724 = PCURVE('',#8501,#8725);
#8725 = DEFINITIONAL_REPRESENTATION('',(#8726),#8736);
#8726 = B_SPLINE_CURVE_WITH_KNOTS('',8,(#8727,#8728,#8729,#8730,#8731,
    #8732,#8733,#8734,#8735),.UNSPECIFIED.,.F.,.F.,(9,9),(2.831889709047
    ,4.712388980385),.PIECEWISE_BEZIER_KNOTS.);
#8727 = CARTESIAN_POINT('',(-8.242295734817E-13,59.890303411204));
#8728 = CARTESIAN_POINT('',(0.235062408916,59.603738144833));
#8729 = CARTESIAN_POINT('',(0.470124817833,59.557747562714));
#8730 = CARTESIAN_POINT('',(0.705187226757,59.776453666302));
#8731 = CARTESIAN_POINT('',(0.940249635662,60.255650937615));
#8732 = CARTESIAN_POINT('',(1.17531204459,60.958422391297));
#8733 = CARTESIAN_POINT('',(1.410374453502,61.819499925819));
#8734 = CARTESIAN_POINT('',(1.64543686242,62.759750364331));
#8735 = CARTESIAN_POINT('',(1.880499271337,63.7));
#8736 = ( GEOMETRIC_REPRESENTATION_CONTEXT(2) 
PARAMETRIC_REPRESENTATION_CONTEXT() REPRESENTATION_CONTEXT('2D SPACE',''
  ) );
#8737 = PCURVE('',#8671,#8738);
#8738 = DEFINITIONAL_REPRESENTATION('',(#8739),#8749);
#8739 = B_SPLINE_CURVE_WITH_KNOTS('',8,(#8740,#8741,#8742,#8743,#8744,
    #8745,#8746,#8747,#8748),.UNSPECIFIED.,.F.,.F.,(9,9),(2.831889709047
    ,4.712388980385),.PIECEWISE_BEZIER_KNOTS.);
#8740 = CARTESIAN_POINT('',(4.402686035841,3.809696588796));
#8741 = CARTESIAN_POINT('',(4.637748444759,4.096261855167));
#8742 = CARTESIAN_POINT('',(4.872810853678,4.142252437305));
#8743 = CARTESIAN_POINT('',(5.107873262589,3.92354633351));
#8744 = CARTESIAN_POINT('',(5.342935671516,3.444349062529));
#8745 = CARTESIAN_POINT('',(5.577998080425,2.74157760844));
#8746 = CARTESIAN_POINT('',(5.813060489346,1.880500074225));
#8747 = CARTESIAN_POINT('',(6.048122898262,0.940249635669));
#8748 = CARTESIAN_POINT('',(6.28318530718,5.684341886081E-14));
#8749 = ( GEOMETRIC_REPRESENTATION_CONTEXT(2) 
PARAMETRIC_REPRESENTATION_CONTEXT() REPRESENTATION_CONTEXT('2D SPACE',''
  ) );
#8750 = ORIENTED_EDGE('',*,*,#8626,.F.);
#8751 = ORIENTED_EDGE('',*,*,#8526,.T.);
#8752 = ORIENTED_EDGE('',*,*,#8471,.T.);
#8753 = ADVANCED_FACE('',(#8754),#8705,.T.);
#8754 = FACE_BOUND('',#8755,.T.);
#8755 = EDGE_LOOP('',(#8756,#8780,#8802));
#8756 = ORIENTED_EDGE('',*,*,#8757,.F.);
#8757 = EDGE_CURVE('',#8758,#8650,#8760,.T.);
#8758 = VERTEX_POINT('',#8759);
#8759 = CARTESIAN_POINT('',(-100.,-692.,1.2617E+03));
#8760 = SURFACE_CURVE('',#8761,(#8766,#8773),.PCURVE_S1.);
#8761 = CIRCLE('',#8762,4.);
#8762 = AXIS2_PLACEMENT_3D('',#8763,#8764,#8765);
#8763 = CARTESIAN_POINT('',(-100.,-692.,1.2577E+03));
#8764 = DIRECTION('',(0.952424147199,0.304775727104,0.));
#8765 = DIRECTION('',(-0.304775727104,0.952424147199,0.));
#8766 = PCURVE('',#8705,#8767);
#8767 = DEFINITIONAL_REPRESENTATION('',(#8768),#8772);
#8768 = LINE('',#8769,#8770);
#8769 = CARTESIAN_POINT('',(5.022091924927,3.14159265359));
#8770 = VECTOR('',#8771,1.);
#8771 = DIRECTION('',(0.,-1.));
#8772 = ( GEOMETRIC_REPRESENTATION_CONTEXT(2) 
PARAMETRIC_REPRESENTATION_CONTEXT() REPRESENTATION_CONTEXT('2D SPACE',''
  ) );
#8773 = PCURVE('',#8671,#8774);
#8774 = DEFINITIONAL_REPRESENTATION('',(#8775),#8779);
#8775 = LINE('',#8776,#8777);
#8776 = CARTESIAN_POINT('',(0.,0.));
#8777 = VECTOR('',#8778,1.);
#8778 = DIRECTION('',(1.,0.));
#8779 = ( GEOMETRIC_REPRESENTATION_CONTEXT(2) 
PARAMETRIC_REPRESENTATION_CONTEXT() REPRESENTATION_CONTEXT('2D SPACE',''
  ) );
#8780 = ORIENTED_EDGE('',*,*,#8781,.F.);
#8781 = EDGE_CURVE('',#8689,#8758,#8782,.T.);
#8782 = SURFACE_CURVE('',#8783,(#8788,#8795),.PCURVE_S1.);
#8783 = CIRCLE('',#8784,4.);
#8784 = AXIS2_PLACEMENT_3D('',#8785,#8786,#8787);
#8785 = CARTESIAN_POINT('',(-100.,-692.,1.2577E+03));
#8786 = DIRECTION('',(0.952424147199,0.304775727104,0.));
#8787 = DIRECTION('',(-0.304775727104,0.952424147199,0.));
#8788 = PCURVE('',#8705,#8789);
#8789 = DEFINITIONAL_REPRESENTATION('',(#8790),#8794);
#8790 = LINE('',#8791,#8792);
#8791 = CARTESIAN_POINT('',(1.880499271337,0.));
#8792 = VECTOR('',#8793,1.);
#8793 = DIRECTION('',(0.,1.));
#8794 = ( GEOMETRIC_REPRESENTATION_CONTEXT(2) 
PARAMETRIC_REPRESENTATION_CONTEXT() REPRESENTATION_CONTEXT('2D SPACE',''
  ) );
#8795 = PCURVE('',#8671,#8796);
#8796 = DEFINITIONAL_REPRESENTATION('',(#8797),#8801);
#8797 = LINE('',#8798,#8799);
#8798 = CARTESIAN_POINT('',(0.,0.));
#8799 = VECTOR('',#8800,1.);
#8800 = DIRECTION('',(1.,0.));
#8801 = ( GEOMETRIC_REPRESENTATION_CONTEXT(2) 
PARAMETRIC_REPRESENTATION_CONTEXT() REPRESENTATION_CONTEXT('2D SPACE',''
  ) );
#8802 = ORIENTED_EDGE('',*,*,#8688,.T.);
#8803 = ADVANCED_FACE('',(#8804),#8671,.T.);
#8804 = FACE_BOUND('',#8805,.T.);
#8805 = EDGE_LOOP('',(#8806,#8863,#8884,#8885,#8886,#8887,#8888,#8889,
    #8917));
#8806 = ORIENTED_EDGE('',*,*,#8807,.F.);
#8807 = EDGE_CURVE('',#8808,#8810,#8812,.T.);
#8808 = VERTEX_POINT('',#8809);
#8809 = CARTESIAN_POINT('',(48.780897091585,-640.1903034112,1.2577E+03)
  );
#8810 = VERTEX_POINT('',#8811);
#8811 = CARTESIAN_POINT('',(51.219102908415,-647.8096965887,1.2577E+03)
  );
#8812 = SURFACE_CURVE('',#8813,(#8818,#8838),.PCURVE_S1.);
#8813 = ELLIPSE('',#8814,5.656854249492,4.);
#8814 = AXIS2_PLACEMENT_3D('',#8815,#8816,#8817);
#8815 = CARTESIAN_POINT('',(50.,-644.,1.2577E+03));
#8816 = DIRECTION('',(0.67346557305,0.215508983376,0.707106781187));
#8817 = DIRECTION('',(0.67346557305,0.215508983376,-0.707106781187));
#8818 = PCURVE('',#8671,#8819);
#8819 = DEFINITIONAL_REPRESENTATION('',(#8820),#8837);
#8820 = B_SPLINE_CURVE_WITH_KNOTS('',8,(#8821,#8822,#8823,#8824,#8825,
    #8826,#8827,#8828,#8829,#8830,#8831,#8832,#8833,#8834,#8835,#8836),
  .UNSPECIFIED.,.F.,.F.,(9,7,9),(1.570796180161,3.141592580273,
    4.712388980385),.UNSPECIFIED.);
#8821 = CARTESIAN_POINT('',(-1.466339085709E-07,157.49285756741));
#8822 = CARTESIAN_POINT('',(0.19634940338,156.70745936736));
#8823 = CARTESIAN_POINT('',(0.392698953394,155.92206095492));
#8824 = CARTESIAN_POINT('',(0.589048503405,155.18280434154));
#8825 = CARTESIAN_POINT('',(0.785398053421,154.53582229057));
#8826 = CARTESIAN_POINT('',(0.981747603434,154.02158501429));
#8827 = CARTESIAN_POINT('',(1.17809715345,153.66910021635));
#8828 = CARTESIAN_POINT('',(1.374446703464,153.49285703846));
#8829 = CARTESIAN_POINT('',(1.767145803492,153.49285692329));
#8830 = CARTESIAN_POINT('',(1.963495353506,153.66909998617));
#8831 = CARTESIAN_POINT('',(2.159844903516,154.02158467524));
#8832 = CARTESIAN_POINT('',(2.356194453532,154.53582185739));
#8833 = CARTESIAN_POINT('',(2.552544003542,155.18280383211));
#8834 = CARTESIAN_POINT('',(2.748893553563,155.92206039436));
#8835 = CARTESIAN_POINT('',(2.945243103576,156.70745878082));
#8836 = CARTESIAN_POINT('',(3.14159265359,157.49285698088));
#8837 = ( GEOMETRIC_REPRESENTATION_CONTEXT(2) 
PARAMETRIC_REPRESENTATION_CONTEXT() REPRESENTATION_CONTEXT('2D SPACE',''
  ) );
#8838 = PCURVE('',#8839,#8844);
#8839 = CYLINDRICAL_SURFACE('',#8840,4.);
#8840 = AXIS2_PLACEMENT_3D('',#8841,#8842,#8843);
#8841 = CARTESIAN_POINT('',(50.,-644.,1.2577E+03));
#8842 = DIRECTION('',(0.,0.,1.));
#8843 = DIRECTION('',(1.,0.,-0.));
#8844 = DEFINITIONAL_REPRESENTATION('',(#8845),#8862);
#8845 = B_SPLINE_CURVE_WITH_KNOTS('',8,(#8846,#8847,#8848,#8849,#8850,
    #8851,#8852,#8853,#8854,#8855,#8856,#8857,#8858,#8859,#8860,#8861),
  .UNSPECIFIED.,.F.,.F.,(9,7,9),(1.570796180161,3.141592580273,
    4.712388980385),.UNSPECIFIED.);
#8846 = CARTESIAN_POINT('',(1.880499124703,-5.865356342838E-07));
#8847 = CARTESIAN_POINT('',(2.076848674717,0.78539761352));
#8848 = CARTESIAN_POINT('',(2.273198224729,1.570796025895));
#8849 = CARTESIAN_POINT('',(2.469547774737,2.310052639355));
#8850 = CARTESIAN_POINT('',(2.665897324761,2.957034689489));
#8851 = CARTESIAN_POINT('',(2.862246874776,3.471271966637));
#8852 = CARTESIAN_POINT('',(3.058596424786,3.823756764435));
#8853 = CARTESIAN_POINT('',(3.254945974801,3.999999942417));
#8854 = CARTESIAN_POINT('',(3.647645074829,4.000000057583));
#8855 = CARTESIAN_POINT('',(3.843994624838,3.823756994763));
#8856 = CARTESIAN_POINT('',(4.040344174855,3.471272305369));
#8857 = CARTESIAN_POINT('',(4.236693724852,2.95703512308));
#8858 = CARTESIAN_POINT('',(4.433043274881,2.310053148361));
#8859 = CARTESIAN_POINT('',(4.629392824894,1.570796586586));
#8860 = CARTESIAN_POINT('',(4.825742374913,0.785398200056));
#8861 = CARTESIAN_POINT('',(5.022091924927,0.));
#8862 = ( GEOMETRIC_REPRESENTATION_CONTEXT(2) 
PARAMETRIC_REPRESENTATION_CONTEXT() REPRESENTATION_CONTEXT('2D SPACE',''
  ) );
#8863 = ORIENTED_EDGE('',*,*,#8864,.F.);
#8864 = EDGE_CURVE('',#8689,#8808,#8865,.T.);
#8865 = SEAM_CURVE('',#8866,(#8870,#8877),.PCURVE_S1.);
#8866 = LINE('',#8867,#8868);
#8867 = CARTESIAN_POINT('',(-101.2191029084,-688.1903034112,1.2577E+03)
  );
#8868 = VECTOR('',#8869,1.);
#8869 = DIRECTION('',(0.952424147199,0.304775727104,0.));
#8870 = PCURVE('',#8671,#8871);
#8871 = DEFINITIONAL_REPRESENTATION('',(#8872),#8876);
#8872 = LINE('',#8873,#8874);
#8873 = CARTESIAN_POINT('',(6.28318530718,-0.));
#8874 = VECTOR('',#8875,1.);
#8875 = DIRECTION('',(0.,1.));
#8876 = ( GEOMETRIC_REPRESENTATION_CONTEXT(2) 
PARAMETRIC_REPRESENTATION_CONTEXT() REPRESENTATION_CONTEXT('2D SPACE',''
  ) );
#8877 = PCURVE('',#8671,#8878);
#8878 = DEFINITIONAL_REPRESENTATION('',(#8879),#8883);
#8879 = LINE('',#8880,#8881);
#8880 = CARTESIAN_POINT('',(0.,-0.));
#8881 = VECTOR('',#8882,1.);
#8882 = DIRECTION('',(0.,1.));
#8883 = ( GEOMETRIC_REPRESENTATION_CONTEXT(2) 
PARAMETRIC_REPRESENTATION_CONTEXT() REPRESENTATION_CONTEXT('2D SPACE',''
  ) );
#8884 = ORIENTED_EDGE('',*,*,#8781,.T.);
#8885 = ORIENTED_EDGE('',*,*,#8757,.T.);
#8886 = ORIENTED_EDGE('',*,*,#8649,.T.);
#8887 = ORIENTED_EDGE('',*,*,#8717,.T.);
#8888 = ORIENTED_EDGE('',*,*,#8864,.T.);
#8889 = ORIENTED_EDGE('',*,*,#8890,.F.);
#8890 = EDGE_CURVE('',#8891,#8808,#8893,.T.);
#8891 = VERTEX_POINT('',#8892);
#8892 = CARTESIAN_POINT('',(50.,-644.,1.2537E+03));
#8893 = SURFACE_CURVE('',#8894,(#8899,#8906),.PCURVE_S1.);
#8894 = CIRCLE('',#8895,4.);
#8895 = AXIS2_PLACEMENT_3D('',#8896,#8897,#8898);
#8896 = CARTESIAN_POINT('',(50.,-644.,1.2577E+03));
#8897 = DIRECTION('',(0.952424147199,0.304775727104,0.));
#8898 = DIRECTION('',(-0.304775727104,0.952424147199,0.));
#8899 = PCURVE('',#8671,#8900);
#8900 = DEFINITIONAL_REPRESENTATION('',(#8901),#8905);
#8901 = LINE('',#8902,#8903);
#8902 = CARTESIAN_POINT('',(0.,157.49285698088));
#8903 = VECTOR('',#8904,1.);
#8904 = DIRECTION('',(1.,0.));
#8905 = ( GEOMETRIC_REPRESENTATION_CONTEXT(2) 
PARAMETRIC_REPRESENTATION_CONTEXT() REPRESENTATION_CONTEXT('2D SPACE',''
  ) );
#8906 = PCURVE('',#8907,#8912);
#8907 = SPHERICAL_SURFACE('',#8908,4.);
#8908 = AXIS2_PLACEMENT_3D('',#8909,#8910,#8911);
#8909 = CARTESIAN_POINT('',(50.,-644.,1.2577E+03));
#8910 = DIRECTION('',(0.,0.,1.));
#8911 = DIRECTION('',(1.,0.,-0.));
#8912 = DEFINITIONAL_REPRESENTATION('',(#8913),#8916);
#8913 = B_SPLINE_CURVE_WITH_KNOTS('',1,(#8914,#8915),.UNSPECIFIED.,.F.,
  .F.,(2,2),(4.712388980385,6.28318530718),.PIECEWISE_BEZIER_KNOTS.);
#8914 = CARTESIAN_POINT('',(8.163684578517,-1.570796326795));
#8915 = CARTESIAN_POINT('',(8.163684578517,0.));
#8916 = ( GEOMETRIC_REPRESENTATION_CONTEXT(2) 
PARAMETRIC_REPRESENTATION_CONTEXT() REPRESENTATION_CONTEXT('2D SPACE',''
  ) );
#8917 = ORIENTED_EDGE('',*,*,#8918,.F.);
#8918 = EDGE_CURVE('',#8810,#8891,#8919,.T.);
#8919 = SURFACE_CURVE('',#8920,(#8925,#8932),.PCURVE_S1.);
#8920 = CIRCLE('',#8921,4.);
#8921 = AXIS2_PLACEMENT_3D('',#8922,#8923,#8924);
#8922 = CARTESIAN_POINT('',(50.,-644.,1.2577E+03));
#8923 = DIRECTION('',(0.952424147199,0.304775727104,0.));
#8924 = DIRECTION('',(-0.304775727104,0.952424147199,0.));
#8925 = PCURVE('',#8671,#8926);
#8926 = DEFINITIONAL_REPRESENTATION('',(#8927),#8931);
#8927 = LINE('',#8928,#8929);
#8928 = CARTESIAN_POINT('',(0.,157.49285698088));
#8929 = VECTOR('',#8930,1.);
#8930 = DIRECTION('',(1.,0.));
#8931 = ( GEOMETRIC_REPRESENTATION_CONTEXT(2) 
PARAMETRIC_REPRESENTATION_CONTEXT() REPRESENTATION_CONTEXT('2D SPACE',''
  ) );
#8932 = PCURVE('',#8907,#8933);
#8933 = DEFINITIONAL_REPRESENTATION('',(#8934),#8937);
#8934 = B_SPLINE_CURVE_WITH_KNOTS('',1,(#8935,#8936),.UNSPECIFIED.,.F.,
  .F.,(2,2),(3.14159265359,4.712388980385),.PIECEWISE_BEZIER_KNOTS.);
#8935 = CARTESIAN_POINT('',(5.022091924927,0.));
#8936 = CARTESIAN_POINT('',(5.022091924927,-1.570796326795));
#8937 = ( GEOMETRIC_REPRESENTATION_CONTEXT(2) 
PARAMETRIC_REPRESENTATION_CONTEXT() REPRESENTATION_CONTEXT('2D SPACE',''
  ) );
#8938 = ADVANCED_FACE('',(#8939),#8907,.T.);
#8939 = FACE_BOUND('',#8940,.T.);
#8940 = EDGE_LOOP('',(#8941,#8942,#8943,#8966));
#8941 = ORIENTED_EDGE('',*,*,#8918,.T.);
#8942 = ORIENTED_EDGE('',*,*,#8890,.T.);
#8943 = ORIENTED_EDGE('',*,*,#8944,.F.);
#8944 = EDGE_CURVE('',#8945,#8808,#8947,.T.);
#8945 = VERTEX_POINT('',#8946);
#8946 = CARTESIAN_POINT('',(54.,-644.,1.2577E+03));
#8947 = SURFACE_CURVE('',#8948,(#8953,#8959),.PCURVE_S1.);
#8948 = CIRCLE('',#8949,4.);
#8949 = AXIS2_PLACEMENT_3D('',#8950,#8951,#8952);
#8950 = CARTESIAN_POINT('',(50.,-644.,1.2577E+03));
#8951 = DIRECTION('',(0.,0.,1.));
#8952 = DIRECTION('',(1.,0.,-0.));
#8953 = PCURVE('',#8907,#8954);
#8954 = DEFINITIONAL_REPRESENTATION('',(#8955),#8958);
#8955 = B_SPLINE_CURVE_WITH_KNOTS('',1,(#8956,#8957),.UNSPECIFIED.,.F.,
  .F.,(2,2),(0.,1.880499271337),.PIECEWISE_BEZIER_KNOTS.);
#8956 = CARTESIAN_POINT('',(6.28318530718,0.));
#8957 = CARTESIAN_POINT('',(8.163684578517,0.));
#8958 = ( GEOMETRIC_REPRESENTATION_CONTEXT(2) 
PARAMETRIC_REPRESENTATION_CONTEXT() REPRESENTATION_CONTEXT('2D SPACE',''
  ) );
#8959 = PCURVE('',#8839,#8960);
#8960 = DEFINITIONAL_REPRESENTATION('',(#8961),#8965);
#8961 = LINE('',#8962,#8963);
#8962 = CARTESIAN_POINT('',(0.,0.));
#8963 = VECTOR('',#8964,1.);
#8964 = DIRECTION('',(1.,0.));
#8965 = ( GEOMETRIC_REPRESENTATION_CONTEXT(2) 
PARAMETRIC_REPRESENTATION_CONTEXT() REPRESENTATION_CONTEXT('2D SPACE',''
  ) );
#8966 = ORIENTED_EDGE('',*,*,#8967,.F.);
#8967 = EDGE_CURVE('',#8810,#8945,#8968,.T.);
#8968 = SURFACE_CURVE('',#8969,(#8974,#8980),.PCURVE_S1.);
#8969 = CIRCLE('',#8970,4.);
#8970 = AXIS2_PLACEMENT_3D('',#8971,#8972,#8973);
#8971 = CARTESIAN_POINT('',(50.,-644.,1.2577E+03));
#8972 = DIRECTION('',(0.,0.,1.));
#8973 = DIRECTION('',(1.,0.,-0.));
#8974 = PCURVE('',#8907,#8975);
#8975 = DEFINITIONAL_REPRESENTATION('',(#8976),#8979);
#8976 = B_SPLINE_CURVE_WITH_KNOTS('',1,(#8977,#8978),.UNSPECIFIED.,.F.,
  .F.,(2,2),(5.022091924927,6.28318530718),.PIECEWISE_BEZIER_KNOTS.);
#8977 = CARTESIAN_POINT('',(5.022091924927,0.));
#8978 = CARTESIAN_POINT('',(6.28318530718,0.));
#8979 = ( GEOMETRIC_REPRESENTATION_CONTEXT(2) 
PARAMETRIC_REPRESENTATION_CONTEXT() REPRESENTATION_CONTEXT('2D SPACE',''
  ) );
#8980 = PCURVE('',#8839,#8981);
#8981 = DEFINITIONAL_REPRESENTATION('',(#8982),#8986);
#8982 = LINE('',#8983,#8984);
#8983 = CARTESIAN_POINT('',(0.,0.));
#8984 = VECTOR('',#8985,1.);
#8985 = DIRECTION('',(1.,0.));
#8986 = ( GEOMETRIC_REPRESENTATION_CONTEXT(2) 
PARAMETRIC_REPRESENTATION_CONTEXT() REPRESENTATION_CONTEXT('2D SPACE',''
  ) );
#8987 = ADVANCED_FACE('',(#8988),#8839,.T.);
#8988 = FACE_BOUND('',#8989,.T.);
#8989 = EDGE_LOOP('',(#8990,#9013,#9040,#9041,#9042,#9043));
#8990 = ORIENTED_EDGE('',*,*,#8991,.T.);
#8991 = EDGE_CURVE('',#8945,#8992,#8994,.T.);
#8992 = VERTEX_POINT('',#8993);
#8993 = CARTESIAN_POINT('',(54.,-644.,1.317E+03));
#8994 = SEAM_CURVE('',#8995,(#8999,#9006),.PCURVE_S1.);
#8995 = LINE('',#8996,#8997);
#8996 = CARTESIAN_POINT('',(54.,-644.,1.2577E+03));
#8997 = VECTOR('',#8998,1.);
#8998 = DIRECTION('',(0.,0.,1.));
#8999 = PCURVE('',#8839,#9000);
#9000 = DEFINITIONAL_REPRESENTATION('',(#9001),#9005);
#9001 = LINE('',#9002,#9003);
#9002 = CARTESIAN_POINT('',(6.28318530718,-0.));
#9003 = VECTOR('',#9004,1.);
#9004 = DIRECTION('',(0.,1.));
#9005 = ( GEOMETRIC_REPRESENTATION_CONTEXT(2) 
PARAMETRIC_REPRESENTATION_CONTEXT() REPRESENTATION_CONTEXT('2D SPACE',''
  ) );
#9006 = PCURVE('',#8839,#9007);
#9007 = DEFINITIONAL_REPRESENTATION('',(#9008),#9012);
#9008 = LINE('',#9009,#9010);
#9009 = CARTESIAN_POINT('',(0.,-0.));
#9010 = VECTOR('',#9011,1.);
#9011 = DIRECTION('',(0.,1.));
#9012 = ( GEOMETRIC_REPRESENTATION_CONTEXT(2) 
PARAMETRIC_REPRESENTATION_CONTEXT() REPRESENTATION_CONTEXT('2D SPACE',''
  ) );
#9013 = ORIENTED_EDGE('',*,*,#9014,.F.);
#9014 = EDGE_CURVE('',#8992,#8992,#9015,.T.);
#9015 = SURFACE_CURVE('',#9016,(#9021,#9028),.PCURVE_S1.);
#9016 = CIRCLE('',#9017,4.);
#9017 = AXIS2_PLACEMENT_3D('',#9018,#9019,#9020);
#9018 = CARTESIAN_POINT('',(50.,-644.,1.317E+03));
#9019 = DIRECTION('',(0.,0.,1.));
#9020 = DIRECTION('',(1.,0.,-0.));
#9021 = PCURVE('',#8839,#9022);
#9022 = DEFINITIONAL_REPRESENTATION('',(#9023),#9027);
#9023 = LINE('',#9024,#9025);
#9024 = CARTESIAN_POINT('',(0.,59.3));
#9025 = VECTOR('',#9026,1.);
#9026 = DIRECTION('',(1.,0.));
#9027 = ( GEOMETRIC_REPRESENTATION_CONTEXT(2) 
PARAMETRIC_REPRESENTATION_CONTEXT() REPRESENTATION_CONTEXT('2D SPACE',''
  ) );
#9028 = PCURVE('',#9029,#9034);
#9029 = PLANE('',#9030);
#9030 = AXIS2_PLACEMENT_3D('',#9031,#9032,#9033);
#9031 = CARTESIAN_POINT('',(50.,-644.,1.317E+03));
#9032 = DIRECTION('',(0.,0.,1.));
#9033 = DIRECTION('',(1.,0.,-0.));
#9034 = DEFINITIONAL_REPRESENTATION('',(#9035),#9039);
#9035 = CIRCLE('',#9036,4.);
#9036 = AXIS2_PLACEMENT_2D('',#9037,#9038);
#9037 = CARTESIAN_POINT('',(0.,0.));
#9038 = DIRECTION('',(1.,0.));
#9039 = ( GEOMETRIC_REPRESENTATION_CONTEXT(2) 
PARAMETRIC_REPRESENTATION_CONTEXT() REPRESENTATION_CONTEXT('2D SPACE',''
  ) );
#9040 = ORIENTED_EDGE('',*,*,#8991,.F.);
#9041 = ORIENTED_EDGE('',*,*,#8944,.T.);
#9042 = ORIENTED_EDGE('',*,*,#8807,.T.);
#9043 = ORIENTED_EDGE('',*,*,#8967,.T.);
#9044 = ADVANCED_FACE('',(#9045),#9029,.T.);
#9045 = FACE_BOUND('',#9046,.T.);
#9046 = EDGE_LOOP('',(#9047));
#9047 = ORIENTED_EDGE('',*,*,#9014,.T.);
#9048 = ADVANCED_FACE('',(#9049),#8459,.T.);
#9049 = FACE_BOUND('',#9050,.T.);
#9050 = EDGE_LOOP('',(#9051,#9052,#9053));
#9051 = ORIENTED_EDGE('',*,*,#8556,.T.);
#9052 = ORIENTED_EDGE('',*,*,#8604,.F.);
#9053 = ORIENTED_EDGE('',*,*,#8442,.T.);
#9054 = ADVANCED_FACE('',(#9055),#8272,.T.);
#9055 = FACE_BOUND('',#9056,.T.);
#9056 = EDGE_LOOP('',(#9057,#9058,#9059));
#9057 = ORIENTED_EDGE('',*,*,#8253,.T.);
#9058 = ORIENTED_EDGE('',*,*,#8578,.F.);
#9059 = ORIENTED_EDGE('',*,*,#8395,.F.);
#9060 = ADVANCED_FACE('',(#9061),#7889,.T.);
#9061 = FACE_BOUND('',#9062,.T.);
#9062 = EDGE_LOOP('',(#9063,#9064,#9065));
#9063 = ORIENTED_EDGE('',*,*,#8048,.F.);
#9064 = ORIENTED_EDGE('',*,*,#8025,.F.);
#9065 = ORIENTED_EDGE('',*,*,#7870,.T.);
#9066 = ADVANCED_FACE('',(#9067),#7748,.T.);
#9067 = FACE_BOUND('',#9068,.T.);
#9068 = EDGE_LOOP('',(#9069,#9070,#9071));
#9069 = ORIENTED_EDGE('',*,*,#7845,.T.);
#9070 = ORIENTED_EDGE('',*,*,#7924,.F.);
#9071 = ORIENTED_EDGE('',*,*,#7731,.T.);
#9072 = ADVANCED_FACE('',(#9073),#7696,.F.);
#9073 = FACE_BOUND('',#9074,.T.);
#9074 = EDGE_LOOP('',(#9075));
#9075 = ORIENTED_EDGE('',*,*,#7674,.F.);
#9076 = MANIFOLD_SOLID_BREP('',#9077);
#9077 = CLOSED_SHELL('',(#9078,#9251,#9300,#9436,#9440,#9467,#9606,#9815
    ,#9821,#9870,#10005,#10054,#10190,#10217,#10273));
#9078 = ADVANCED_FACE('',(#9079),#9094,.T.);
#9079 = FACE_BOUND('',#9080,.T.);
#9080 = EDGE_LOOP('',(#9081,#9117,#9140,#9167,#9168,#9203));
#9081 = ORIENTED_EDGE('',*,*,#9082,.F.);
#9082 = EDGE_CURVE('',#9083,#9085,#9087,.T.);
#9083 = VERTEX_POINT('',#9084);
#9084 = CARTESIAN_POINT('',(-4.,-644.,1.2727E+03));
#9085 = VERTEX_POINT('',#9086);
#9086 = CARTESIAN_POINT('',(4.,-644.,1.2727E+03));
#9087 = SURFACE_CURVE('',#9088,(#9093,#9105),.PCURVE_S1.);
#9088 = CIRCLE('',#9089,4.);
#9089 = AXIS2_PLACEMENT_3D('',#9090,#9091,#9092);
#9090 = CARTESIAN_POINT('',(0.,-644.,1.2727E+03));
#9091 = DIRECTION('',(0.,0.,-1.));
#9092 = DIRECTION('',(-1.,0.,-0.));
#9093 = PCURVE('',#9094,#9099);
#9094 = CYLINDRICAL_SURFACE('',#9095,4.);
#9095 = AXIS2_PLACEMENT_3D('',#9096,#9097,#9098);
#9096 = CARTESIAN_POINT('',(0.,-644.,1.317E+03));
#9097 = DIRECTION('',(0.,0.,-1.));
#9098 = DIRECTION('',(-1.,0.,-0.));
#9099 = DEFINITIONAL_REPRESENTATION('',(#9100),#9104);
#9100 = LINE('',#9101,#9102);
#9101 = CARTESIAN_POINT('',(0.,44.3));
#9102 = VECTOR('',#9103,1.);
#9103 = DIRECTION('',(1.,0.));
#9104 = ( GEOMETRIC_REPRESENTATION_CONTEXT(2) 
PARAMETRIC_REPRESENTATION_CONTEXT() REPRESENTATION_CONTEXT('2D SPACE',''
  ) );
#9105 = PCURVE('',#9106,#9111);
#9106 = SPHERICAL_SURFACE('',#9107,4.);
#9107 = AXIS2_PLACEMENT_3D('',#9108,#9109,#9110);
#9108 = CARTESIAN_POINT('',(0.,-644.,1.2727E+03));
#9109 = DIRECTION('',(0.,0.,1.));
#9110 = DIRECTION('',(1.,0.,-0.));
#9111 = DEFINITIONAL_REPRESENTATION('',(#9112),#9116);
#9112 = LINE('',#9113,#9114);
#9113 = CARTESIAN_POINT('',(3.14159265359,0.));
#9114 = VECTOR('',#9115,1.);
#9115 = DIRECTION('',(-1.,0.));
#9116 = ( GEOMETRIC_REPRESENTATION_CONTEXT(2) 
PARAMETRIC_REPRESENTATION_CONTEXT() REPRESENTATION_CONTEXT('2D SPACE',''
  ) );
#9117 = ORIENTED_EDGE('',*,*,#9118,.F.);
#9118 = EDGE_CURVE('',#9119,#9083,#9121,.T.);
#9119 = VERTEX_POINT('',#9120);
#9120 = CARTESIAN_POINT('',(-4.,-644.,1.317E+03));
#9121 = SEAM_CURVE('',#9122,(#9126,#9133),.PCURVE_S1.);
#9122 = LINE('',#9123,#9124);
#9123 = CARTESIAN_POINT('',(-4.,-644.,1.317E+03));
#9124 = VECTOR('',#9125,1.);
#9125 = DIRECTION('',(0.,0.,-1.));
#9126 = PCURVE('',#9094,#9127);
#9127 = DEFINITIONAL_REPRESENTATION('',(#9128),#9132);
#9128 = LINE('',#9129,#9130);
#9129 = CARTESIAN_POINT('',(6.28318530718,-0.));
#9130 = VECTOR('',#9131,1.);
#9131 = DIRECTION('',(0.,1.));
#9132 = ( GEOMETRIC_REPRESENTATION_CONTEXT(2) 
PARAMETRIC_REPRESENTATION_CONTEXT() REPRESENTATION_CONTEXT('2D SPACE',''
  ) );
#9133 = PCURVE('',#9094,#9134);
#9134 = DEFINITIONAL_REPRESENTATION('',(#9135),#9139);
#9135 = LINE('',#9136,#9137);
#9136 = CARTESIAN_POINT('',(0.,-0.));
#9137 = VECTOR('',#9138,1.);
#9138 = DIRECTION('',(0.,1.));
#9139 = ( GEOMETRIC_REPRESENTATION_CONTEXT(2) 
PARAMETRIC_REPRESENTATION_CONTEXT() REPRESENTATION_CONTEXT('2D SPACE',''
  ) );
#9140 = ORIENTED_EDGE('',*,*,#9141,.T.);
#9141 = EDGE_CURVE('',#9119,#9119,#9142,.T.);
#9142 = SURFACE_CURVE('',#9143,(#9148,#9155),.PCURVE_S1.);
#9143 = CIRCLE('',#9144,4.);
#9144 = AXIS2_PLACEMENT_3D('',#9145,#9146,#9147);
#9145 = CARTESIAN_POINT('',(0.,-644.,1.317E+03));
#9146 = DIRECTION('',(0.,0.,-1.));
#9147 = DIRECTION('',(-1.,0.,-0.));
#9148 = PCURVE('',#9094,#9149);
#9149 = DEFINITIONAL_REPRESENTATION('',(#9150),#9154);
#9150 = LINE('',#9151,#9152);
#9151 = CARTESIAN_POINT('',(0.,0.));
#9152 = VECTOR('',#9153,1.);
#9153 = DIRECTION('',(1.,0.));
#9154 = ( GEOMETRIC_REPRESENTATION_CONTEXT(2) 
PARAMETRIC_REPRESENTATION_CONTEXT() REPRESENTATION_CONTEXT('2D SPACE',''
  ) );
#9155 = PCURVE('',#9156,#9161);
#9156 = PLANE('',#9157);
#9157 = AXIS2_PLACEMENT_3D('',#9158,#9159,#9160);
#9158 = CARTESIAN_POINT('',(0.,-644.,1.317E+03));
#9159 = DIRECTION('',(0.,0.,-1.));
#9160 = DIRECTION('',(-1.,0.,-0.));
#9161 = DEFINITIONAL_REPRESENTATION('',(#9162),#9166);
#9162 = CIRCLE('',#9163,4.);
#9163 = AXIS2_PLACEMENT_2D('',#9164,#9165);
#9164 = CARTESIAN_POINT('',(0.,0.));
#9165 = DIRECTION('',(1.,0.));
#9166 = ( GEOMETRIC_REPRESENTATION_CONTEXT(2) 
PARAMETRIC_REPRESENTATION_CONTEXT() REPRESENTATION_CONTEXT('2D SPACE',''
  ) );
#9167 = ORIENTED_EDGE('',*,*,#9118,.T.);
#9168 = ORIENTED_EDGE('',*,*,#9169,.F.);
#9169 = EDGE_CURVE('',#9170,#9083,#9172,.T.);
#9170 = VERTEX_POINT('',#9171);
#9171 = CARTESIAN_POINT('',(-3.999999999993,-644.0000077146,
    1.272700007715E+03));
#9172 = SURFACE_CURVE('',#9173,(#9178,#9188),.PCURVE_S1.);
#9173 = ELLIPSE('',#9174,5.656854249492,4.);
#9174 = AXIS2_PLACEMENT_3D('',#9175,#9176,#9177);
#9175 = CARTESIAN_POINT('',(0.,-644.,1.2727E+03));
#9176 = DIRECTION('',(0.,-0.707106781187,-0.707106781187));
#9177 = DIRECTION('',(0.,0.707106781187,-0.707106781187));
#9178 = PCURVE('',#9094,#9179);
#9179 = DEFINITIONAL_REPRESENTATION('',(#9180),#9187);
#9180 = B_SPLINE_CURVE_WITH_KNOTS('',5,(#9181,#9182,#9183,#9184,#9185,
    #9186),.UNSPECIFIED.,.F.,.F.,(6,6),(4.712387051735,4.712389055385),
  .PIECEWISE_BEZIER_KNOTS.);
#9181 = CARTESIAN_POINT('',(6.283183378529,44.299992285399));
#9182 = CARTESIAN_POINT('',(6.28318377926,44.299993888319));
#9183 = CARTESIAN_POINT('',(6.28318417999,44.29999549124));
#9184 = CARTESIAN_POINT('',(6.28318458072,44.299997094159));
#9185 = CARTESIAN_POINT('',(6.28318498145,44.29999869708));
#9186 = CARTESIAN_POINT('',(6.28318538218,44.3000003));
#9187 = ( GEOMETRIC_REPRESENTATION_CONTEXT(2) 
PARAMETRIC_REPRESENTATION_CONTEXT() REPRESENTATION_CONTEXT('2D SPACE',''
  ) );
#9188 = PCURVE('',#9189,#9194);
#9189 = CYLINDRICAL_SURFACE('',#9190,4.);
#9190 = AXIS2_PLACEMENT_3D('',#9191,#9192,#9193);
#9191 = CARTESIAN_POINT('',(0.,-644.,1.2727E+03));
#9192 = DIRECTION('',(0.,-1.,0.));
#9193 = DIRECTION('',(0.,-0.,-1.));
#9194 = DEFINITIONAL_REPRESENTATION('',(#9195),#9202);
#9195 = B_SPLINE_CURVE_WITH_KNOTS('',5,(#9196,#9197,#9198,#9199,#9200,
    #9201),.UNSPECIFIED.,.F.,.F.,(6,6),(4.712387051735,4.712389055385),
  .PIECEWISE_BEZIER_KNOTS.);
#9196 = CARTESIAN_POINT('',(4.712387051735,7.714600428699E-06));
#9197 = CARTESIAN_POINT('',(4.712387452465,6.11168034084E-06));
#9198 = CARTESIAN_POINT('',(4.712387853195,4.508760199963E-06));
#9199 = CARTESIAN_POINT('',(4.712388253925,2.905840269239E-06));
#9200 = CARTESIAN_POINT('',(4.712388654655,1.302920077251E-06));
#9201 = CARTESIAN_POINT('',(4.712389055385,-3.000000106113E-07));
#9202 = ( GEOMETRIC_REPRESENTATION_CONTEXT(2) 
PARAMETRIC_REPRESENTATION_CONTEXT() REPRESENTATION_CONTEXT('2D SPACE',''
  ) );
#9203 = ORIENTED_EDGE('',*,*,#9204,.F.);
#9204 = EDGE_CURVE('',#9085,#9170,#9205,.T.);
#9205 = SURFACE_CURVE('',#9206,(#9211,#9231),.PCURVE_S1.);
#9206 = ELLIPSE('',#9207,5.656854249492,4.);
#9207 = AXIS2_PLACEMENT_3D('',#9208,#9209,#9210);
#9208 = CARTESIAN_POINT('',(0.,-644.,1.2727E+03));
#9209 = DIRECTION('',(0.,-0.707106781187,-0.707106781187));
#9210 = DIRECTION('',(0.,0.707106781187,-0.707106781187));
#9211 = PCURVE('',#9094,#9212);
#9212 = DEFINITIONAL_REPRESENTATION('',(#9213),#9230);
#9213 = B_SPLINE_CURVE_WITH_KNOTS('',8,(#9214,#9215,#9216,#9217,#9218,
    #9219,#9220,#9221,#9222,#9223,#9224,#9225,#9226,#9227,#9228,#9229),
  .UNSPECIFIED.,.F.,.F.,(9,7,9),(1.570796251795,3.141591651765,
    4.712387051735),.UNSPECIFIED.);
#9214 = CARTESIAN_POINT('',(3.14159257859,44.3000003));
#9215 = CARTESIAN_POINT('',(3.337942003586,43.514602600015));
#9216 = CARTESIAN_POINT('',(3.534291428584,42.729204700277));
#9217 = CARTESIAN_POINT('',(3.730640853557,41.989948524206));
#9218 = CARTESIAN_POINT('',(3.926990278582,41.342966746015));
#9219 = CARTESIAN_POINT('',(4.123339703545,40.82872950504));
#9220 = CARTESIAN_POINT('',(4.31968912857,40.476244469588));
#9221 = CARTESIAN_POINT('',(4.516038553563,40.300000786833));
#9222 = CARTESIAN_POINT('',(4.908737403556,40.299999213171));
#9223 = CARTESIAN_POINT('',(5.10508682855,40.476241322212));
#9224 = CARTESIAN_POINT('',(5.301436253543,40.828724876657));
#9225 = CARTESIAN_POINT('',(5.497785678544,41.342960820999));
#9226 = CARTESIAN_POINT('',(5.694135103546,41.989941569045));
#9227 = CARTESIAN_POINT('',(5.890484528531,42.729197038781));
#9228 = CARTESIAN_POINT('',(6.086833953533,43.514594585416));
#9229 = CARTESIAN_POINT('',(6.283183378529,44.299992285399));
#9230 = ( GEOMETRIC_REPRESENTATION_CONTEXT(2) 
PARAMETRIC_REPRESENTATION_CONTEXT() REPRESENTATION_CONTEXT('2D SPACE',''
  ) );
#9231 = PCURVE('',#9189,#9232);
#9232 = DEFINITIONAL_REPRESENTATION('',(#9233),#9250);
#9233 = B_SPLINE_CURVE_WITH_KNOTS('',8,(#9234,#9235,#9236,#9237,#9238,
    #9239,#9240,#9241,#9242,#9243,#9244,#9245,#9246,#9247,#9248,#9249),
  .UNSPECIFIED.,.F.,.F.,(9,7,9),(1.570796251795,3.141591651765,
    4.712387051735),.UNSPECIFIED.);
#9234 = CARTESIAN_POINT('',(1.570796251795,-3.000000106113E-07));
#9235 = CARTESIAN_POINT('',(1.767145676791,0.785397399985));
#9236 = CARTESIAN_POINT('',(1.963495101785,1.570795299665));
#9237 = CARTESIAN_POINT('',(2.159844526786,2.31005147593));
#9238 = CARTESIAN_POINT('',(2.356193951775,2.957033253564));
#9239 = CARTESIAN_POINT('',(2.55254337678,3.471270495011));
#9240 = CARTESIAN_POINT('',(2.74889280177,3.823755530372));
#9241 = CARTESIAN_POINT('',(2.945242226769,3.999999213167));
#9242 = CARTESIAN_POINT('',(3.337941076761,4.000000786829));
#9243 = CARTESIAN_POINT('',(3.534290501756,3.823758677697));
#9244 = CARTESIAN_POINT('',(3.730639926749,3.471275123534));
#9245 = CARTESIAN_POINT('',(3.92698935173,2.957039178436));
#9246 = CARTESIAN_POINT('',(4.123338776741,2.310058431134));
#9247 = CARTESIAN_POINT('',(4.31968820174,1.570802961135));
#9248 = CARTESIAN_POINT('',(4.516037626738,0.785405414584));
#9249 = CARTESIAN_POINT('',(4.712387051735,7.714600428699E-06));
#9250 = ( GEOMETRIC_REPRESENTATION_CONTEXT(2) 
PARAMETRIC_REPRESENTATION_CONTEXT() REPRESENTATION_CONTEXT('2D SPACE',''
  ) );
#9251 = ADVANCED_FACE('',(#9252),#9106,.T.);
#9252 = FACE_BOUND('',#9253,.T.);
#9253 = EDGE_LOOP('',(#9254,#9255,#9278));
#9254 = ORIENTED_EDGE('',*,*,#9082,.T.);
#9255 = ORIENTED_EDGE('',*,*,#9256,.F.);
#9256 = EDGE_CURVE('',#9257,#9085,#9259,.T.);
#9257 = VERTEX_POINT('',#9258);
#9258 = CARTESIAN_POINT('',(-3.673940397442E-16,-644.,1.2687E+03));
#9259 = SURFACE_CURVE('',#9260,(#9265,#9271),.PCURVE_S1.);
#9260 = CIRCLE('',#9261,4.);
#9261 = AXIS2_PLACEMENT_3D('',#9262,#9263,#9264);
#9262 = CARTESIAN_POINT('',(0.,-644.,1.2727E+03));
#9263 = DIRECTION('',(0.,-1.,0.));
#9264 = DIRECTION('',(0.,-0.,-1.));
#9265 = PCURVE('',#9106,#9266);
#9266 = DEFINITIONAL_REPRESENTATION('',(#9267),#9270);
#9267 = B_SPLINE_CURVE_WITH_KNOTS('',1,(#9268,#9269),.UNSPECIFIED.,.F.,
  .F.,(2,2),(0.,1.570796326795),.PIECEWISE_BEZIER_KNOTS.);
#9268 = CARTESIAN_POINT('',(0.,-1.570796326795));
#9269 = CARTESIAN_POINT('',(0.,0.));
#9270 = ( GEOMETRIC_REPRESENTATION_CONTEXT(2) 
PARAMETRIC_REPRESENTATION_CONTEXT() REPRESENTATION_CONTEXT('2D SPACE',''
  ) );
#9271 = PCURVE('',#9189,#9272);
#9272 = DEFINITIONAL_REPRESENTATION('',(#9273),#9277);
#9273 = LINE('',#9274,#9275);
#9274 = CARTESIAN_POINT('',(0.,0.));
#9275 = VECTOR('',#9276,1.);
#9276 = DIRECTION('',(1.,0.));
#9277 = ( GEOMETRIC_REPRESENTATION_CONTEXT(2) 
PARAMETRIC_REPRESENTATION_CONTEXT() REPRESENTATION_CONTEXT('2D SPACE',''
  ) );
#9278 = ORIENTED_EDGE('',*,*,#9279,.F.);
#9279 = EDGE_CURVE('',#9083,#9257,#9280,.T.);
#9280 = SURFACE_CURVE('',#9281,(#9286,#9293),.PCURVE_S1.);
#9281 = CIRCLE('',#9282,4.);
#9282 = AXIS2_PLACEMENT_3D('',#9283,#9284,#9285);
#9283 = CARTESIAN_POINT('',(0.,-644.,1.2727E+03));
#9284 = DIRECTION('',(0.,-1.,0.));
#9285 = DIRECTION('',(0.,-0.,-1.));
#9286 = PCURVE('',#9106,#9287);
#9287 = DEFINITIONAL_REPRESENTATION('',(#9288),#9292);
#9288 = LINE('',#9289,#9290);
#9289 = CARTESIAN_POINT('',(3.14159265359,4.712388980385));
#9290 = VECTOR('',#9291,1.);
#9291 = DIRECTION('',(0.,-1.));
#9292 = ( GEOMETRIC_REPRESENTATION_CONTEXT(2) 
PARAMETRIC_REPRESENTATION_CONTEXT() REPRESENTATION_CONTEXT('2D SPACE',''
  ) );
#9293 = PCURVE('',#9189,#9294);
#9294 = DEFINITIONAL_REPRESENTATION('',(#9295),#9299);
#9295 = LINE('',#9296,#9297);
#9296 = CARTESIAN_POINT('',(0.,0.));
#9297 = VECTOR('',#9298,1.);
#9298 = DIRECTION('',(1.,0.));
#9299 = ( GEOMETRIC_REPRESENTATION_CONTEXT(2) 
PARAMETRIC_REPRESENTATION_CONTEXT() REPRESENTATION_CONTEXT('2D SPACE',''
  ) );
#9300 = ADVANCED_FACE('',(#9301),#9189,.T.);
#9301 = FACE_BOUND('',#9302,.T.);
#9302 = EDGE_LOOP('',(#9303,#9326,#9327,#9328,#9329,#9330,#9331,#9360,
    #9415));
#9303 = ORIENTED_EDGE('',*,*,#9304,.F.);
#9304 = EDGE_CURVE('',#9257,#9305,#9307,.T.);
#9305 = VERTEX_POINT('',#9306);
#9306 = CARTESIAN_POINT('',(-3.673940397442E-16,-762.,1.2687E+03));
#9307 = SEAM_CURVE('',#9308,(#9312,#9319),.PCURVE_S1.);
#9308 = LINE('',#9309,#9310);
#9309 = CARTESIAN_POINT('',(-3.673940397442E-16,-644.,1.2687E+03));
#9310 = VECTOR('',#9311,1.);
#9311 = DIRECTION('',(-5.189181352319E-18,-1.,0.));
#9312 = PCURVE('',#9189,#9313);
#9313 = DEFINITIONAL_REPRESENTATION('',(#9314),#9318);
#9314 = LINE('',#9315,#9316);
#9315 = CARTESIAN_POINT('',(0.,-0.));
#9316 = VECTOR('',#9317,1.);
#9317 = DIRECTION('',(0.,1.));
#9318 = ( GEOMETRIC_REPRESENTATION_CONTEXT(2) 
PARAMETRIC_REPRESENTATION_CONTEXT() REPRESENTATION_CONTEXT('2D SPACE',''
  ) );
#9319 = PCURVE('',#9189,#9320);
#9320 = DEFINITIONAL_REPRESENTATION('',(#9321),#9325);
#9321 = LINE('',#9322,#9323);
#9322 = CARTESIAN_POINT('',(6.28318530718,-0.));
#9323 = VECTOR('',#9324,1.);
#9324 = DIRECTION('',(0.,1.));
#9325 = ( GEOMETRIC_REPRESENTATION_CONTEXT(2) 
PARAMETRIC_REPRESENTATION_CONTEXT() REPRESENTATION_CONTEXT('2D SPACE',''
  ) );
#9326 = ORIENTED_EDGE('',*,*,#9256,.T.);
#9327 = ORIENTED_EDGE('',*,*,#9204,.T.);
#9328 = ORIENTED_EDGE('',*,*,#9169,.T.);
#9329 = ORIENTED_EDGE('',*,*,#9279,.T.);
#9330 = ORIENTED_EDGE('',*,*,#9304,.T.);
#9331 = ORIENTED_EDGE('',*,*,#9332,.F.);
#9332 = EDGE_CURVE('',#9333,#9305,#9335,.T.);
#9333 = VERTEX_POINT('',#9334);
#9334 = CARTESIAN_POINT('',(-4.,-762.,1.2727E+03));
#9335 = SURFACE_CURVE('',#9336,(#9341,#9348),.PCURVE_S1.);
#9336 = CIRCLE('',#9337,4.);
#9337 = AXIS2_PLACEMENT_3D('',#9338,#9339,#9340);
#9338 = CARTESIAN_POINT('',(0.,-762.,1.2727E+03));
#9339 = DIRECTION('',(0.,-1.,0.));
#9340 = DIRECTION('',(0.,-0.,-1.));
#9341 = PCURVE('',#9189,#9342);
#9342 = DEFINITIONAL_REPRESENTATION('',(#9343),#9347);
#9343 = LINE('',#9344,#9345);
#9344 = CARTESIAN_POINT('',(0.,118.));
#9345 = VECTOR('',#9346,1.);
#9346 = DIRECTION('',(1.,0.));
#9347 = ( GEOMETRIC_REPRESENTATION_CONTEXT(2) 
PARAMETRIC_REPRESENTATION_CONTEXT() REPRESENTATION_CONTEXT('2D SPACE',''
  ) );
#9348 = PCURVE('',#9349,#9354);
#9349 = SPHERICAL_SURFACE('',#9350,4.);
#9350 = AXIS2_PLACEMENT_3D('',#9351,#9352,#9353);
#9351 = CARTESIAN_POINT('',(0.,-762.,1.2727E+03));
#9352 = DIRECTION('',(0.,0.,1.));
#9353 = DIRECTION('',(1.,0.,-0.));
#9354 = DEFINITIONAL_REPRESENTATION('',(#9355),#9359);
#9355 = LINE('',#9356,#9357);
#9356 = CARTESIAN_POINT('',(3.14159265359,4.712388980385));
#9357 = VECTOR('',#9358,1.);
#9358 = DIRECTION('',(0.,-1.));
#9359 = ( GEOMETRIC_REPRESENTATION_CONTEXT(2) 
PARAMETRIC_REPRESENTATION_CONTEXT() REPRESENTATION_CONTEXT('2D SPACE',''
  ) );
#9360 = ORIENTED_EDGE('',*,*,#9361,.F.);
#9361 = EDGE_CURVE('',#9362,#9333,#9364,.T.);
#9362 = VERTEX_POINT('',#9363);
#9363 = CARTESIAN_POINT('',(4.,-762.,1.2727E+03));
#9364 = SURFACE_CURVE('',#9365,(#9370,#9390),.PCURVE_S1.);
#9365 = ELLIPSE('',#9366,5.656854249492,4.);
#9366 = AXIS2_PLACEMENT_3D('',#9367,#9368,#9369);
#9367 = CARTESIAN_POINT('',(0.,-762.,1.2727E+03));
#9368 = DIRECTION('',(0.,-0.707106781187,0.707106781187));
#9369 = DIRECTION('',(0.,-0.707106781187,-0.707106781187));
#9370 = PCURVE('',#9189,#9371);
#9371 = DEFINITIONAL_REPRESENTATION('',(#9372),#9389);
#9372 = B_SPLINE_CURVE_WITH_KNOTS('',8,(#9373,#9374,#9375,#9376,#9377,
    #9378,#9379,#9380,#9381,#9382,#9383,#9384,#9385,#9386,#9387,#9388),
  .UNSPECIFIED.,.F.,.F.,(9,7,9),(1.570796251795,3.14159265359,
    4.712389055385),.UNSPECIFIED.);
#9373 = CARTESIAN_POINT('',(1.570796251795,118.0000003));
#9374 = CARTESIAN_POINT('',(1.767145802019,117.2146020991));
#9375 = CARTESIAN_POINT('',(1.963495352246,116.42920369855));
#9376 = CARTESIAN_POINT('',(2.159844902461,115.68994710908));
#9377 = CARTESIAN_POINT('',(2.356194452694,115.04296509618));
#9378 = CARTESIAN_POINT('',(2.552544002909,114.52872786461));
#9379 = CARTESIAN_POINT('',(2.748893553142,114.17624312081));
#9380 = CARTESIAN_POINT('',(2.945243103365,114.));
#9381 = CARTESIAN_POINT('',(3.337942203814,114.));
#9382 = CARTESIAN_POINT('',(3.534291754034,114.17624312081));
#9383 = CARTESIAN_POINT('',(3.730641304262,114.52872786478));
#9384 = CARTESIAN_POINT('',(3.92699085447,115.0429650963));
#9385 = CARTESIAN_POINT('',(4.123340404705,115.68994710885));
#9386 = CARTESIAN_POINT('',(4.319689954934,116.4292036986));
#9387 = CARTESIAN_POINT('',(4.51603950516,117.2146020991));
#9388 = CARTESIAN_POINT('',(4.712389055385,118.0000003));
#9389 = ( GEOMETRIC_REPRESENTATION_CONTEXT(2) 
PARAMETRIC_REPRESENTATION_CONTEXT() REPRESENTATION_CONTEXT('2D SPACE',''
  ) );
#9390 = PCURVE('',#9391,#9396);
#9391 = CYLINDRICAL_SURFACE('',#9392,4.);
#9392 = AXIS2_PLACEMENT_3D('',#9393,#9394,#9395);
#9393 = CARTESIAN_POINT('',(0.,-762.,1.2727E+03));
#9394 = DIRECTION('',(0.,0.,1.));
#9395 = DIRECTION('',(1.,0.,-0.));
#9396 = DEFINITIONAL_REPRESENTATION('',(#9397),#9414);
#9397 = B_SPLINE_CURVE_WITH_KNOTS('',8,(#9398,#9399,#9400,#9401,#9402,
    #9403,#9404,#9405,#9406,#9407,#9408,#9409,#9410,#9411,#9412,#9413),
  .UNSPECIFIED.,.F.,.F.,(9,7,9),(1.570796251795,3.14159265359,
    4.712389055385),.UNSPECIFIED.);
#9398 = CARTESIAN_POINT('',(-7.500000265281E-08,-3.000000106113E-07));
#9399 = CARTESIAN_POINT('',(0.196349475224,0.785397900897));
#9400 = CARTESIAN_POINT('',(0.392699025447,1.57079630149));
#9401 = CARTESIAN_POINT('',(0.589048575674,2.310052890389));
#9402 = CARTESIAN_POINT('',(0.785398125894,2.957034904106));
#9403 = CARTESIAN_POINT('',(0.981747676122,3.471272134862));
#9404 = CARTESIAN_POINT('',(1.178097226345,3.823756879224));
#9405 = CARTESIAN_POINT('',(1.374446776571,4.));
#9406 = CARTESIAN_POINT('',(1.767145877019,4.));
#9407 = CARTESIAN_POINT('',(1.963495427242,3.823756879226));
#9408 = CARTESIAN_POINT('',(2.159844977466,3.471272134864));
#9409 = CARTESIAN_POINT('',(2.356194527682,2.957034904093));
#9410 = CARTESIAN_POINT('',(2.552544077913,2.310052890394));
#9411 = CARTESIAN_POINT('',(2.748893628138,1.570796301491));
#9412 = CARTESIAN_POINT('',(2.945243178365,0.785397900897));
#9413 = CARTESIAN_POINT('',(3.14159272859,-3.000000106113E-07));
#9414 = ( GEOMETRIC_REPRESENTATION_CONTEXT(2) 
PARAMETRIC_REPRESENTATION_CONTEXT() REPRESENTATION_CONTEXT('2D SPACE',''
  ) );
#9415 = ORIENTED_EDGE('',*,*,#9416,.F.);
#9416 = EDGE_CURVE('',#9305,#9362,#9417,.T.);
#9417 = SURFACE_CURVE('',#9418,(#9423,#9430),.PCURVE_S1.);
#9418 = CIRCLE('',#9419,4.);
#9419 = AXIS2_PLACEMENT_3D('',#9420,#9421,#9422);
#9420 = CARTESIAN_POINT('',(0.,-762.,1.2727E+03));
#9421 = DIRECTION('',(0.,-1.,0.));
#9422 = DIRECTION('',(0.,-0.,-1.));
#9423 = PCURVE('',#9189,#9424);
#9424 = DEFINITIONAL_REPRESENTATION('',(#9425),#9429);
#9425 = LINE('',#9426,#9427);
#9426 = CARTESIAN_POINT('',(0.,118.));
#9427 = VECTOR('',#9428,1.);
#9428 = DIRECTION('',(1.,0.));
#9429 = ( GEOMETRIC_REPRESENTATION_CONTEXT(2) 
PARAMETRIC_REPRESENTATION_CONTEXT() REPRESENTATION_CONTEXT('2D SPACE',''
  ) );
#9430 = PCURVE('',#9349,#9431);
#9431 = DEFINITIONAL_REPRESENTATION('',(#9432),#9435);
#9432 = B_SPLINE_CURVE_WITH_KNOTS('',1,(#9433,#9434),.UNSPECIFIED.,.F.,
  .F.,(2,2),(0.,1.570796326795),.PIECEWISE_BEZIER_KNOTS.);
#9433 = CARTESIAN_POINT('',(6.28318530718,-1.570796326795));
#9434 = CARTESIAN_POINT('',(6.28318530718,0.));
#9435 = ( GEOMETRIC_REPRESENTATION_CONTEXT(2) 
PARAMETRIC_REPRESENTATION_CONTEXT() REPRESENTATION_CONTEXT('2D SPACE',''
  ) );
#9436 = ADVANCED_FACE('',(#9437),#9156,.F.);
#9437 = FACE_BOUND('',#9438,.T.);
#9438 = EDGE_LOOP('',(#9439));
#9439 = ORIENTED_EDGE('',*,*,#9141,.F.);
#9440 = ADVANCED_FACE('',(#9441),#9349,.T.);
#9441 = FACE_BOUND('',#9442,.T.);
#9442 = EDGE_LOOP('',(#9443,#9444,#9466));
#9443 = ORIENTED_EDGE('',*,*,#9416,.T.);
#9444 = ORIENTED_EDGE('',*,*,#9445,.F.);
#9445 = EDGE_CURVE('',#9333,#9362,#9446,.T.);
#9446 = SURFACE_CURVE('',#9447,(#9452,#9459),.PCURVE_S1.);
#9447 = CIRCLE('',#9448,4.);
#9448 = AXIS2_PLACEMENT_3D('',#9449,#9450,#9451);
#9449 = CARTESIAN_POINT('',(0.,-762.,1.2727E+03));
#9450 = DIRECTION('',(0.,0.,1.));
#9451 = DIRECTION('',(1.,0.,-0.));
#9452 = PCURVE('',#9349,#9453);
#9453 = DEFINITIONAL_REPRESENTATION('',(#9454),#9458);
#9454 = LINE('',#9455,#9456);
#9455 = CARTESIAN_POINT('',(0.,0.));
#9456 = VECTOR('',#9457,1.);
#9457 = DIRECTION('',(1.,0.));
#9458 = ( GEOMETRIC_REPRESENTATION_CONTEXT(2) 
PARAMETRIC_REPRESENTATION_CONTEXT() REPRESENTATION_CONTEXT('2D SPACE',''
  ) );
#9459 = PCURVE('',#9391,#9460);
#9460 = DEFINITIONAL_REPRESENTATION('',(#9461),#9465);
#9461 = LINE('',#9462,#9463);
#9462 = CARTESIAN_POINT('',(0.,0.));
#9463 = VECTOR('',#9464,1.);
#9464 = DIRECTION('',(1.,0.));
#9465 = ( GEOMETRIC_REPRESENTATION_CONTEXT(2) 
PARAMETRIC_REPRESENTATION_CONTEXT() REPRESENTATION_CONTEXT('2D SPACE',''
  ) );
#9466 = ORIENTED_EDGE('',*,*,#9332,.T.);
#9467 = ADVANCED_FACE('',(#9468),#9391,.T.);
#9468 = FACE_BOUND('',#9469,.T.);
#9469 = EDGE_LOOP('',(#9470,#9471,#9494,#9545,#9574,#9604,#9605));
#9470 = ORIENTED_EDGE('',*,*,#9445,.T.);
#9471 = ORIENTED_EDGE('',*,*,#9472,.T.);
#9472 = EDGE_CURVE('',#9362,#9473,#9475,.T.);
#9473 = VERTEX_POINT('',#9474);
#9474 = CARTESIAN_POINT('',(4.,-762.,1.667746652701E+03));
#9475 = SEAM_CURVE('',#9476,(#9480,#9487),.PCURVE_S1.);
#9476 = LINE('',#9477,#9478);
#9477 = CARTESIAN_POINT('',(4.,-762.,1.2727E+03));
#9478 = VECTOR('',#9479,1.);
#9479 = DIRECTION('',(0.,0.,1.));
#9480 = PCURVE('',#9391,#9481);
#9481 = DEFINITIONAL_REPRESENTATION('',(#9482),#9486);
#9482 = LINE('',#9483,#9484);
#9483 = CARTESIAN_POINT('',(0.,-0.));
#9484 = VECTOR('',#9485,1.);
#9485 = DIRECTION('',(0.,1.));
#9486 = ( GEOMETRIC_REPRESENTATION_CONTEXT(2) 
PARAMETRIC_REPRESENTATION_CONTEXT() REPRESENTATION_CONTEXT('2D SPACE',''
  ) );
#9487 = PCURVE('',#9391,#9488);
#9488 = DEFINITIONAL_REPRESENTATION('',(#9489),#9493);
#9489 = LINE('',#9490,#9491);
#9490 = CARTESIAN_POINT('',(6.28318530718,-0.));
#9491 = VECTOR('',#9492,1.);
#9492 = DIRECTION('',(0.,1.));
#9493 = ( GEOMETRIC_REPRESENTATION_CONTEXT(2) 
PARAMETRIC_REPRESENTATION_CONTEXT() REPRESENTATION_CONTEXT('2D SPACE',''
  ) );
#9494 = ORIENTED_EDGE('',*,*,#9495,.F.);
#9495 = EDGE_CURVE('',#9496,#9473,#9498,.T.);
#9496 = VERTEX_POINT('',#9497);
#9497 = CARTESIAN_POINT('',(-3.30490937123,-764.2533472985,1.67E+03));
#9498 = SURFACE_CURVE('',#9499,(#9504,#9522),.PCURVE_S1.);
#9499 = ELLIPSE('',#9500,5.656854249492,4.);
#9500 = AXIS2_PLACEMENT_3D('',#9501,#9502,#9503);
#9501 = CARTESIAN_POINT('',(0.,-762.,1.67E+03));
#9502 = DIRECTION('',(0.398339288796,-0.584230956901,0.707106781187));
#9503 = DIRECTION('',(-0.398339288796,0.584230956901,0.707106781187));
#9504 = PCURVE('',#9391,#9505);
#9505 = DEFINITIONAL_REPRESENTATION('',(#9506),#9521);
#9506 = B_SPLINE_CURVE_WITH_KNOTS('',7,(#9507,#9508,#9509,#9510,#9511,
    #9512,#9513,#9514,#9515,#9516,#9517,#9518,#9519,#9520),
  .UNSPECIFIED.,.F.,.F.,(8,6,8),(1.570796206795,2.842383146849,
    4.113970086903),.UNSPECIFIED.);
#9507 = CARTESIAN_POINT('',(3.740011427068,397.30000048));
#9508 = CARTESIAN_POINT('',(3.921666704219,396.57337937139));
#9509 = CARTESIAN_POINT('',(4.103321981369,395.84675880993));
#9510 = CARTESIAN_POINT('',(4.284977258519,395.1592975647));
#9511 = CARTESIAN_POINT('',(4.466632535671,394.55017572798));
#9512 = CARTESIAN_POINT('',(4.648287812821,394.05323797513));
#9513 = CARTESIAN_POINT('',(4.829943089972,393.6919032289));
#9514 = CARTESIAN_POINT('',(5.193253644273,393.26353839232));
#9515 = CARTESIAN_POINT('',(5.374908921423,393.1965086354));
#9516 = CARTESIAN_POINT('',(5.556564198574,393.28816748195));
#9517 = CARTESIAN_POINT('',(5.738219475724,393.53819384286));
#9518 = CARTESIAN_POINT('',(5.919874752875,393.93269548668));
#9519 = CARTESIAN_POINT('',(6.101530030026,394.44629847363));
#9520 = CARTESIAN_POINT('',(6.283185307176,395.04665270142));
#9521 = ( GEOMETRIC_REPRESENTATION_CONTEXT(2) 
PARAMETRIC_REPRESENTATION_CONTEXT() REPRESENTATION_CONTEXT('2D SPACE',''
  ) );
#9522 = PCURVE('',#9523,#9528);
#9523 = CYLINDRICAL_SURFACE('',#9524,4.);
#9524 = AXIS2_PLACEMENT_3D('',#9525,#9526,#9527);
#9525 = CARTESIAN_POINT('',(0.,-762.,1.67E+03));
#9526 = DIRECTION('',(0.563336824642,-0.826227342808,0.));
#9527 = DIRECTION('',(-0.826227342808,-0.563336824642,0.));
#9528 = DEFINITIONAL_REPRESENTATION('',(#9529),#9544);
#9529 = B_SPLINE_CURVE_WITH_KNOTS('',7,(#9530,#9531,#9532,#9533,#9534,
    #9535,#9536,#9537,#9538,#9539,#9540,#9541,#9542,#9543),
  .UNSPECIFIED.,.F.,.F.,(8,6,8),(1.570796206795,2.842383146849,
    4.113970086903),.UNSPECIFIED.);
#9530 = CARTESIAN_POINT('',(-1.200002657242E-07,-4.800011765838E-07));
#9531 = CARTESIAN_POINT('',(0.18165515715,0.726620628601));
#9532 = CARTESIAN_POINT('',(0.3633104343,1.453241190064));
#9533 = CARTESIAN_POINT('',(0.544965711453,2.140702435159));
#9534 = CARTESIAN_POINT('',(0.726620988601,2.749824271995));
#9535 = CARTESIAN_POINT('',(0.908276265753,3.246762024846));
#9536 = CARTESIAN_POINT('',(1.089931542903,3.608096771099));
#9537 = CARTESIAN_POINT('',(1.453242097204,4.03646160768));
#9538 = CARTESIAN_POINT('',(1.634897374355,4.103491364559));
#9539 = CARTESIAN_POINT('',(1.816552651507,4.011832517854));
#9540 = CARTESIAN_POINT('',(1.998207928655,3.761806157191));
#9541 = CARTESIAN_POINT('',(2.179863205807,3.367304513275));
#9542 = CARTESIAN_POINT('',(2.361518482957,2.853701526364));
#9543 = CARTESIAN_POINT('',(2.543173760108,2.253347298577));
#9544 = ( GEOMETRIC_REPRESENTATION_CONTEXT(2) 
PARAMETRIC_REPRESENTATION_CONTEXT() REPRESENTATION_CONTEXT('2D SPACE',''
  ) );
#9545 = ORIENTED_EDGE('',*,*,#9546,.F.);
#9546 = EDGE_CURVE('',#9547,#9496,#9549,.T.);
#9547 = VERTEX_POINT('',#9548);
#9548 = CARTESIAN_POINT('',(3.30490937123,-759.7466527014,1.67E+03));
#9549 = SURFACE_CURVE('',#9550,(#9555,#9562),.PCURVE_S1.);
#9550 = CIRCLE('',#9551,4.);
#9551 = AXIS2_PLACEMENT_3D('',#9552,#9553,#9554);
#9552 = CARTESIAN_POINT('',(0.,-762.,1.67E+03));
#9553 = DIRECTION('',(0.,0.,1.));
#9554 = DIRECTION('',(1.,0.,-0.));
#9555 = PCURVE('',#9391,#9556);
#9556 = DEFINITIONAL_REPRESENTATION('',(#9557),#9561);
#9557 = LINE('',#9558,#9559);
#9558 = CARTESIAN_POINT('',(0.,397.3));
#9559 = VECTOR('',#9560,1.);
#9560 = DIRECTION('',(1.,0.));
#9561 = ( GEOMETRIC_REPRESENTATION_CONTEXT(2) 
PARAMETRIC_REPRESENTATION_CONTEXT() REPRESENTATION_CONTEXT('2D SPACE',''
  ) );
#9562 = PCURVE('',#9563,#9568);
#9563 = SPHERICAL_SURFACE('',#9564,4.);
#9564 = AXIS2_PLACEMENT_3D('',#9565,#9566,#9567);
#9565 = CARTESIAN_POINT('',(0.,-762.,1.67E+03));
#9566 = DIRECTION('',(0.,0.,1.));
#9567 = DIRECTION('',(1.,0.,-0.));
#9568 = DEFINITIONAL_REPRESENTATION('',(#9569),#9573);
#9569 = LINE('',#9570,#9571);
#9570 = CARTESIAN_POINT('',(0.,0.));
#9571 = VECTOR('',#9572,1.);
#9572 = DIRECTION('',(1.,0.));
#9573 = ( GEOMETRIC_REPRESENTATION_CONTEXT(2) 
PARAMETRIC_REPRESENTATION_CONTEXT() REPRESENTATION_CONTEXT('2D SPACE',''
  ) );
#9574 = ORIENTED_EDGE('',*,*,#9575,.F.);
#9575 = EDGE_CURVE('',#9473,#9547,#9576,.T.);
#9576 = SURFACE_CURVE('',#9577,(#9582,#9593),.PCURVE_S1.);
#9577 = ELLIPSE('',#9578,5.656854249492,4.);
#9578 = AXIS2_PLACEMENT_3D('',#9579,#9580,#9581);
#9579 = CARTESIAN_POINT('',(0.,-762.,1.67E+03));
#9580 = DIRECTION('',(0.398339288796,-0.584230956901,0.707106781187));
#9581 = DIRECTION('',(-0.398339288796,0.584230956901,0.707106781187));
#9582 = PCURVE('',#9391,#9583);
#9583 = DEFINITIONAL_REPRESENTATION('',(#9584),#9592);
#9584 = B_SPLINE_CURVE_WITH_KNOTS('',6,(#9585,#9586,#9587,#9588,#9589,
    #9590,#9591),.UNSPECIFIED.,.F.,.F.,(7,7),(4.113970086903,
    4.712389055385),.PIECEWISE_BEZIER_KNOTS.);
#9585 = CARTESIAN_POINT('',(-3.439026841079E-12,395.04665270142));
#9586 = CARTESIAN_POINT('',(9.973649474356E-02,395.37627277756));
#9587 = CARTESIAN_POINT('',(0.199472989491,395.7327905852));
#9588 = CARTESIAN_POINT('',(0.299209484238,396.11030505924));
#9589 = CARTESIAN_POINT('',(0.398945978985,396.50210845974));
#9590 = CARTESIAN_POINT('',(0.498682473732,396.90105432101));
#9591 = CARTESIAN_POINT('',(0.598418968479,397.3000003));
#9592 = ( GEOMETRIC_REPRESENTATION_CONTEXT(2) 
PARAMETRIC_REPRESENTATION_CONTEXT() REPRESENTATION_CONTEXT('2D SPACE',''
  ) );
#9593 = PCURVE('',#9523,#9594);
#9594 = DEFINITIONAL_REPRESENTATION('',(#9595),#9603);
#9595 = B_SPLINE_CURVE_WITH_KNOTS('',6,(#9596,#9597,#9598,#9599,#9600,
    #9601,#9602),.UNSPECIFIED.,.F.,.F.,(7,7),(4.113970086903,
    4.712389055385),.PIECEWISE_BEZIER_KNOTS.);
#9596 = CARTESIAN_POINT('',(2.543173760108,2.253347298577));
#9597 = CARTESIAN_POINT('',(2.642910254855,1.923727222435));
#9598 = CARTESIAN_POINT('',(2.742646749602,1.56720941478));
#9599 = CARTESIAN_POINT('',(2.842383244349,1.189694940785));
#9600 = CARTESIAN_POINT('',(2.942119739096,0.797891540236));
#9601 = CARTESIAN_POINT('',(3.041856233843,0.398945678988));
#9602 = CARTESIAN_POINT('',(3.14159272859,-3.000000106113E-07));
#9603 = ( GEOMETRIC_REPRESENTATION_CONTEXT(2) 
PARAMETRIC_REPRESENTATION_CONTEXT() REPRESENTATION_CONTEXT('2D SPACE',''
  ) );
#9604 = ORIENTED_EDGE('',*,*,#9472,.F.);
#9605 = ORIENTED_EDGE('',*,*,#9361,.T.);
#9606 = ADVANCED_FACE('',(#9607),#9523,.T.);
#9607 = FACE_BOUND('',#9608,.T.);
#9608 = EDGE_LOOP('',(#9609,#9639,#9660,#9661,#9662,#9686,#9708,#9709,
    #9744,#9794));
#9609 = ORIENTED_EDGE('',*,*,#9610,.F.);
#9610 = EDGE_CURVE('',#9611,#9613,#9615,.T.);
#9611 = VERTEX_POINT('',#9612);
#9612 = CARTESIAN_POINT('',(26.69509062877,-808.2533472985,1.67E+03));
#9613 = VERTEX_POINT('',#9614);
#9614 = CARTESIAN_POINT('',(30.,-806.,1.666E+03));
#9615 = SURFACE_CURVE('',#9616,(#9621,#9628),.PCURVE_S1.);
#9616 = CIRCLE('',#9617,4.);
#9617 = AXIS2_PLACEMENT_3D('',#9618,#9619,#9620);
#9618 = CARTESIAN_POINT('',(30.,-806.,1.67E+03));
#9619 = DIRECTION('',(0.563336824642,-0.826227342808,0.));
#9620 = DIRECTION('',(-0.826227342808,-0.563336824642,0.));
#9621 = PCURVE('',#9523,#9622);
#9622 = DEFINITIONAL_REPRESENTATION('',(#9623),#9627);
#9623 = LINE('',#9624,#9625);
#9624 = CARTESIAN_POINT('',(0.,53.254107822777));
#9625 = VECTOR('',#9626,1.);
#9626 = DIRECTION('',(1.,0.));
#9627 = ( GEOMETRIC_REPRESENTATION_CONTEXT(2) 
PARAMETRIC_REPRESENTATION_CONTEXT() REPRESENTATION_CONTEXT('2D SPACE',''
  ) );
#9628 = PCURVE('',#9629,#9634);
#9629 = SPHERICAL_SURFACE('',#9630,4.);
#9630 = AXIS2_PLACEMENT_3D('',#9631,#9632,#9633);
#9631 = CARTESIAN_POINT('',(30.,-806.,1.67E+03));
#9632 = DIRECTION('',(0.,0.,1.));
#9633 = DIRECTION('',(1.,0.,-0.));
#9634 = DEFINITIONAL_REPRESENTATION('',(#9635),#9638);
#9635 = B_SPLINE_CURVE_WITH_KNOTS('',1,(#9636,#9637),.UNSPECIFIED.,.F.,
  .F.,(2,2),(0.,1.570796326795),.PIECEWISE_BEZIER_KNOTS.);
#9636 = CARTESIAN_POINT('',(3.740011547068,0.));
#9637 = CARTESIAN_POINT('',(3.740011547068,-1.570796326795));
#9638 = ( GEOMETRIC_REPRESENTATION_CONTEXT(2) 
PARAMETRIC_REPRESENTATION_CONTEXT() REPRESENTATION_CONTEXT('2D SPACE',''
  ) );
#9639 = ORIENTED_EDGE('',*,*,#9640,.F.);
#9640 = EDGE_CURVE('',#9496,#9611,#9641,.T.);
#9641 = SEAM_CURVE('',#9642,(#9646,#9653),.PCURVE_S1.);
#9642 = LINE('',#9643,#9644);
#9643 = CARTESIAN_POINT('',(-3.30490937123,-764.2533472985,1.67E+03));
#9644 = VECTOR('',#9645,1.);
#9645 = DIRECTION('',(0.563336824642,-0.826227342808,0.));
#9646 = PCURVE('',#9523,#9647);
#9647 = DEFINITIONAL_REPRESENTATION('',(#9648),#9652);
#9648 = LINE('',#9649,#9650);
#9649 = CARTESIAN_POINT('',(6.28318530718,-0.));
#9650 = VECTOR('',#9651,1.);
#9651 = DIRECTION('',(0.,1.));
#9652 = ( GEOMETRIC_REPRESENTATION_CONTEXT(2) 
PARAMETRIC_REPRESENTATION_CONTEXT() REPRESENTATION_CONTEXT('2D SPACE',''
  ) );
#9653 = PCURVE('',#9523,#9654);
#9654 = DEFINITIONAL_REPRESENTATION('',(#9655),#9659);
#9655 = LINE('',#9656,#9657);
#9656 = CARTESIAN_POINT('',(0.,-0.));
#9657 = VECTOR('',#9658,1.);
#9658 = DIRECTION('',(0.,1.));
#9659 = ( GEOMETRIC_REPRESENTATION_CONTEXT(2) 
PARAMETRIC_REPRESENTATION_CONTEXT() REPRESENTATION_CONTEXT('2D SPACE',''
  ) );
#9660 = ORIENTED_EDGE('',*,*,#9495,.T.);
#9661 = ORIENTED_EDGE('',*,*,#9575,.T.);
#9662 = ORIENTED_EDGE('',*,*,#9663,.T.);
#9663 = EDGE_CURVE('',#9547,#9664,#9666,.T.);
#9664 = VERTEX_POINT('',#9665);
#9665 = CARTESIAN_POINT('',(2.449293598295E-16,-762.,1.674E+03));
#9666 = SURFACE_CURVE('',#9667,(#9672,#9679),.PCURVE_S1.);
#9667 = CIRCLE('',#9668,4.);
#9668 = AXIS2_PLACEMENT_3D('',#9669,#9670,#9671);
#9669 = CARTESIAN_POINT('',(0.,-762.,1.67E+03));
#9670 = DIRECTION('',(0.563336824642,-0.826227342808,0.));
#9671 = DIRECTION('',(-0.826227342808,-0.563336824642,0.));
#9672 = PCURVE('',#9523,#9673);
#9673 = DEFINITIONAL_REPRESENTATION('',(#9674),#9678);
#9674 = LINE('',#9675,#9676);
#9675 = CARTESIAN_POINT('',(0.,0.));
#9676 = VECTOR('',#9677,1.);
#9677 = DIRECTION('',(1.,0.));
#9678 = ( GEOMETRIC_REPRESENTATION_CONTEXT(2) 
PARAMETRIC_REPRESENTATION_CONTEXT() REPRESENTATION_CONTEXT('2D SPACE',''
  ) );
#9679 = PCURVE('',#9563,#9680);
#9680 = DEFINITIONAL_REPRESENTATION('',(#9681),#9685);
#9681 = LINE('',#9682,#9683);
#9682 = CARTESIAN_POINT('',(0.598418893479,-3.14159265359));
#9683 = VECTOR('',#9684,1.);
#9684 = DIRECTION('',(-0.,1.));
#9685 = ( GEOMETRIC_REPRESENTATION_CONTEXT(2) 
PARAMETRIC_REPRESENTATION_CONTEXT() REPRESENTATION_CONTEXT('2D SPACE',''
  ) );
#9686 = ORIENTED_EDGE('',*,*,#9687,.T.);
#9687 = EDGE_CURVE('',#9664,#9496,#9688,.T.);
#9688 = SURFACE_CURVE('',#9689,(#9694,#9701),.PCURVE_S1.);
#9689 = CIRCLE('',#9690,4.);
#9690 = AXIS2_PLACEMENT_3D('',#9691,#9692,#9693);
#9691 = CARTESIAN_POINT('',(0.,-762.,1.67E+03));
#9692 = DIRECTION('',(0.563336824642,-0.826227342808,0.));
#9693 = DIRECTION('',(-0.826227342808,-0.563336824642,0.));
#9694 = PCURVE('',#9523,#9695);
#9695 = DEFINITIONAL_REPRESENTATION('',(#9696),#9700);
#9696 = LINE('',#9697,#9698);
#9697 = CARTESIAN_POINT('',(0.,0.));
#9698 = VECTOR('',#9699,1.);
#9699 = DIRECTION('',(1.,0.));
#9700 = ( GEOMETRIC_REPRESENTATION_CONTEXT(2) 
PARAMETRIC_REPRESENTATION_CONTEXT() REPRESENTATION_CONTEXT('2D SPACE',''
  ) );
#9701 = PCURVE('',#9563,#9702);
#9702 = DEFINITIONAL_REPRESENTATION('',(#9703),#9707);
#9703 = LINE('',#9704,#9705);
#9704 = CARTESIAN_POINT('',(3.740011547068,6.28318530718));
#9705 = VECTOR('',#9706,1.);
#9706 = DIRECTION('',(0.,-1.));
#9707 = ( GEOMETRIC_REPRESENTATION_CONTEXT(2) 
PARAMETRIC_REPRESENTATION_CONTEXT() REPRESENTATION_CONTEXT('2D SPACE',''
  ) );
#9708 = ORIENTED_EDGE('',*,*,#9640,.T.);
#9709 = ORIENTED_EDGE('',*,*,#9710,.F.);
#9710 = EDGE_CURVE('',#9711,#9611,#9713,.T.);
#9711 = VERTEX_POINT('',#9712);
#9712 = CARTESIAN_POINT('',(26.695086495106,-808.2533412358,
    1.670000007338E+03));
#9713 = SURFACE_CURVE('',#9714,(#9719,#9729),.PCURVE_S1.);
#9714 = ELLIPSE('',#9715,5.656854249492,4.);
#9715 = AXIS2_PLACEMENT_3D('',#9716,#9717,#9718);
#9716 = CARTESIAN_POINT('',(30.,-806.,1.67E+03));
#9717 = DIRECTION('',(0.398339288796,-0.584230956901,0.707106781187));
#9718 = DIRECTION('',(0.398339288796,-0.584230956901,-0.707106781187));
#9719 = PCURVE('',#9523,#9720);
#9720 = DEFINITIONAL_REPRESENTATION('',(#9721),#9728);
#9721 = B_SPLINE_CURVE_WITH_KNOTS('',5,(#9722,#9723,#9724,#9725,#9726,
    #9727),.UNSPECIFIED.,.F.,.F.,(6,6),(4.712387145927,4.712389055385),
  .PIECEWISE_BEZIER_KNOTS.);
#9722 = CARTESIAN_POINT('',(6.283183472722,53.254100484947));
#9723 = CARTESIAN_POINT('',(6.283183854614,53.254102012514));
#9724 = CARTESIAN_POINT('',(6.283184236505,53.25410354008));
#9725 = CARTESIAN_POINT('',(6.283184618397,53.254105067647));
#9726 = CARTESIAN_POINT('',(6.283185000289,53.254106595214));
#9727 = CARTESIAN_POINT('',(6.28318538218,53.25410812278));
#9728 = ( GEOMETRIC_REPRESENTATION_CONTEXT(2) 
PARAMETRIC_REPRESENTATION_CONTEXT() REPRESENTATION_CONTEXT('2D SPACE',''
  ) );
#9729 = PCURVE('',#9730,#9735);
#9730 = CYLINDRICAL_SURFACE('',#9731,4.);
#9731 = AXIS2_PLACEMENT_3D('',#9732,#9733,#9734);
#9732 = CARTESIAN_POINT('',(30.,-806.,1.67E+03));
#9733 = DIRECTION('',(0.,0.,1.));
#9734 = DIRECTION('',(1.,0.,-0.));
#9735 = DEFINITIONAL_REPRESENTATION('',(#9736),#9743);
#9736 = B_SPLINE_CURVE_WITH_KNOTS('',5,(#9737,#9738,#9739,#9740,#9741,
    #9742),.UNSPECIFIED.,.F.,.F.,(6,6),(4.712387145927,4.712389055385),
  .PIECEWISE_BEZIER_KNOTS.);
#9737 = CARTESIAN_POINT('',(3.740009712611,7.337830083998E-06));
#9738 = CARTESIAN_POINT('',(3.740010094502,5.810263493802E-06));
#9739 = CARTESIAN_POINT('',(3.740010476394,4.282696663122E-06));
#9740 = CARTESIAN_POINT('',(3.740010858286,2.755130241107E-06));
#9741 = CARTESIAN_POINT('',(3.740011240177,1.227563623729E-06));
#9742 = CARTESIAN_POINT('',(3.740011622069,-3.00002966469E-07));
#9743 = ( GEOMETRIC_REPRESENTATION_CONTEXT(2) 
PARAMETRIC_REPRESENTATION_CONTEXT() REPRESENTATION_CONTEXT('2D SPACE',''
  ) );
#9744 = ORIENTED_EDGE('',*,*,#9745,.F.);
#9745 = EDGE_CURVE('',#9746,#9711,#9748,.T.);
#9746 = VERTEX_POINT('',#9747);
#9747 = CARTESIAN_POINT('',(33.30490937123,-803.7466527014,1.67E+03));
#9748 = SURFACE_CURVE('',#9749,(#9754,#9774),.PCURVE_S1.);
#9749 = ELLIPSE('',#9750,5.656854249492,4.);
#9750 = AXIS2_PLACEMENT_3D('',#9751,#9752,#9753);
#9751 = CARTESIAN_POINT('',(30.,-806.,1.67E+03));
#9752 = DIRECTION('',(0.398339288796,-0.584230956901,0.707106781187));
#9753 = DIRECTION('',(0.398339288796,-0.584230956901,-0.707106781187));
#9754 = PCURVE('',#9523,#9755);
#9755 = DEFINITIONAL_REPRESENTATION('',(#9756),#9773);
#9756 = B_SPLINE_CURVE_WITH_KNOTS('',8,(#9757,#9758,#9759,#9760,#9761,
    #9762,#9763,#9764,#9765,#9766,#9767,#9768,#9769,#9770,#9771,#9772),
  .UNSPECIFIED.,.F.,.F.,(9,7,9),(1.570796251794,3.141591698861,
    4.712387145927),.UNSPECIFIED.);
#9757 = CARTESIAN_POINT('',(3.141592578589,53.254108122782));
#9758 = CARTESIAN_POINT('',(3.337942009472,52.468710399248));
#9759 = CARTESIAN_POINT('',(3.534291440352,51.683312476009));
#9760 = CARTESIAN_POINT('',(3.730640871243,50.944056280219));
#9761 = CARTESIAN_POINT('',(3.926990302109,50.297074491566));
#9762 = CARTESIAN_POINT('',(4.123339733002,49.782837250503));
#9763 = CARTESIAN_POINT('',(4.319689163888,49.430352228977));
#9764 = CARTESIAN_POINT('',(4.516038594772,49.254108572621));
#9765 = CARTESIAN_POINT('',(4.908737456539,49.254107072937));
#9766 = CARTESIAN_POINT('',(5.10508688742,49.430349229602));
#9767 = CARTESIAN_POINT('',(5.301436318299,49.782832839846));
#9768 = CARTESIAN_POINT('',(5.497785749165,50.297068845073));
#9769 = CARTESIAN_POINT('',(5.694135180078,50.944049652084));
#9770 = CARTESIAN_POINT('',(5.890484610949,51.683305174709));
#9771 = CARTESIAN_POINT('',(6.086834041839,52.468702761415));
#9772 = CARTESIAN_POINT('',(6.283183472722,53.254100484947));
#9773 = ( GEOMETRIC_REPRESENTATION_CONTEXT(2) 
PARAMETRIC_REPRESENTATION_CONTEXT() REPRESENTATION_CONTEXT('2D SPACE',''
  ) );
#9774 = PCURVE('',#9730,#9775);
#9775 = DEFINITIONAL_REPRESENTATION('',(#9776),#9793);
#9776 = B_SPLINE_CURVE_WITH_KNOTS('',8,(#9777,#9778,#9779,#9780,#9781,
    #9782,#9783,#9784,#9785,#9786,#9787,#9788,#9789,#9790,#9791,#9792),
  .UNSPECIFIED.,.F.,.F.,(9,7,9),(1.570796251794,3.141591698861,
    4.712387145927),.UNSPECIFIED.);
#9777 = CARTESIAN_POINT('',(0.598418818477,-3.000043307111E-07));
#9778 = CARTESIAN_POINT('',(0.794768249361,0.785397423529));
#9779 = CARTESIAN_POINT('',(0.991117680244,1.570795346759));
#9780 = CARTESIAN_POINT('',(1.187467111122,2.310051542421));
#9781 = CARTESIAN_POINT('',(1.38381654201,2.957033331159));
#9782 = CARTESIAN_POINT('',(1.58016597289,3.471270572099));
#9783 = CARTESIAN_POINT('',(1.776515403777,3.823755593782));
#9784 = CARTESIAN_POINT('',(1.972864834661,3.999999250156));
#9785 = CARTESIAN_POINT('',(2.365563696427,4.00000074984));
#9786 = CARTESIAN_POINT('',(2.56191312731,3.823758593147));
#9787 = CARTESIAN_POINT('',(2.758262558202,3.471274983059));
#9788 = CARTESIAN_POINT('',(2.954611989064,2.957038977467));
#9789 = CARTESIAN_POINT('',(3.150961419964,2.310058170684));
#9790 = CARTESIAN_POINT('',(3.347310850843,1.570802648058));
#9791 = CARTESIAN_POINT('',(3.543660281728,0.785405061362));
#9792 = CARTESIAN_POINT('',(3.740009712611,7.337830083998E-06));
#9793 = ( GEOMETRIC_REPRESENTATION_CONTEXT(2) 
PARAMETRIC_REPRESENTATION_CONTEXT() REPRESENTATION_CONTEXT('2D SPACE',''
  ) );
#9794 = ORIENTED_EDGE('',*,*,#9795,.F.);
#9795 = EDGE_CURVE('',#9613,#9746,#9796,.T.);
#9796 = SURFACE_CURVE('',#9797,(#9802,#9809),.PCURVE_S1.);
#9797 = CIRCLE('',#9798,4.);
#9798 = AXIS2_PLACEMENT_3D('',#9799,#9800,#9801);
#9799 = CARTESIAN_POINT('',(30.,-806.,1.67E+03));
#9800 = DIRECTION('',(0.563336824642,-0.826227342808,0.));
#9801 = DIRECTION('',(-0.826227342808,-0.563336824642,0.));
#9802 = PCURVE('',#9523,#9803);
#9803 = DEFINITIONAL_REPRESENTATION('',(#9804),#9808);
#9804 = LINE('',#9805,#9806);
#9805 = CARTESIAN_POINT('',(0.,53.254107822777));
#9806 = VECTOR('',#9807,1.);
#9807 = DIRECTION('',(1.,0.));
#9808 = ( GEOMETRIC_REPRESENTATION_CONTEXT(2) 
PARAMETRIC_REPRESENTATION_CONTEXT() REPRESENTATION_CONTEXT('2D SPACE',''
  ) );
#9809 = PCURVE('',#9629,#9810);
#9810 = DEFINITIONAL_REPRESENTATION('',(#9811),#9814);
#9811 = B_SPLINE_CURVE_WITH_KNOTS('',1,(#9812,#9813),.UNSPECIFIED.,.F.,
  .F.,(2,2),(1.570796326795,3.14159265359),.PIECEWISE_BEZIER_KNOTS.);
#9812 = CARTESIAN_POINT('',(6.881604200658,-1.570796326795));
#9813 = CARTESIAN_POINT('',(6.881604200658,0.));
#9814 = ( GEOMETRIC_REPRESENTATION_CONTEXT(2) 
PARAMETRIC_REPRESENTATION_CONTEXT() REPRESENTATION_CONTEXT('2D SPACE',''
  ) );
#9815 = ADVANCED_FACE('',(#9816),#9563,.T.);
#9816 = FACE_BOUND('',#9817,.T.);
#9817 = EDGE_LOOP('',(#9818,#9819,#9820));
#9818 = ORIENTED_EDGE('',*,*,#9687,.F.);
#9819 = ORIENTED_EDGE('',*,*,#9663,.F.);
#9820 = ORIENTED_EDGE('',*,*,#9546,.T.);
#9821 = ADVANCED_FACE('',(#9822),#9629,.T.);
#9822 = FACE_BOUND('',#9823,.T.);
#9823 = EDGE_LOOP('',(#9824,#9825,#9826,#9849));
#9824 = ORIENTED_EDGE('',*,*,#9610,.T.);
#9825 = ORIENTED_EDGE('',*,*,#9795,.T.);
#9826 = ORIENTED_EDGE('',*,*,#9827,.F.);
#9827 = EDGE_CURVE('',#9828,#9746,#9830,.T.);
#9828 = VERTEX_POINT('',#9829);
#9829 = CARTESIAN_POINT('',(34.,-806.,1.67E+03));
#9830 = SURFACE_CURVE('',#9831,(#9836,#9842),.PCURVE_S1.);
#9831 = CIRCLE('',#9832,4.);
#9832 = AXIS2_PLACEMENT_3D('',#9833,#9834,#9835);
#9833 = CARTESIAN_POINT('',(30.,-806.,1.67E+03));
#9834 = DIRECTION('',(0.,0.,1.));
#9835 = DIRECTION('',(1.,0.,-0.));
#9836 = PCURVE('',#9629,#9837);
#9837 = DEFINITIONAL_REPRESENTATION('',(#9838),#9841);
#9838 = B_SPLINE_CURVE_WITH_KNOTS('',1,(#9839,#9840),.UNSPECIFIED.,.F.,
  .F.,(2,2),(0.,0.598418893479),.PIECEWISE_BEZIER_KNOTS.);
#9839 = CARTESIAN_POINT('',(6.28318530718,0.));
#9840 = CARTESIAN_POINT('',(6.881604200658,0.));
#9841 = ( GEOMETRIC_REPRESENTATION_CONTEXT(2) 
PARAMETRIC_REPRESENTATION_CONTEXT() REPRESENTATION_CONTEXT('2D SPACE',''
  ) );
#9842 = PCURVE('',#9730,#9843);
#9843 = DEFINITIONAL_REPRESENTATION('',(#9844),#9848);
#9844 = LINE('',#9845,#9846);
#9845 = CARTESIAN_POINT('',(0.,0.));
#9846 = VECTOR('',#9847,1.);
#9847 = DIRECTION('',(1.,0.));
#9848 = ( GEOMETRIC_REPRESENTATION_CONTEXT(2) 
PARAMETRIC_REPRESENTATION_CONTEXT() REPRESENTATION_CONTEXT('2D SPACE',''
  ) );
#9849 = ORIENTED_EDGE('',*,*,#9850,.F.);
#9850 = EDGE_CURVE('',#9611,#9828,#9851,.T.);
#9851 = SURFACE_CURVE('',#9852,(#9857,#9863),.PCURVE_S1.);
#9852 = CIRCLE('',#9853,4.);
#9853 = AXIS2_PLACEMENT_3D('',#9854,#9855,#9856);
#9854 = CARTESIAN_POINT('',(30.,-806.,1.67E+03));
#9855 = DIRECTION('',(0.,0.,1.));
#9856 = DIRECTION('',(1.,0.,-0.));
#9857 = PCURVE('',#9629,#9858);
#9858 = DEFINITIONAL_REPRESENTATION('',(#9859),#9862);
#9859 = B_SPLINE_CURVE_WITH_KNOTS('',1,(#9860,#9861),.UNSPECIFIED.,.F.,
  .F.,(2,2),(3.740011547068,6.28318530718),.PIECEWISE_BEZIER_KNOTS.);
#9860 = CARTESIAN_POINT('',(3.740011547068,0.));
#9861 = CARTESIAN_POINT('',(6.28318530718,0.));
#9862 = ( GEOMETRIC_REPRESENTATION_CONTEXT(2) 
PARAMETRIC_REPRESENTATION_CONTEXT() REPRESENTATION_CONTEXT('2D SPACE',''
  ) );
#9863 = PCURVE('',#9730,#9864);
#9864 = DEFINITIONAL_REPRESENTATION('',(#9865),#9869);
#9865 = LINE('',#9866,#9867);
#9866 = CARTESIAN_POINT('',(0.,0.));
#9867 = VECTOR('',#9868,1.);
#9868 = DIRECTION('',(1.,0.));
#9869 = ( GEOMETRIC_REPRESENTATION_CONTEXT(2) 
PARAMETRIC_REPRESENTATION_CONTEXT() REPRESENTATION_CONTEXT('2D SPACE',''
  ) );
#9870 = ADVANCED_FACE('',(#9871),#9730,.T.);
#9871 = FACE_BOUND('',#9872,.T.);
#9872 = EDGE_LOOP('',(#9873,#9904,#9925,#9926,#9927,#9928,#9929,#9930,
    #9971));
#9873 = ORIENTED_EDGE('',*,*,#9874,.F.);
#9874 = EDGE_CURVE('',#9875,#9877,#9879,.T.);
#9875 = VERTEX_POINT('',#9876);
#9876 = CARTESIAN_POINT('',(34.,-806.,2.02E+03));
#9877 = VERTEX_POINT('',#9878);
#9878 = CARTESIAN_POINT('',(26.,-806.,2.02E+03));
#9879 = SURFACE_CURVE('',#9880,(#9885,#9892),.PCURVE_S1.);
#9880 = CIRCLE('',#9881,4.);
#9881 = AXIS2_PLACEMENT_3D('',#9882,#9883,#9884);
#9882 = CARTESIAN_POINT('',(30.,-806.,2.02E+03));
#9883 = DIRECTION('',(0.,0.,1.));
#9884 = DIRECTION('',(1.,0.,-0.));
#9885 = PCURVE('',#9730,#9886);
#9886 = DEFINITIONAL_REPRESENTATION('',(#9887),#9891);
#9887 = LINE('',#9888,#9889);
#9888 = CARTESIAN_POINT('',(0.,350.));
#9889 = VECTOR('',#9890,1.);
#9890 = DIRECTION('',(1.,0.));
#9891 = ( GEOMETRIC_REPRESENTATION_CONTEXT(2) 
PARAMETRIC_REPRESENTATION_CONTEXT() REPRESENTATION_CONTEXT('2D SPACE',''
  ) );
#9892 = PCURVE('',#9893,#9898);
#9893 = SPHERICAL_SURFACE('',#9894,4.);
#9894 = AXIS2_PLACEMENT_3D('',#9895,#9896,#9897);
#9895 = CARTESIAN_POINT('',(30.,-806.,2.02E+03));
#9896 = DIRECTION('',(0.,0.,1.));
#9897 = DIRECTION('',(1.,0.,-0.));
#9898 = DEFINITIONAL_REPRESENTATION('',(#9899),#9903);
#9899 = LINE('',#9900,#9901);
#9900 = CARTESIAN_POINT('',(0.,0.));
#9901 = VECTOR('',#9902,1.);
#9902 = DIRECTION('',(1.,0.));
#9903 = ( GEOMETRIC_REPRESENTATION_CONTEXT(2) 
PARAMETRIC_REPRESENTATION_CONTEXT() REPRESENTATION_CONTEXT('2D SPACE',''
  ) );
#9904 = ORIENTED_EDGE('',*,*,#9905,.F.);
#9905 = EDGE_CURVE('',#9828,#9875,#9906,.T.);
#9906 = SEAM_CURVE('',#9907,(#9911,#9918),.PCURVE_S1.);
#9907 = LINE('',#9908,#9909);
#9908 = CARTESIAN_POINT('',(34.,-806.,1.67E+03));
#9909 = VECTOR('',#9910,1.);
#9910 = DIRECTION('',(0.,0.,1.));
#9911 = PCURVE('',#9730,#9912);
#9912 = DEFINITIONAL_REPRESENTATION('',(#9913),#9917);
#9913 = LINE('',#9914,#9915);
#9914 = CARTESIAN_POINT('',(6.28318530718,-0.));
#9915 = VECTOR('',#9916,1.);
#9916 = DIRECTION('',(0.,1.));
#9917 = ( GEOMETRIC_REPRESENTATION_CONTEXT(2) 
PARAMETRIC_REPRESENTATION_CONTEXT() REPRESENTATION_CONTEXT('2D SPACE',''
  ) );
#9918 = PCURVE('',#9730,#9919);
#9919 = DEFINITIONAL_REPRESENTATION('',(#9920),#9924);
#9920 = LINE('',#9921,#9922);
#9921 = CARTESIAN_POINT('',(0.,-0.));
#9922 = VECTOR('',#9923,1.);
#9923 = DIRECTION('',(0.,1.));
#9924 = ( GEOMETRIC_REPRESENTATION_CONTEXT(2) 
PARAMETRIC_REPRESENTATION_CONTEXT() REPRESENTATION_CONTEXT('2D SPACE',''
  ) );
#9925 = ORIENTED_EDGE('',*,*,#9827,.T.);
#9926 = ORIENTED_EDGE('',*,*,#9745,.T.);
#9927 = ORIENTED_EDGE('',*,*,#9710,.T.);
#9928 = ORIENTED_EDGE('',*,*,#9850,.T.);
#9929 = ORIENTED_EDGE('',*,*,#9905,.T.);
#9930 = ORIENTED_EDGE('',*,*,#9931,.F.);
#9931 = EDGE_CURVE('',#9932,#9875,#9934,.T.);
#9932 = VERTEX_POINT('',#9933);
#9933 = CARTESIAN_POINT('',(30.,-810.,2.016E+03));
#9934 = SURFACE_CURVE('',#9935,(#9940,#9953),.PCURVE_S1.);
#9935 = ELLIPSE('',#9936,5.656854249492,4.);
#9936 = AXIS2_PLACEMENT_3D('',#9937,#9938,#9939);
#9937 = CARTESIAN_POINT('',(30.,-806.,2.02E+03));
#9938 = DIRECTION('',(0.,-0.707106781187,0.707106781187));
#9939 = DIRECTION('',(0.,0.707106781187,0.707106781187));
#9940 = PCURVE('',#9730,#9941);
#9941 = DEFINITIONAL_REPRESENTATION('',(#9942),#9952);
#9942 = B_SPLINE_CURVE_WITH_KNOTS('',8,(#9943,#9944,#9945,#9946,#9947,
    #9948,#9949,#9950,#9951),.UNSPECIFIED.,.F.,.F.,(9,9),(3.14159265359,
    4.712388980385),.PIECEWISE_BEZIER_KNOTS.);
#9943 = CARTESIAN_POINT('',(4.712388980385,346.));
#9944 = CARTESIAN_POINT('',(4.908738521234,346.));
#9945 = CARTESIAN_POINT('',(5.105088062084,346.17624310363));
#9946 = CARTESIAN_POINT('',(5.30143760293,346.52872781525));
#9947 = CARTESIAN_POINT('',(5.497787143788,347.04296499583));
#9948 = CARTESIAN_POINT('',(5.69413668463,347.68994695507));
#9949 = CARTESIAN_POINT('',(5.890486225482,348.42920348653));
#9950 = CARTESIAN_POINT('',(6.08683576633,349.2146018366));
#9951 = CARTESIAN_POINT('',(6.28318530718,350.));
#9952 = ( GEOMETRIC_REPRESENTATION_CONTEXT(2) 
PARAMETRIC_REPRESENTATION_CONTEXT() REPRESENTATION_CONTEXT('2D SPACE',''
  ) );
#9953 = PCURVE('',#9954,#9959);
#9954 = CYLINDRICAL_SURFACE('',#9955,4.);
#9955 = AXIS2_PLACEMENT_3D('',#9956,#9957,#9958);
#9956 = CARTESIAN_POINT('',(30.,-806.,2.02E+03));
#9957 = DIRECTION('',(0.,-1.,0.));
#9958 = DIRECTION('',(0.,-0.,-1.));
#9959 = DEFINITIONAL_REPRESENTATION('',(#9960),#9970);
#9960 = B_SPLINE_CURVE_WITH_KNOTS('',8,(#9961,#9962,#9963,#9964,#9965,
    #9966,#9967,#9968,#9969),.UNSPECIFIED.,.F.,.F.,(9,9),(3.14159265359,
    4.712388980385),.PIECEWISE_BEZIER_KNOTS.);
#9961 = CARTESIAN_POINT('',(0.,4.));
#9962 = CARTESIAN_POINT('',(0.196349540849,4.));
#9963 = CARTESIAN_POINT('',(0.392699081699,3.823756896053));
#9964 = CARTESIAN_POINT('',(0.589048622548,3.471272185363));
#9965 = CARTESIAN_POINT('',(0.785398163397,2.95703500231));
#9966 = CARTESIAN_POINT('',(0.981747704246,2.310053044843));
#9967 = CARTESIAN_POINT('',(1.178097245097,1.570796513272));
#9968 = CARTESIAN_POINT('',(1.374446785946,0.785398163397));
#9969 = CARTESIAN_POINT('',(1.570796326795,0.));
#9970 = ( GEOMETRIC_REPRESENTATION_CONTEXT(2) 
PARAMETRIC_REPRESENTATION_CONTEXT() REPRESENTATION_CONTEXT('2D SPACE',''
  ) );
#9971 = ORIENTED_EDGE('',*,*,#9972,.F.);
#9972 = EDGE_CURVE('',#9877,#9932,#9973,.T.);
#9973 = SURFACE_CURVE('',#9974,(#9979,#9992),.PCURVE_S1.);
#9974 = ELLIPSE('',#9975,5.656854249492,4.);
#9975 = AXIS2_PLACEMENT_3D('',#9976,#9977,#9978);
#9976 = CARTESIAN_POINT('',(30.,-806.,2.02E+03));
#9977 = DIRECTION('',(0.,-0.707106781187,0.707106781187));
#9978 = DIRECTION('',(0.,0.707106781187,0.707106781187));
#9979 = PCURVE('',#9730,#9980);
#9980 = DEFINITIONAL_REPRESENTATION('',(#9981),#9991);
#9981 = B_SPLINE_CURVE_WITH_KNOTS('',8,(#9982,#9983,#9984,#9985,#9986,
    #9987,#9988,#9989,#9990),.UNSPECIFIED.,.F.,.F.,(9,9),(1.570796251795
    ,3.14159265359),.PIECEWISE_BEZIER_KNOTS.);
#9982 = CARTESIAN_POINT('',(3.14159257859,350.0000003));
#9983 = CARTESIAN_POINT('',(3.337942128814,349.2146020991));
#9984 = CARTESIAN_POINT('',(3.534291679031,348.42920369812));
#9985 = CARTESIAN_POINT('',(3.730641229278,347.68994711036));
#9986 = CARTESIAN_POINT('',(3.926990779448,347.04296509479));
#9987 = CARTESIAN_POINT('',(4.123340329739,346.52872786601));
#9988 = CARTESIAN_POINT('',(4.319689879927,346.17624312039));
#9989 = CARTESIAN_POINT('',(4.51603943016,346.));
#9990 = CARTESIAN_POINT('',(4.712388980385,346.));
#9991 = ( GEOMETRIC_REPRESENTATION_CONTEXT(2) 
PARAMETRIC_REPRESENTATION_CONTEXT() REPRESENTATION_CONTEXT('2D SPACE',''
  ) );
#9992 = PCURVE('',#9954,#9993);
#9993 = DEFINITIONAL_REPRESENTATION('',(#9994),#10004);
#9994 = B_SPLINE_CURVE_WITH_KNOTS('',8,(#9995,#9996,#9997,#9998,#9999,
    #10000,#10001,#10002,#10003),.UNSPECIFIED.,.F.,.F.,(9,9),(
    1.570796251795,3.14159265359),.PIECEWISE_BEZIER_KNOTS.);
#9995 = CARTESIAN_POINT('',(4.712388905385,-3.000000106113E-07));
#9996 = CARTESIAN_POINT('',(4.908738455609,0.785397900897));
#9997 = CARTESIAN_POINT('',(5.105088005834,1.570796301485));
#9998 = CARTESIAN_POINT('',(5.301437556058,2.3100528904));
#9999 = CARTESIAN_POINT('',(5.497787106283,2.957034904075));
#10000 = CARTESIAN_POINT('',(5.694136656508,3.471272134884));
#10001 = CARTESIAN_POINT('',(5.890486206731,3.823756879221));
#10002 = CARTESIAN_POINT('',(6.086835756955,4.));
#10003 = CARTESIAN_POINT('',(6.28318530718,4.));
#10004 = ( GEOMETRIC_REPRESENTATION_CONTEXT(2) 
PARAMETRIC_REPRESENTATION_CONTEXT() REPRESENTATION_CONTEXT('2D SPACE',''
  ) );
#10005 = ADVANCED_FACE('',(#10006),#9893,.T.);
#10006 = FACE_BOUND('',#10007,.T.);
#10007 = EDGE_LOOP('',(#10008,#10032,#10053));
#10008 = ORIENTED_EDGE('',*,*,#10009,.F.);
#10009 = EDGE_CURVE('',#10010,#9877,#10012,.T.);
#10010 = VERTEX_POINT('',#10011);
#10011 = CARTESIAN_POINT('',(30.,-806.,2.024E+03));
#10012 = SURFACE_CURVE('',#10013,(#10018,#10025),.PCURVE_S1.);
#10013 = CIRCLE('',#10014,4.);
#10014 = AXIS2_PLACEMENT_3D('',#10015,#10016,#10017);
#10015 = CARTESIAN_POINT('',(30.,-806.,2.02E+03));
#10016 = DIRECTION('',(0.,-1.,0.));
#10017 = DIRECTION('',(0.,-0.,-1.));
#10018 = PCURVE('',#9893,#10019);
#10019 = DEFINITIONAL_REPRESENTATION('',(#10020),#10024);
#10020 = LINE('',#10021,#10022);
#10021 = CARTESIAN_POINT('',(3.14159265359,4.712388980385));
#10022 = VECTOR('',#10023,1.);
#10023 = DIRECTION('',(0.,-1.));
#10024 = ( GEOMETRIC_REPRESENTATION_CONTEXT(2) 
PARAMETRIC_REPRESENTATION_CONTEXT() REPRESENTATION_CONTEXT('2D SPACE',''
  ) );
#10025 = PCURVE('',#9954,#10026);
#10026 = DEFINITIONAL_REPRESENTATION('',(#10027),#10031);
#10027 = LINE('',#10028,#10029);
#10028 = CARTESIAN_POINT('',(0.,0.));
#10029 = VECTOR('',#10030,1.);
#10030 = DIRECTION('',(1.,0.));
#10031 = ( GEOMETRIC_REPRESENTATION_CONTEXT(2) 
PARAMETRIC_REPRESENTATION_CONTEXT() REPRESENTATION_CONTEXT('2D SPACE',''
  ) );
#10032 = ORIENTED_EDGE('',*,*,#10033,.F.);
#10033 = EDGE_CURVE('',#9875,#10010,#10034,.T.);
#10034 = SURFACE_CURVE('',#10035,(#10040,#10046),.PCURVE_S1.);
#10035 = CIRCLE('',#10036,4.);
#10036 = AXIS2_PLACEMENT_3D('',#10037,#10038,#10039);
#10037 = CARTESIAN_POINT('',(30.,-806.,2.02E+03));
#10038 = DIRECTION('',(0.,-1.,0.));
#10039 = DIRECTION('',(0.,-0.,-1.));
#10040 = PCURVE('',#9893,#10041);
#10041 = DEFINITIONAL_REPRESENTATION('',(#10042),#10045);
#10042 = B_SPLINE_CURVE_WITH_KNOTS('',1,(#10043,#10044),.UNSPECIFIED.,
  .F.,.F.,(2,2),(1.570796326795,3.14159265359),
  .PIECEWISE_BEZIER_KNOTS.);
#10043 = CARTESIAN_POINT('',(0.,0.));
#10044 = CARTESIAN_POINT('',(0.,1.570796326795));
#10045 = ( GEOMETRIC_REPRESENTATION_CONTEXT(2) 
PARAMETRIC_REPRESENTATION_CONTEXT() REPRESENTATION_CONTEXT('2D SPACE',''
  ) );
#10046 = PCURVE('',#9954,#10047);
#10047 = DEFINITIONAL_REPRESENTATION('',(#10048),#10052);
#10048 = LINE('',#10049,#10050);
#10049 = CARTESIAN_POINT('',(0.,0.));
#10050 = VECTOR('',#10051,1.);
#10051 = DIRECTION('',(1.,0.));
#10052 = ( GEOMETRIC_REPRESENTATION_CONTEXT(2) 
PARAMETRIC_REPRESENTATION_CONTEXT() REPRESENTATION_CONTEXT('2D SPACE',''
  ) );
#10053 = ORIENTED_EDGE('',*,*,#9874,.T.);
#10054 = ADVANCED_FACE('',(#10055),#9954,.T.);
#10055 = FACE_BOUND('',#10056,.T.);
#10056 = EDGE_LOOP('',(#10057,#10058,#10059,#10060,#10083,#10112,#10167,
    #10188,#10189));
#10057 = ORIENTED_EDGE('',*,*,#10033,.T.);
#10058 = ORIENTED_EDGE('',*,*,#10009,.T.);
#10059 = ORIENTED_EDGE('',*,*,#9972,.T.);
#10060 = ORIENTED_EDGE('',*,*,#10061,.T.);
#10061 = EDGE_CURVE('',#9932,#10062,#10064,.T.);
#10062 = VERTEX_POINT('',#10063);
#10063 = CARTESIAN_POINT('',(30.,-858.,2.016E+03));
#10064 = SEAM_CURVE('',#10065,(#10069,#10076),.PCURVE_S1.);
#10065 = LINE('',#10066,#10067);
#10066 = CARTESIAN_POINT('',(30.,-806.,2.016E+03));
#10067 = VECTOR('',#10068,1.);
#10068 = DIRECTION('',(0.,-1.,0.));
#10069 = PCURVE('',#9954,#10070);
#10070 = DEFINITIONAL_REPRESENTATION('',(#10071),#10075);
#10071 = LINE('',#10072,#10073);
#10072 = CARTESIAN_POINT('',(0.,-0.));
#10073 = VECTOR('',#10074,1.);
#10074 = DIRECTION('',(0.,1.));
#10075 = ( GEOMETRIC_REPRESENTATION_CONTEXT(2) 
PARAMETRIC_REPRESENTATION_CONTEXT() REPRESENTATION_CONTEXT('2D SPACE',''
  ) );
#10076 = PCURVE('',#9954,#10077);
#10077 = DEFINITIONAL_REPRESENTATION('',(#10078),#10082);
#10078 = LINE('',#10079,#10080);
#10079 = CARTESIAN_POINT('',(6.28318530718,-0.));
#10080 = VECTOR('',#10081,1.);
#10081 = DIRECTION('',(0.,1.));
#10082 = ( GEOMETRIC_REPRESENTATION_CONTEXT(2) 
PARAMETRIC_REPRESENTATION_CONTEXT() REPRESENTATION_CONTEXT('2D SPACE',''
  ) );
#10083 = ORIENTED_EDGE('',*,*,#10084,.F.);
#10084 = EDGE_CURVE('',#10085,#10062,#10087,.T.);
#10085 = VERTEX_POINT('',#10086);
#10086 = CARTESIAN_POINT('',(26.,-858.,2.02E+03));
#10087 = SURFACE_CURVE('',#10088,(#10093,#10100),.PCURVE_S1.);
#10088 = CIRCLE('',#10089,4.);
#10089 = AXIS2_PLACEMENT_3D('',#10090,#10091,#10092);
#10090 = CARTESIAN_POINT('',(30.,-858.,2.02E+03));
#10091 = DIRECTION('',(0.,-1.,0.));
#10092 = DIRECTION('',(0.,-0.,-1.));
#10093 = PCURVE('',#9954,#10094);
#10094 = DEFINITIONAL_REPRESENTATION('',(#10095),#10099);
#10095 = LINE('',#10096,#10097);
#10096 = CARTESIAN_POINT('',(0.,52.));
#10097 = VECTOR('',#10098,1.);
#10098 = DIRECTION('',(1.,0.));
#10099 = ( GEOMETRIC_REPRESENTATION_CONTEXT(2) 
PARAMETRIC_REPRESENTATION_CONTEXT() REPRESENTATION_CONTEXT('2D SPACE',''
  ) );
#10100 = PCURVE('',#10101,#10106);
#10101 = SPHERICAL_SURFACE('',#10102,4.);
#10102 = AXIS2_PLACEMENT_3D('',#10103,#10104,#10105);
#10103 = CARTESIAN_POINT('',(30.,-858.,2.02E+03));
#10104 = DIRECTION('',(0.,0.,1.));
#10105 = DIRECTION('',(1.,0.,-0.));
#10106 = DEFINITIONAL_REPRESENTATION('',(#10107),#10111);
#10107 = LINE('',#10108,#10109);
#10108 = CARTESIAN_POINT('',(3.14159265359,4.712388980385));
#10109 = VECTOR('',#10110,1.);
#10110 = DIRECTION('',(0.,-1.));
#10111 = ( GEOMETRIC_REPRESENTATION_CONTEXT(2) 
PARAMETRIC_REPRESENTATION_CONTEXT() REPRESENTATION_CONTEXT('2D SPACE',''
  ) );
#10112 = ORIENTED_EDGE('',*,*,#10113,.F.);
#10113 = EDGE_CURVE('',#10114,#10085,#10116,.T.);
#10114 = VERTEX_POINT('',#10115);
#10115 = CARTESIAN_POINT('',(34.,-858.,2.02E+03));
#10116 = SURFACE_CURVE('',#10117,(#10122,#10142),.PCURVE_S1.);
#10117 = ELLIPSE('',#10118,5.656854249492,4.);
#10118 = AXIS2_PLACEMENT_3D('',#10119,#10120,#10121);
#10119 = CARTESIAN_POINT('',(30.,-858.,2.02E+03));
#10120 = DIRECTION('',(0.,-0.707106781187,0.707106781187));
#10121 = DIRECTION('',(0.,-0.707106781187,-0.707106781187));
#10122 = PCURVE('',#9954,#10123);
#10123 = DEFINITIONAL_REPRESENTATION('',(#10124),#10141);
#10124 = B_SPLINE_CURVE_WITH_KNOTS('',8,(#10125,#10126,#10127,#10128,
    #10129,#10130,#10131,#10132,#10133,#10134,#10135,#10136,#10137,
    #10138,#10139,#10140),.UNSPECIFIED.,.F.,.F.,(9,7,9),(1.570796251795,
    3.14159265359,4.712389055385),.UNSPECIFIED.);
#10125 = CARTESIAN_POINT('',(1.570796251795,52.0000003));
#10126 = CARTESIAN_POINT('',(1.767145802019,51.214602099103));
#10127 = CARTESIAN_POINT('',(1.963495352246,50.429203698455));
#10128 = CARTESIAN_POINT('',(2.159844902456,49.689947109611));
#10129 = CARTESIAN_POINT('',(2.356194452699,49.042965095548));
#10130 = CARTESIAN_POINT('',(2.552544002903,48.528727865225));
#10131 = CARTESIAN_POINT('',(2.748893553143,48.176243120768));
#10132 = CARTESIAN_POINT('',(2.945243103365,48.));
#10133 = CARTESIAN_POINT('',(3.337942203814,48.));
#10134 = CARTESIAN_POINT('',(3.534291754034,48.176243120797));
#10135 = CARTESIAN_POINT('',(3.730641304262,48.528727865109));
#10136 = CARTESIAN_POINT('',(3.926990854477,49.042965095927));
#10137 = CARTESIAN_POINT('',(4.123340404705,49.689947109669));
#10138 = CARTESIAN_POINT('',(4.319689954934,50.429203698506));
#10139 = CARTESIAN_POINT('',(4.51603950516,51.214602099103));
#10140 = CARTESIAN_POINT('',(4.712389055385,52.0000003));
#10141 = ( GEOMETRIC_REPRESENTATION_CONTEXT(2) 
PARAMETRIC_REPRESENTATION_CONTEXT() REPRESENTATION_CONTEXT('2D SPACE',''
  ) );
#10142 = PCURVE('',#10143,#10148);
#10143 = CYLINDRICAL_SURFACE('',#10144,4.);
#10144 = AXIS2_PLACEMENT_3D('',#10145,#10146,#10147);
#10145 = CARTESIAN_POINT('',(30.,-858.,2.02E+03));
#10146 = DIRECTION('',(0.,0.,1.));
#10147 = DIRECTION('',(1.,0.,-0.));
#10148 = DEFINITIONAL_REPRESENTATION('',(#10149),#10166);
#10149 = B_SPLINE_CURVE_WITH_KNOTS('',8,(#10150,#10151,#10152,#10153,
    #10154,#10155,#10156,#10157,#10158,#10159,#10160,#10161,#10162,
    #10163,#10164,#10165),.UNSPECIFIED.,.F.,.F.,(9,7,9),(1.570796251795,
    3.14159265359,4.712389055385),.UNSPECIFIED.);
#10150 = CARTESIAN_POINT('',(-7.500000265281E-08,-3.000000106113E-07));
#10151 = CARTESIAN_POINT('',(0.196349475224,0.785397900897));
#10152 = CARTESIAN_POINT('',(0.392699025448,1.57079630149));
#10153 = CARTESIAN_POINT('',(0.589048575674,2.310052890389));
#10154 = CARTESIAN_POINT('',(0.785398125898,2.957034904106));
#10155 = CARTESIAN_POINT('',(0.98174767612,3.471272134862));
#10156 = CARTESIAN_POINT('',(1.178097226346,3.823756879224));
#10157 = CARTESIAN_POINT('',(1.374446776571,4.));
#10158 = CARTESIAN_POINT('',(1.767145877019,4.));
#10159 = CARTESIAN_POINT('',(1.963495427242,3.823756879226));
#10160 = CARTESIAN_POINT('',(2.159844977467,3.471272134864));
#10161 = CARTESIAN_POINT('',(2.35619452768,2.957034904093));
#10162 = CARTESIAN_POINT('',(2.552544077913,2.310052890394));
#10163 = CARTESIAN_POINT('',(2.748893628138,1.570796301491));
#10164 = CARTESIAN_POINT('',(2.945243178365,0.785397900897));
#10165 = CARTESIAN_POINT('',(3.14159272859,-3.000000106113E-07));
#10166 = ( GEOMETRIC_REPRESENTATION_CONTEXT(2) 
PARAMETRIC_REPRESENTATION_CONTEXT() REPRESENTATION_CONTEXT('2D SPACE',''
  ) );
#10167 = ORIENTED_EDGE('',*,*,#10168,.F.);
#10168 = EDGE_CURVE('',#10062,#10114,#10169,.T.);
#10169 = SURFACE_CURVE('',#10170,(#10175,#10182),.PCURVE_S1.);
#10170 = CIRCLE('',#10171,4.);
#10171 = AXIS2_PLACEMENT_3D('',#10172,#10173,#10174);
#10172 = CARTESIAN_POINT('',(30.,-858.,2.02E+03));
#10173 = DIRECTION('',(0.,-1.,0.));
#10174 = DIRECTION('',(0.,-0.,-1.));
#10175 = PCURVE('',#9954,#10176);
#10176 = DEFINITIONAL_REPRESENTATION('',(#10177),#10181);
#10177 = LINE('',#10178,#10179);
#10178 = CARTESIAN_POINT('',(0.,52.));
#10179 = VECTOR('',#10180,1.);
#10180 = DIRECTION('',(1.,0.));
#10181 = ( GEOMETRIC_REPRESENTATION_CONTEXT(2) 
PARAMETRIC_REPRESENTATION_CONTEXT() REPRESENTATION_CONTEXT('2D SPACE',''
  ) );
#10182 = PCURVE('',#10101,#10183);
#10183 = DEFINITIONAL_REPRESENTATION('',(#10184),#10187);
#10184 = B_SPLINE_CURVE_WITH_KNOTS('',1,(#10185,#10186),.UNSPECIFIED.,
  .F.,.F.,(2,2),(0.,1.570796326795),.PIECEWISE_BEZIER_KNOTS.);
#10185 = CARTESIAN_POINT('',(6.28318530718,-1.570796326795));
#10186 = CARTESIAN_POINT('',(6.28318530718,0.));
#10187 = ( GEOMETRIC_REPRESENTATION_CONTEXT(2) 
PARAMETRIC_REPRESENTATION_CONTEXT() REPRESENTATION_CONTEXT('2D SPACE',''
  ) );
#10188 = ORIENTED_EDGE('',*,*,#10061,.F.);
#10189 = ORIENTED_EDGE('',*,*,#9931,.T.);
#10190 = ADVANCED_FACE('',(#10191),#10101,.T.);
#10191 = FACE_BOUND('',#10192,.T.);
#10192 = EDGE_LOOP('',(#10193,#10194,#10216));
#10193 = ORIENTED_EDGE('',*,*,#10168,.T.);
#10194 = ORIENTED_EDGE('',*,*,#10195,.F.);
#10195 = EDGE_CURVE('',#10085,#10114,#10196,.T.);
#10196 = SURFACE_CURVE('',#10197,(#10202,#10209),.PCURVE_S1.);
#10197 = CIRCLE('',#10198,4.);
#10198 = AXIS2_PLACEMENT_3D('',#10199,#10200,#10201);
#10199 = CARTESIAN_POINT('',(30.,-858.,2.02E+03));
#10200 = DIRECTION('',(0.,0.,1.));
#10201 = DIRECTION('',(1.,0.,-0.));
#10202 = PCURVE('',#10101,#10203);
#10203 = DEFINITIONAL_REPRESENTATION('',(#10204),#10208);
#10204 = LINE('',#10205,#10206);
#10205 = CARTESIAN_POINT('',(0.,0.));
#10206 = VECTOR('',#10207,1.);
#10207 = DIRECTION('',(1.,0.));
#10208 = ( GEOMETRIC_REPRESENTATION_CONTEXT(2) 
PARAMETRIC_REPRESENTATION_CONTEXT() REPRESENTATION_CONTEXT('2D SPACE',''
  ) );
#10209 = PCURVE('',#10143,#10210);
#10210 = DEFINITIONAL_REPRESENTATION('',(#10211),#10215);
#10211 = LINE('',#10212,#10213);
#10212 = CARTESIAN_POINT('',(0.,0.));
#10213 = VECTOR('',#10214,1.);
#10214 = DIRECTION('',(1.,0.));
#10215 = ( GEOMETRIC_REPRESENTATION_CONTEXT(2) 
PARAMETRIC_REPRESENTATION_CONTEXT() REPRESENTATION_CONTEXT('2D SPACE',''
  ) );
#10216 = ORIENTED_EDGE('',*,*,#10084,.T.);
#10217 = ADVANCED_FACE('',(#10218),#10143,.T.);
#10218 = FACE_BOUND('',#10219,.T.);
#10219 = EDGE_LOOP('',(#10220,#10243,#10270,#10271,#10272));
#10220 = ORIENTED_EDGE('',*,*,#10221,.T.);
#10221 = EDGE_CURVE('',#10114,#10222,#10224,.T.);
#10222 = VERTEX_POINT('',#10223);
#10223 = CARTESIAN_POINT('',(34.,-858.,2.048E+03));
#10224 = SEAM_CURVE('',#10225,(#10229,#10236),.PCURVE_S1.);
#10225 = LINE('',#10226,#10227);
#10226 = CARTESIAN_POINT('',(34.,-858.,2.02E+03));
#10227 = VECTOR('',#10228,1.);
#10228 = DIRECTION('',(0.,0.,1.));
#10229 = PCURVE('',#10143,#10230);
#10230 = DEFINITIONAL_REPRESENTATION('',(#10231),#10235);
#10231 = LINE('',#10232,#10233);
#10232 = CARTESIAN_POINT('',(6.28318530718,-0.));
#10233 = VECTOR('',#10234,1.);
#10234 = DIRECTION('',(0.,1.));
#10235 = ( GEOMETRIC_REPRESENTATION_CONTEXT(2) 
PARAMETRIC_REPRESENTATION_CONTEXT() REPRESENTATION_CONTEXT('2D SPACE',''
  ) );
#10236 = PCURVE('',#10143,#10237);
#10237 = DEFINITIONAL_REPRESENTATION('',(#10238),#10242);
#10238 = LINE('',#10239,#10240);
#10239 = CARTESIAN_POINT('',(0.,-0.));
#10240 = VECTOR('',#10241,1.);
#10241 = DIRECTION('',(0.,1.));
#10242 = ( GEOMETRIC_REPRESENTATION_CONTEXT(2) 
PARAMETRIC_REPRESENTATION_CONTEXT() REPRESENTATION_CONTEXT('2D SPACE',''
  ) );
#10243 = ORIENTED_EDGE('',*,*,#10244,.F.);
#10244 = EDGE_CURVE('',#10222,#10222,#10245,.T.);
#10245 = SURFACE_CURVE('',#10246,(#10251,#10258),.PCURVE_S1.);
#10246 = CIRCLE('',#10247,4.);
#10247 = AXIS2_PLACEMENT_3D('',#10248,#10249,#10250);
#10248 = CARTESIAN_POINT('',(30.,-858.,2.048E+03));
#10249 = DIRECTION('',(0.,0.,1.));
#10250 = DIRECTION('',(1.,0.,-0.));
#10251 = PCURVE('',#10143,#10252);
#10252 = DEFINITIONAL_REPRESENTATION('',(#10253),#10257);
#10253 = LINE('',#10254,#10255);
#10254 = CARTESIAN_POINT('',(0.,28.));
#10255 = VECTOR('',#10256,1.);
#10256 = DIRECTION('',(1.,0.));
#10257 = ( GEOMETRIC_REPRESENTATION_CONTEXT(2) 
PARAMETRIC_REPRESENTATION_CONTEXT() REPRESENTATION_CONTEXT('2D SPACE',''
  ) );
#10258 = PCURVE('',#10259,#10264);
#10259 = PLANE('',#10260);
#10260 = AXIS2_PLACEMENT_3D('',#10261,#10262,#10263);
#10261 = CARTESIAN_POINT('',(30.,-858.,2.048E+03));
#10262 = DIRECTION('',(0.,0.,1.));
#10263 = DIRECTION('',(1.,0.,-0.));
#10264 = DEFINITIONAL_REPRESENTATION('',(#10265),#10269);
#10265 = CIRCLE('',#10266,4.);
#10266 = AXIS2_PLACEMENT_2D('',#10267,#10268);
#10267 = CARTESIAN_POINT('',(0.,0.));
#10268 = DIRECTION('',(1.,0.));
#10269 = ( GEOMETRIC_REPRESENTATION_CONTEXT(2) 
PARAMETRIC_REPRESENTATION_CONTEXT() REPRESENTATION_CONTEXT('2D SPACE',''
  ) );
#10270 = ORIENTED_EDGE('',*,*,#10221,.F.);
#10271 = ORIENTED_EDGE('',*,*,#10113,.T.);
#10272 = ORIENTED_EDGE('',*,*,#10195,.T.);
#10273 = ADVANCED_FACE('',(#10274),#10259,.T.);
#10274 = FACE_BOUND('',#10275,.T.);
#10275 = EDGE_LOOP('',(#10276));
#10276 = ORIENTED_EDGE('',*,*,#10244,.T.);
#10277 = ( GEOMETRIC_REPRESENTATION_CONTEXT(3) 
GLOBAL_UNCERTAINTY_ASSIGNED_CONTEXT((#10281)) 
GLOBAL_UNIT_ASSIGNED_CONTEXT((#10278,#10279,#10280)) 
REPRESENTATION_CONTEXT('Context #1',
  '3D Context with UNIT and UNCERTAINTY') );
#10278 = ( LENGTH_UNIT() NAMED_UNIT(*) SI_UNIT(.MILLI.,.METRE.) );
#10279 = ( NAMED_UNIT(*) PLANE_ANGLE_UNIT() SI_UNIT($,.RADIAN.) );
#10280 = ( NAMED_UNIT(*) SI_UNIT($,.STERADIAN.) SOLID_ANGLE_UNIT() );
#10281 = UNCERTAINTY_MEASURE_WITH_UNIT(LENGTH_MEASURE(1.E-06),#10278,
  'distance_accuracy_value','confusion accuracy');
#10282 = CONTEXT_DEPENDENT_SHAPE_REPRESENTATION(#10283,#10285);
#10283 = ( REPRESENTATION_RELATIONSHIP('','',#6970,#10) 
REPRESENTATION_RELATIONSHIP_WITH_TRANSFORMATION(#10284) 
SHAPE_REPRESENTATION_RELATIONSHIP() );
#10284 = ITEM_DEFINED_TRANSFORMATION('','',#11,#39);
#10285 = PRODUCT_DEFINITION_SHAPE('Placement','Placement of an item',
  #10286);
#10286 = NEXT_ASSEMBLY_USAGE_OCCURRENCE('19','=>[0:1:1:8]','',#5,#6965,$
  );
#10287 = PRODUCT_RELATED_PRODUCT_CATEGORY('part',$,(#6967));
#10288 = SHAPE_DEFINITION_REPRESENTATION(#10289,#10295);
#10289 = PRODUCT_DEFINITION_SHAPE('','',#10290);
#10290 = PRODUCT_DEFINITION('design','',#10291,#10294);
#10291 = PRODUCT_DEFINITION_FORMATION('','',#10292);
#10292 = PRODUCT('COMPOUND','COMPOUND','',(#10293));
#10293 = PRODUCT_CONTEXT('',#2,'mechanical');
#10294 = PRODUCT_DEFINITION_CONTEXT('part definition',#2,'design');
#10295 = SHAPE_REPRESENTATION('',(#11,#10296,#10874),#14040);
#10296 = MANIFOLD_SOLID_BREP('',#10297);
#10297 = CLOSED_SHELL('',(#10298,#10418,#10494,#10543,#10592,#10749,
    #10756,#10811,#10866,#10870));
#10298 = ADVANCED_FACE('',(#10299),#10313,.F.);
#10299 = FACE_BOUND('',#10300,.F.);
#10300 = EDGE_LOOP('',(#10301,#10336,#10364,#10392));
#10301 = ORIENTED_EDGE('',*,*,#10302,.F.);
#10302 = EDGE_CURVE('',#10303,#10305,#10307,.T.);
#10303 = VERTEX_POINT('',#10304);
#10304 = CARTESIAN_POINT('',(-145.,-1.030068138994E+03,
    2.502767383202E+03));
#10305 = VERTEX_POINT('',#10306);
#10306 = CARTESIAN_POINT('',(-145.,-1.01914074963E+03,2.515790138735E+03
    ));
#10307 = SURFACE_CURVE('',#10308,(#10312,#10324),.PCURVE_S1.);
#10308 = LINE('',#10309,#10310);
#10309 = CARTESIAN_POINT('',(-145.,-1.030068138994E+03,
    2.502767383202E+03));
#10310 = VECTOR('',#10311,1.);
#10311 = DIRECTION('',(0.,0.642787609687,0.766044443119));
#10312 = PCURVE('',#10313,#10318);
#10313 = PLANE('',#10314);
#10314 = AXIS2_PLACEMENT_3D('',#10315,#10316,#10317);
#10315 = CARTESIAN_POINT('',(-145.,-1.030068138994E+03,
    2.502767383202E+03));
#10316 = DIRECTION('',(1.,0.,-0.));
#10317 = DIRECTION('',(0.,0.642787609687,0.766044443119));
#10318 = DEFINITIONAL_REPRESENTATION('',(#10319),#10323);
#10319 = LINE('',#10320,#10321);
#10320 = CARTESIAN_POINT('',(0.,0.));
#10321 = VECTOR('',#10322,1.);
#10322 = DIRECTION('',(1.,0.));
#10323 = ( GEOMETRIC_REPRESENTATION_CONTEXT(2) 
PARAMETRIC_REPRESENTATION_CONTEXT() REPRESENTATION_CONTEXT('2D SPACE',''
  ) );
#10324 = PCURVE('',#10325,#10330);
#10325 = PLANE('',#10326);
#10326 = AXIS2_PLACEMENT_3D('',#10327,#10328,#10329);
#10327 = CARTESIAN_POINT('',(-145.,-1.030068138994E+03,
    2.502767383202E+03));
#10328 = DIRECTION('',(0.,0.766044443119,-0.642787609687));
#10329 = DIRECTION('',(0.,0.642787609687,0.766044443119));
#10330 = DEFINITIONAL_REPRESENTATION('',(#10331),#10335);
#10331 = LINE('',#10332,#10333);
#10332 = CARTESIAN_POINT('',(0.,0.));
#10333 = VECTOR('',#10334,1.);
#10334 = DIRECTION('',(1.,0.));
#10335 = ( GEOMETRIC_REPRESENTATION_CONTEXT(2) 
PARAMETRIC_REPRESENTATION_CONTEXT() REPRESENTATION_CONTEXT('2D SPACE',''
  ) );
#10336 = ORIENTED_EDGE('',*,*,#10337,.T.);
#10337 = EDGE_CURVE('',#10303,#10338,#10340,.T.);
#10338 = VERTEX_POINT('',#10339);
#10339 = CARTESIAN_POINT('',(-145.,-876.8592503704,2.374209861265E+03));
#10340 = SURFACE_CURVE('',#10341,(#10345,#10352),.PCURVE_S1.);
#10341 = LINE('',#10342,#10343);
#10342 = CARTESIAN_POINT('',(-145.,-1.030068138994E+03,
    2.502767383202E+03));
#10343 = VECTOR('',#10344,1.);
#10344 = DIRECTION('',(0.,0.766044443119,-0.642787609687));
#10345 = PCURVE('',#10313,#10346);
#10346 = DEFINITIONAL_REPRESENTATION('',(#10347),#10351);
#10347 = LINE('',#10348,#10349);
#10348 = CARTESIAN_POINT('',(0.,0.));
#10349 = VECTOR('',#10350,1.);
#10350 = DIRECTION('',(0.,-1.));
#10351 = ( GEOMETRIC_REPRESENTATION_CONTEXT(2) 
PARAMETRIC_REPRESENTATION_CONTEXT() REPRESENTATION_CONTEXT('2D SPACE',''
  ) );
#10352 = PCURVE('',#10353,#10358);
#10353 = PLANE('',#10354);
#10354 = AXIS2_PLACEMENT_3D('',#10355,#10356,#10357);
#10355 = CARTESIAN_POINT('',(-145.,-1.030068138994E+03,
    2.502767383202E+03));
#10356 = DIRECTION('',(0.,0.642787609687,0.766044443119));
#10357 = DIRECTION('',(1.,0.,-0.));
#10358 = DEFINITIONAL_REPRESENTATION('',(#10359),#10363);
#10359 = LINE('',#10360,#10361);
#10360 = CARTESIAN_POINT('',(0.,0.));
#10361 = VECTOR('',#10362,1.);
#10362 = DIRECTION('',(0.,1.));
#10363 = ( GEOMETRIC_REPRESENTATION_CONTEXT(2) 
PARAMETRIC_REPRESENTATION_CONTEXT() REPRESENTATION_CONTEXT('2D SPACE',''
  ) );
#10364 = ORIENTED_EDGE('',*,*,#10365,.T.);
#10365 = EDGE_CURVE('',#10338,#10366,#10368,.T.);
#10366 = VERTEX_POINT('',#10367);
#10367 = CARTESIAN_POINT('',(-145.,-865.9318610057,2.387232616798E+03));
#10368 = SURFACE_CURVE('',#10369,(#10373,#10380),.PCURVE_S1.);
#10369 = LINE('',#10370,#10371);
#10370 = CARTESIAN_POINT('',(-145.,-876.8592503704,2.374209861265E+03));
#10371 = VECTOR('',#10372,1.);
#10372 = DIRECTION('',(0.,0.642787609687,0.766044443119));
#10373 = PCURVE('',#10313,#10374);
#10374 = DEFINITIONAL_REPRESENTATION('',(#10375),#10379);
#10375 = LINE('',#10376,#10377);
#10376 = CARTESIAN_POINT('',(0.,-200.));
#10377 = VECTOR('',#10378,1.);
#10378 = DIRECTION('',(1.,0.));
#10379 = ( GEOMETRIC_REPRESENTATION_CONTEXT(2) 
PARAMETRIC_REPRESENTATION_CONTEXT() REPRESENTATION_CONTEXT('2D SPACE',''
  ) );
#10380 = PCURVE('',#10381,#10386);
#10381 = PLANE('',#10382);
#10382 = AXIS2_PLACEMENT_3D('',#10383,#10384,#10385);
#10383 = CARTESIAN_POINT('',(-145.,-876.8592503704,2.374209861265E+03));
#10384 = DIRECTION('',(0.,0.766044443119,-0.642787609687));
#10385 = DIRECTION('',(0.,0.642787609687,0.766044443119));
#10386 = DEFINITIONAL_REPRESENTATION('',(#10387),#10391);
#10387 = LINE('',#10388,#10389);
#10388 = CARTESIAN_POINT('',(0.,0.));
#10389 = VECTOR('',#10390,1.);
#10390 = DIRECTION('',(1.,0.));
#10391 = ( GEOMETRIC_REPRESENTATION_CONTEXT(2) 
PARAMETRIC_REPRESENTATION_CONTEXT() REPRESENTATION_CONTEXT('2D SPACE',''
  ) );
#10392 = ORIENTED_EDGE('',*,*,#10393,.F.);
#10393 = EDGE_CURVE('',#10305,#10366,#10394,.T.);
#10394 = SURFACE_CURVE('',#10395,(#10399,#10406),.PCURVE_S1.);
#10395 = LINE('',#10396,#10397);
#10396 = CARTESIAN_POINT('',(-145.,-1.01914074963E+03,2.515790138735E+03
    ));
#10397 = VECTOR('',#10398,1.);
#10398 = DIRECTION('',(0.,0.766044443119,-0.642787609687));
#10399 = PCURVE('',#10313,#10400);
#10400 = DEFINITIONAL_REPRESENTATION('',(#10401),#10405);
#10401 = LINE('',#10402,#10403);
#10402 = CARTESIAN_POINT('',(17.,0.));
#10403 = VECTOR('',#10404,1.);
#10404 = DIRECTION('',(0.,-1.));
#10405 = ( GEOMETRIC_REPRESENTATION_CONTEXT(2) 
PARAMETRIC_REPRESENTATION_CONTEXT() REPRESENTATION_CONTEXT('2D SPACE',''
  ) );
#10406 = PCURVE('',#10407,#10412);
#10407 = PLANE('',#10408);
#10408 = AXIS2_PLACEMENT_3D('',#10409,#10410,#10411);
#10409 = CARTESIAN_POINT('',(-145.,-1.01914074963E+03,2.515790138735E+03
    ));
#10410 = DIRECTION('',(0.,0.642787609687,0.766044443119));
#10411 = DIRECTION('',(1.,0.,-0.));
#10412 = DEFINITIONAL_REPRESENTATION('',(#10413),#10417);
#10413 = LINE('',#10414,#10415);
#10414 = CARTESIAN_POINT('',(0.,0.));
#10415 = VECTOR('',#10416,1.);
#10416 = DIRECTION('',(0.,1.));
#10417 = ( GEOMETRIC_REPRESENTATION_CONTEXT(2) 
PARAMETRIC_REPRESENTATION_CONTEXT() REPRESENTATION_CONTEXT('2D SPACE',''
  ) );
#10418 = ADVANCED_FACE('',(#10419),#10325,.F.);
#10419 = FACE_BOUND('',#10420,.F.);
#10420 = EDGE_LOOP('',(#10421,#10444,#10445,#10468));
#10421 = ORIENTED_EDGE('',*,*,#10422,.F.);
#10422 = EDGE_CURVE('',#10303,#10423,#10425,.T.);
#10423 = VERTEX_POINT('',#10424);
#10424 = CARTESIAN_POINT('',(145.,-1.030068138994E+03,2.502767383202E+03
    ));
#10425 = SURFACE_CURVE('',#10426,(#10430,#10437),.PCURVE_S1.);
#10426 = LINE('',#10427,#10428);
#10427 = CARTESIAN_POINT('',(-145.,-1.030068138994E+03,
    2.502767383202E+03));
#10428 = VECTOR('',#10429,1.);
#10429 = DIRECTION('',(1.,0.,-0.));
#10430 = PCURVE('',#10325,#10431);
#10431 = DEFINITIONAL_REPRESENTATION('',(#10432),#10436);
#10432 = LINE('',#10433,#10434);
#10433 = CARTESIAN_POINT('',(0.,0.));
#10434 = VECTOR('',#10435,1.);
#10435 = DIRECTION('',(0.,1.));
#10436 = ( GEOMETRIC_REPRESENTATION_CONTEXT(2) 
PARAMETRIC_REPRESENTATION_CONTEXT() REPRESENTATION_CONTEXT('2D SPACE',''
  ) );
#10437 = PCURVE('',#10353,#10438);
#10438 = DEFINITIONAL_REPRESENTATION('',(#10439),#10443);
#10439 = LINE('',#10440,#10441);
#10440 = CARTESIAN_POINT('',(0.,0.));
#10441 = VECTOR('',#10442,1.);
#10442 = DIRECTION('',(1.,0.));
#10443 = ( GEOMETRIC_REPRESENTATION_CONTEXT(2) 
PARAMETRIC_REPRESENTATION_CONTEXT() REPRESENTATION_CONTEXT('2D SPACE',''
  ) );
#10444 = ORIENTED_EDGE('',*,*,#10302,.T.);
#10445 = ORIENTED_EDGE('',*,*,#10446,.T.);
#10446 = EDGE_CURVE('',#10305,#10447,#10449,.T.);
#10447 = VERTEX_POINT('',#10448);
#10448 = CARTESIAN_POINT('',(145.,-1.01914074963E+03,2.515790138735E+03)
  );
#10449 = SURFACE_CURVE('',#10450,(#10454,#10461),.PCURVE_S1.);
#10450 = LINE('',#10451,#10452);
#10451 = CARTESIAN_POINT('',(-145.,-1.01914074963E+03,2.515790138735E+03
    ));
#10452 = VECTOR('',#10453,1.);
#10453 = DIRECTION('',(1.,0.,-0.));
#10454 = PCURVE('',#10325,#10455);
#10455 = DEFINITIONAL_REPRESENTATION('',(#10456),#10460);
#10456 = LINE('',#10457,#10458);
#10457 = CARTESIAN_POINT('',(17.,0.));
#10458 = VECTOR('',#10459,1.);
#10459 = DIRECTION('',(0.,1.));
#10460 = ( GEOMETRIC_REPRESENTATION_CONTEXT(2) 
PARAMETRIC_REPRESENTATION_CONTEXT() REPRESENTATION_CONTEXT('2D SPACE',''
  ) );
#10461 = PCURVE('',#10407,#10462);
#10462 = DEFINITIONAL_REPRESENTATION('',(#10463),#10467);
#10463 = LINE('',#10464,#10465);
#10464 = CARTESIAN_POINT('',(0.,0.));
#10465 = VECTOR('',#10466,1.);
#10466 = DIRECTION('',(1.,0.));
#10467 = ( GEOMETRIC_REPRESENTATION_CONTEXT(2) 
PARAMETRIC_REPRESENTATION_CONTEXT() REPRESENTATION_CONTEXT('2D SPACE',''
  ) );
#10468 = ORIENTED_EDGE('',*,*,#10469,.F.);
#10469 = EDGE_CURVE('',#10423,#10447,#10470,.T.);
#10470 = SURFACE_CURVE('',#10471,(#10475,#10482),.PCURVE_S1.);
#10471 = LINE('',#10472,#10473);
#10472 = CARTESIAN_POINT('',(145.,-1.030068138994E+03,2.502767383202E+03
    ));
#10473 = VECTOR('',#10474,1.);
#10474 = DIRECTION('',(0.,0.642787609687,0.766044443119));
#10475 = PCURVE('',#10325,#10476);
#10476 = DEFINITIONAL_REPRESENTATION('',(#10477),#10481);
#10477 = LINE('',#10478,#10479);
#10478 = CARTESIAN_POINT('',(0.,290.));
#10479 = VECTOR('',#10480,1.);
#10480 = DIRECTION('',(1.,0.));
#10481 = ( GEOMETRIC_REPRESENTATION_CONTEXT(2) 
PARAMETRIC_REPRESENTATION_CONTEXT() REPRESENTATION_CONTEXT('2D SPACE',''
  ) );
#10482 = PCURVE('',#10483,#10488);
#10483 = PLANE('',#10484);
#10484 = AXIS2_PLACEMENT_3D('',#10485,#10486,#10487);
#10485 = CARTESIAN_POINT('',(145.,-1.030068138994E+03,2.502767383202E+03
    ));
#10486 = DIRECTION('',(1.,0.,-0.));
#10487 = DIRECTION('',(0.,0.642787609687,0.766044443119));
#10488 = DEFINITIONAL_REPRESENTATION('',(#10489),#10493);
#10489 = LINE('',#10490,#10491);
#10490 = CARTESIAN_POINT('',(0.,0.));
#10491 = VECTOR('',#10492,1.);
#10492 = DIRECTION('',(1.,0.));
#10493 = ( GEOMETRIC_REPRESENTATION_CONTEXT(2) 
PARAMETRIC_REPRESENTATION_CONTEXT() REPRESENTATION_CONTEXT('2D SPACE',''
  ) );
#10494 = ADVANCED_FACE('',(#10495),#10407,.T.);
#10495 = FACE_BOUND('',#10496,.T.);
#10496 = EDGE_LOOP('',(#10497,#10498,#10499,#10522));
#10497 = ORIENTED_EDGE('',*,*,#10393,.F.);
#10498 = ORIENTED_EDGE('',*,*,#10446,.T.);
#10499 = ORIENTED_EDGE('',*,*,#10500,.T.);
#10500 = EDGE_CURVE('',#10447,#10501,#10503,.T.);
#10501 = VERTEX_POINT('',#10502);
#10502 = CARTESIAN_POINT('',(145.,-865.9318610057,2.387232616798E+03));
#10503 = SURFACE_CURVE('',#10504,(#10508,#10515),.PCURVE_S1.);
#10504 = LINE('',#10505,#10506);
#10505 = CARTESIAN_POINT('',(145.,-1.01914074963E+03,2.515790138735E+03)
  );
#10506 = VECTOR('',#10507,1.);
#10507 = DIRECTION('',(0.,0.766044443119,-0.642787609687));
#10508 = PCURVE('',#10407,#10509);
#10509 = DEFINITIONAL_REPRESENTATION('',(#10510),#10514);
#10510 = LINE('',#10511,#10512);
#10511 = CARTESIAN_POINT('',(290.,0.));
#10512 = VECTOR('',#10513,1.);
#10513 = DIRECTION('',(0.,1.));
#10514 = ( GEOMETRIC_REPRESENTATION_CONTEXT(2) 
PARAMETRIC_REPRESENTATION_CONTEXT() REPRESENTATION_CONTEXT('2D SPACE',''
  ) );
#10515 = PCURVE('',#10483,#10516);
#10516 = DEFINITIONAL_REPRESENTATION('',(#10517),#10521);
#10517 = LINE('',#10518,#10519);
#10518 = CARTESIAN_POINT('',(17.,0.));
#10519 = VECTOR('',#10520,1.);
#10520 = DIRECTION('',(0.,-1.));
#10521 = ( GEOMETRIC_REPRESENTATION_CONTEXT(2) 
PARAMETRIC_REPRESENTATION_CONTEXT() REPRESENTATION_CONTEXT('2D SPACE',''
  ) );
#10522 = ORIENTED_EDGE('',*,*,#10523,.F.);
#10523 = EDGE_CURVE('',#10366,#10501,#10524,.T.);
#10524 = SURFACE_CURVE('',#10525,(#10529,#10536),.PCURVE_S1.);
#10525 = LINE('',#10526,#10527);
#10526 = CARTESIAN_POINT('',(-145.,-865.9318610057,2.387232616798E+03));
#10527 = VECTOR('',#10528,1.);
#10528 = DIRECTION('',(1.,0.,-0.));
#10529 = PCURVE('',#10407,#10530);
#10530 = DEFINITIONAL_REPRESENTATION('',(#10531),#10535);
#10531 = LINE('',#10532,#10533);
#10532 = CARTESIAN_POINT('',(0.,200.));
#10533 = VECTOR('',#10534,1.);
#10534 = DIRECTION('',(1.,0.));
#10535 = ( GEOMETRIC_REPRESENTATION_CONTEXT(2) 
PARAMETRIC_REPRESENTATION_CONTEXT() REPRESENTATION_CONTEXT('2D SPACE',''
  ) );
#10536 = PCURVE('',#10381,#10537);
#10537 = DEFINITIONAL_REPRESENTATION('',(#10538),#10542);
#10538 = LINE('',#10539,#10540);
#10539 = CARTESIAN_POINT('',(17.,0.));
#10540 = VECTOR('',#10541,1.);
#10541 = DIRECTION('',(0.,1.));
#10542 = ( GEOMETRIC_REPRESENTATION_CONTEXT(2) 
PARAMETRIC_REPRESENTATION_CONTEXT() REPRESENTATION_CONTEXT('2D SPACE',''
  ) );
#10543 = ADVANCED_FACE('',(#10544),#10381,.T.);
#10544 = FACE_BOUND('',#10545,.T.);
#10545 = EDGE_LOOP('',(#10546,#10569,#10570,#10571));
#10546 = ORIENTED_EDGE('',*,*,#10547,.F.);
#10547 = EDGE_CURVE('',#10338,#10548,#10550,.T.);
#10548 = VERTEX_POINT('',#10549);
#10549 = CARTESIAN_POINT('',(145.,-876.8592503704,2.374209861265E+03));
#10550 = SURFACE_CURVE('',#10551,(#10555,#10562),.PCURVE_S1.);
#10551 = LINE('',#10552,#10553);
#10552 = CARTESIAN_POINT('',(-145.,-876.8592503704,2.374209861265E+03));
#10553 = VECTOR('',#10554,1.);
#10554 = DIRECTION('',(1.,0.,-0.));
#10555 = PCURVE('',#10381,#10556);
#10556 = DEFINITIONAL_REPRESENTATION('',(#10557),#10561);
#10557 = LINE('',#10558,#10559);
#10558 = CARTESIAN_POINT('',(0.,0.));
#10559 = VECTOR('',#10560,1.);
#10560 = DIRECTION('',(0.,1.));
#10561 = ( GEOMETRIC_REPRESENTATION_CONTEXT(2) 
PARAMETRIC_REPRESENTATION_CONTEXT() REPRESENTATION_CONTEXT('2D SPACE',''
  ) );
#10562 = PCURVE('',#10353,#10563);
#10563 = DEFINITIONAL_REPRESENTATION('',(#10564),#10568);
#10564 = LINE('',#10565,#10566);
#10565 = CARTESIAN_POINT('',(0.,200.));
#10566 = VECTOR('',#10567,1.);
#10567 = DIRECTION('',(1.,0.));
#10568 = ( GEOMETRIC_REPRESENTATION_CONTEXT(2) 
PARAMETRIC_REPRESENTATION_CONTEXT() REPRESENTATION_CONTEXT('2D SPACE',''
  ) );
#10569 = ORIENTED_EDGE('',*,*,#10365,.T.);
#10570 = ORIENTED_EDGE('',*,*,#10523,.T.);
#10571 = ORIENTED_EDGE('',*,*,#10572,.F.);
#10572 = EDGE_CURVE('',#10548,#10501,#10573,.T.);
#10573 = SURFACE_CURVE('',#10574,(#10578,#10585),.PCURVE_S1.);
#10574 = LINE('',#10575,#10576);
#10575 = CARTESIAN_POINT('',(145.,-876.8592503704,2.374209861265E+03));
#10576 = VECTOR('',#10577,1.);
#10577 = DIRECTION('',(0.,0.642787609687,0.766044443119));
#10578 = PCURVE('',#10381,#10579);
#10579 = DEFINITIONAL_REPRESENTATION('',(#10580),#10584);
#10580 = LINE('',#10581,#10582);
#10581 = CARTESIAN_POINT('',(0.,290.));
#10582 = VECTOR('',#10583,1.);
#10583 = DIRECTION('',(1.,0.));
#10584 = ( GEOMETRIC_REPRESENTATION_CONTEXT(2) 
PARAMETRIC_REPRESENTATION_CONTEXT() REPRESENTATION_CONTEXT('2D SPACE',''
  ) );
#10585 = PCURVE('',#10483,#10586);
#10586 = DEFINITIONAL_REPRESENTATION('',(#10587),#10591);
#10587 = LINE('',#10588,#10589);
#10588 = CARTESIAN_POINT('',(0.,-200.));
#10589 = VECTOR('',#10590,1.);
#10590 = DIRECTION('',(1.,0.));
#10591 = ( GEOMETRIC_REPRESENTATION_CONTEXT(2) 
PARAMETRIC_REPRESENTATION_CONTEXT() REPRESENTATION_CONTEXT('2D SPACE',''
  ) );
#10592 = ADVANCED_FACE('',(#10593,#10619,#10684),#10353,.F.);
#10593 = FACE_BOUND('',#10594,.F.);
#10594 = EDGE_LOOP('',(#10595,#10596,#10597,#10618));
#10595 = ORIENTED_EDGE('',*,*,#10337,.F.);
#10596 = ORIENTED_EDGE('',*,*,#10422,.T.);
#10597 = ORIENTED_EDGE('',*,*,#10598,.T.);
#10598 = EDGE_CURVE('',#10423,#10548,#10599,.T.);
#10599 = SURFACE_CURVE('',#10600,(#10604,#10611),.PCURVE_S1.);
#10600 = LINE('',#10601,#10602);
#10601 = CARTESIAN_POINT('',(145.,-1.030068138994E+03,2.502767383202E+03
    ));
#10602 = VECTOR('',#10603,1.);
#10603 = DIRECTION('',(0.,0.766044443119,-0.642787609687));
#10604 = PCURVE('',#10353,#10605);
#10605 = DEFINITIONAL_REPRESENTATION('',(#10606),#10610);
#10606 = LINE('',#10607,#10608);
#10607 = CARTESIAN_POINT('',(290.,0.));
#10608 = VECTOR('',#10609,1.);
#10609 = DIRECTION('',(0.,1.));
#10610 = ( GEOMETRIC_REPRESENTATION_CONTEXT(2) 
PARAMETRIC_REPRESENTATION_CONTEXT() REPRESENTATION_CONTEXT('2D SPACE',''
  ) );
#10611 = PCURVE('',#10483,#10612);
#10612 = DEFINITIONAL_REPRESENTATION('',(#10613),#10617);
#10613 = LINE('',#10614,#10615);
#10614 = CARTESIAN_POINT('',(0.,0.));
#10615 = VECTOR('',#10616,1.);
#10616 = DIRECTION('',(0.,-1.));
#10617 = ( GEOMETRIC_REPRESENTATION_CONTEXT(2) 
PARAMETRIC_REPRESENTATION_CONTEXT() REPRESENTATION_CONTEXT('2D SPACE',''
  ) );
#10618 = ORIENTED_EDGE('',*,*,#10547,.F.);
#10619 = FACE_BOUND('',#10620,.F.);
#10620 = EDGE_LOOP('',(#10621));
#10621 = ORIENTED_EDGE('',*,*,#10622,.F.);
#10622 = EDGE_CURVE('',#10623,#10623,#10625,.T.);
#10623 = VERTEX_POINT('',#10624);
#10624 = CARTESIAN_POINT('',(-110.,-907.6071444663,2.40001040786E+03));
#10625 = SURFACE_CURVE('',#10626,(#10631,#10638),.PCURVE_S1.);
#10626 = ELLIPSE('',#10627,16.367860038445,6.);
#10627 = AXIS2_PLACEMENT_3D('',#10628,#10629,#10630);
#10628 = CARTESIAN_POINT('',(-110.,-920.1456526945,2.41053146549E+03));
#10629 = DIRECTION('',(0.,0.642787609687,0.766044443119));
#10630 = DIRECTION('',(0.,-0.766044443119,0.642787609687));
#10631 = PCURVE('',#10353,#10632);
#10632 = DEFINITIONAL_REPRESENTATION('',(#10633),#10637);
#10633 = ELLIPSE('',#10634,16.367860038445,6.);
#10634 = AXIS2_PLACEMENT_2D('',#10635,#10636);
#10635 = CARTESIAN_POINT('',(35.,143.49361487709));
#10636 = DIRECTION('',(0.,-1.));
#10637 = ( GEOMETRIC_REPRESENTATION_CONTEXT(2) 
PARAMETRIC_REPRESENTATION_CONTEXT() REPRESENTATION_CONTEXT('2D SPACE',''
  ) );
#10638 = PCURVE('',#10639,#10644);
#10639 = CYLINDRICAL_SURFACE('',#10640,6.);
#10640 = AXIS2_PLACEMENT_3D('',#10641,#10642,#10643);
#10641 = CARTESIAN_POINT('',(-110.,-833.,2.25E+03));
#10642 = DIRECTION('',(0.,-0.477091862904,0.878853431666));
#10643 = DIRECTION('',(0.,0.878853431666,0.477091862904));
#10644 = DEFINITIONAL_REPRESENTATION('',(#10645),#10683);
#10645 = B_SPLINE_CURVE_WITH_KNOTS('',8,(#10646,#10647,#10648,#10649,
    #10650,#10651,#10652,#10653,#10654,#10655,#10656,#10657,#10658,
    #10659,#10660,#10661,#10662,#10663,#10664,#10665,#10666,#10667,
    #10668,#10669,#10670,#10671,#10672,#10673,#10674,#10675,#10676,
    #10677,#10678,#10679,#10680,#10681,#10682),.UNSPECIFIED.,.F.,.F.,(9,
    7,7,7,7,9),(3.14159265359,4.712388980385,5.890486225481,
    7.657632093125,8.541205026947,9.424777960769),.UNSPECIFIED.);
#10646 = CARTESIAN_POINT('',(0.,167.43162327295));
#10647 = CARTESIAN_POINT('',(0.196349540849,167.43162327295));
#10648 = CARTESIAN_POINT('',(0.392699081697,168.10260226478));
#10649 = CARTESIAN_POINT('',(0.589048622551,169.44455454812));
#10650 = CARTESIAN_POINT('',(0.785398163391,171.40231822163));
#10651 = CARTESIAN_POINT('',(0.981747704247,173.86545744189));
#10652 = CARTESIAN_POINT('',(1.178097245095,176.67989721943));
#10653 = CARTESIAN_POINT('',(1.374446785946,179.67000452684));
#10654 = CARTESIAN_POINT('',(1.718058482432,184.90269107236));
#10655 = CARTESIAN_POINT('',(1.865320638069,187.1452701997));
#10656 = CARTESIAN_POINT('',(2.012582793705,189.31374664966));
#10657 = CARTESIAN_POINT('',(2.159844949343,191.33399795875));
#10658 = CARTESIAN_POINT('',(2.30710710498,193.13708151954));
#10659 = CARTESIAN_POINT('',(2.454369260617,194.66430650784));
#10660 = CARTESIAN_POINT('',(2.601631416254,195.87120116934));
#10661 = CARTESIAN_POINT('',(2.969786805347,198.01669664905));
#10662 = CARTESIAN_POINT('',(3.190680038799,198.51942784048));
#10663 = CARTESIAN_POINT('',(3.411573272264,198.14188921975));
#10664 = CARTESIAN_POINT('',(3.6324665057,196.86999463953));
#10665 = CARTESIAN_POINT('',(3.853359739176,194.78641254664));
#10666 = CARTESIAN_POINT('',(4.074252972622,192.06383930222));
#10667 = CARTESIAN_POINT('',(4.29514620608,188.93027582782));
#10668 = CARTESIAN_POINT('',(4.626486056263,183.98142467061));
#10669 = CARTESIAN_POINT('',(4.736932672991,182.29038963615));
#10670 = CARTESIAN_POINT('',(4.84737928972,180.58859968721));
#10671 = CARTESIAN_POINT('',(4.957825906448,178.90779651026));
#10672 = CARTESIAN_POINT('',(5.068272523175,177.27960143837));
#10673 = CARTESIAN_POINT('',(5.178719139902,175.73425016151));
#10674 = CARTESIAN_POINT('',(5.28916575663,174.2994140102));
#10675 = CARTESIAN_POINT('',(5.510058990085,171.69910739665));
#10676 = CARTESIAN_POINT('',(5.620505606813,170.53363703231));
#10677 = CARTESIAN_POINT('',(5.730952223541,169.52701606103));
#10678 = CARTESIAN_POINT('',(5.84139884027,168.69990977429));
#10679 = CARTESIAN_POINT('',(5.951845456998,168.06852794433));
#10680 = CARTESIAN_POINT('',(6.062292073724,167.64392516342));
#10681 = CARTESIAN_POINT('',(6.172738690452,167.43162327295));
#10682 = CARTESIAN_POINT('',(6.28318530718,167.43162327295));
#10683 = ( GEOMETRIC_REPRESENTATION_CONTEXT(2) 
PARAMETRIC_REPRESENTATION_CONTEXT() REPRESENTATION_CONTEXT('2D SPACE',''
  ) );
#10684 = FACE_BOUND('',#10685,.F.);
#10685 = EDGE_LOOP('',(#10686));
#10686 = ORIENTED_EDGE('',*,*,#10687,.F.);
#10687 = EDGE_CURVE('',#10688,#10688,#10690,.T.);
#10688 = VERTEX_POINT('',#10689);
#10689 = CARTESIAN_POINT('',(110.,-907.6071444663,2.40001040786E+03));
#10690 = SURFACE_CURVE('',#10691,(#10696,#10703),.PCURVE_S1.);
#10691 = ELLIPSE('',#10692,16.367860038445,6.);
#10692 = AXIS2_PLACEMENT_3D('',#10693,#10694,#10695);
#10693 = CARTESIAN_POINT('',(110.,-920.1456526945,2.41053146549E+03));
#10694 = DIRECTION('',(0.,0.642787609687,0.766044443119));
#10695 = DIRECTION('',(0.,-0.766044443119,0.642787609687));
#10696 = PCURVE('',#10353,#10697);
#10697 = DEFINITIONAL_REPRESENTATION('',(#10698),#10702);
#10698 = ELLIPSE('',#10699,16.367860038445,6.);
#10699 = AXIS2_PLACEMENT_2D('',#10700,#10701);
#10700 = CARTESIAN_POINT('',(255.,143.49361487709));
#10701 = DIRECTION('',(0.,-1.));
#10702 = ( GEOMETRIC_REPRESENTATION_CONTEXT(2) 
PARAMETRIC_REPRESENTATION_CONTEXT() REPRESENTATION_CONTEXT('2D SPACE',''
  ) );
#10703 = PCURVE('',#10704,#10709);
#10704 = CYLINDRICAL_SURFACE('',#10705,6.);
#10705 = AXIS2_PLACEMENT_3D('',#10706,#10707,#10708);
#10706 = CARTESIAN_POINT('',(110.,-833.,2.25E+03));
#10707 = DIRECTION('',(0.,-0.477091862904,0.878853431666));
#10708 = DIRECTION('',(0.,0.878853431666,0.477091862904));
#10709 = DEFINITIONAL_REPRESENTATION('',(#10710),#10748);
#10710 = B_SPLINE_CURVE_WITH_KNOTS('',8,(#10711,#10712,#10713,#10714,
    #10715,#10716,#10717,#10718,#10719,#10720,#10721,#10722,#10723,
    #10724,#10725,#10726,#10727,#10728,#10729,#10730,#10731,#10732,
    #10733,#10734,#10735,#10736,#10737,#10738,#10739,#10740,#10741,
    #10742,#10743,#10744,#10745,#10746,#10747),.UNSPECIFIED.,.F.,.F.,(9,
    7,7,7,7,9),(3.14159265359,4.712388980385,5.890486225481,
    7.657632093125,8.541205026947,9.424777960769),.UNSPECIFIED.);
#10711 = CARTESIAN_POINT('',(0.,167.43162327295));
#10712 = CARTESIAN_POINT('',(0.196349540849,167.43162327295));
#10713 = CARTESIAN_POINT('',(0.392699081697,168.10260226478));
#10714 = CARTESIAN_POINT('',(0.589048622551,169.44455454812));
#10715 = CARTESIAN_POINT('',(0.785398163391,171.40231822163));
#10716 = CARTESIAN_POINT('',(0.981747704247,173.86545744189));
#10717 = CARTESIAN_POINT('',(1.178097245095,176.67989721943));
#10718 = CARTESIAN_POINT('',(1.374446785946,179.67000452684));
#10719 = CARTESIAN_POINT('',(1.718058482432,184.90269107236));
#10720 = CARTESIAN_POINT('',(1.865320638069,187.1452701997));
#10721 = CARTESIAN_POINT('',(2.012582793705,189.31374664966));
#10722 = CARTESIAN_POINT('',(2.159844949343,191.33399795875));
#10723 = CARTESIAN_POINT('',(2.30710710498,193.13708151954));
#10724 = CARTESIAN_POINT('',(2.454369260617,194.66430650784));
#10725 = CARTESIAN_POINT('',(2.601631416254,195.87120116934));
#10726 = CARTESIAN_POINT('',(2.969786805347,198.01669664905));
#10727 = CARTESIAN_POINT('',(3.190680038799,198.51942784048));
#10728 = CARTESIAN_POINT('',(3.411573272264,198.14188921975));
#10729 = CARTESIAN_POINT('',(3.6324665057,196.86999463953));
#10730 = CARTESIAN_POINT('',(3.853359739176,194.78641254664));
#10731 = CARTESIAN_POINT('',(4.074252972622,192.06383930222));
#10732 = CARTESIAN_POINT('',(4.29514620608,188.93027582782));
#10733 = CARTESIAN_POINT('',(4.626486056263,183.98142467061));
#10734 = CARTESIAN_POINT('',(4.736932672991,182.29038963615));
#10735 = CARTESIAN_POINT('',(4.84737928972,180.58859968721));
#10736 = CARTESIAN_POINT('',(4.957825906448,178.90779651026));
#10737 = CARTESIAN_POINT('',(5.068272523175,177.27960143837));
#10738 = CARTESIAN_POINT('',(5.178719139902,175.73425016151));
#10739 = CARTESIAN_POINT('',(5.28916575663,174.2994140102));
#10740 = CARTESIAN_POINT('',(5.510058990085,171.69910739665));
#10741 = CARTESIAN_POINT('',(5.620505606813,170.53363703231));
#10742 = CARTESIAN_POINT('',(5.730952223541,169.52701606103));
#10743 = CARTESIAN_POINT('',(5.84139884027,168.69990977429));
#10744 = CARTESIAN_POINT('',(5.951845456998,168.06852794433));
#10745 = CARTESIAN_POINT('',(6.062292073724,167.64392516342));
#10746 = CARTESIAN_POINT('',(6.172738690452,167.43162327295));
#10747 = CARTESIAN_POINT('',(6.28318530718,167.43162327295));
#10748 = ( GEOMETRIC_REPRESENTATION_CONTEXT(2) 
PARAMETRIC_REPRESENTATION_CONTEXT() REPRESENTATION_CONTEXT('2D SPACE',''
  ) );
#10749 = ADVANCED_FACE('',(#10750),#10483,.T.);
#10750 = FACE_BOUND('',#10751,.T.);
#10751 = EDGE_LOOP('',(#10752,#10753,#10754,#10755));
#10752 = ORIENTED_EDGE('',*,*,#10469,.F.);
#10753 = ORIENTED_EDGE('',*,*,#10598,.T.);
#10754 = ORIENTED_EDGE('',*,*,#10572,.T.);
#10755 = ORIENTED_EDGE('',*,*,#10500,.F.);
#10756 = ADVANCED_FACE('',(#10757),#10639,.T.);
#10757 = FACE_BOUND('',#10758,.T.);
#10758 = EDGE_LOOP('',(#10759,#10760,#10783,#10810));
#10759 = ORIENTED_EDGE('',*,*,#10622,.F.);
#10760 = ORIENTED_EDGE('',*,*,#10761,.F.);
#10761 = EDGE_CURVE('',#10762,#10623,#10764,.T.);
#10762 = VERTEX_POINT('',#10763);
#10763 = CARTESIAN_POINT('',(-110.,-827.72687941,2.252862551177E+03));
#10764 = SEAM_CURVE('',#10765,(#10769,#10776),.PCURVE_S1.);
#10765 = LINE('',#10766,#10767);
#10766 = CARTESIAN_POINT('',(-110.,-827.72687941,2.252862551177E+03));
#10767 = VECTOR('',#10768,1.);
#10768 = DIRECTION('',(0.,-0.477091862904,0.878853431666));
#10769 = PCURVE('',#10639,#10770);
#10770 = DEFINITIONAL_REPRESENTATION('',(#10771),#10775);
#10771 = LINE('',#10772,#10773);
#10772 = CARTESIAN_POINT('',(6.28318530718,-0.));
#10773 = VECTOR('',#10774,1.);
#10774 = DIRECTION('',(0.,1.));
#10775 = ( GEOMETRIC_REPRESENTATION_CONTEXT(2) 
PARAMETRIC_REPRESENTATION_CONTEXT() REPRESENTATION_CONTEXT('2D SPACE',''
  ) );
#10776 = PCURVE('',#10639,#10777);
#10777 = DEFINITIONAL_REPRESENTATION('',(#10778),#10782);
#10778 = LINE('',#10779,#10780);
#10779 = CARTESIAN_POINT('',(0.,-0.));
#10780 = VECTOR('',#10781,1.);
#10781 = DIRECTION('',(0.,1.));
#10782 = ( GEOMETRIC_REPRESENTATION_CONTEXT(2) 
PARAMETRIC_REPRESENTATION_CONTEXT() REPRESENTATION_CONTEXT('2D SPACE',''
  ) );
#10783 = ORIENTED_EDGE('',*,*,#10784,.T.);
#10784 = EDGE_CURVE('',#10762,#10762,#10785,.T.);
#10785 = SURFACE_CURVE('',#10786,(#10791,#10798),.PCURVE_S1.);
#10786 = CIRCLE('',#10787,6.);
#10787 = AXIS2_PLACEMENT_3D('',#10788,#10789,#10790);
#10788 = CARTESIAN_POINT('',(-110.,-833.,2.25E+03));
#10789 = DIRECTION('',(0.,-0.477091862904,0.878853431666));
#10790 = DIRECTION('',(0.,0.878853431666,0.477091862904));
#10791 = PCURVE('',#10639,#10792);
#10792 = DEFINITIONAL_REPRESENTATION('',(#10793),#10797);
#10793 = LINE('',#10794,#10795);
#10794 = CARTESIAN_POINT('',(0.,0.));
#10795 = VECTOR('',#10796,1.);
#10796 = DIRECTION('',(1.,0.));
#10797 = ( GEOMETRIC_REPRESENTATION_CONTEXT(2) 
PARAMETRIC_REPRESENTATION_CONTEXT() REPRESENTATION_CONTEXT('2D SPACE',''
  ) );
#10798 = PCURVE('',#10799,#10804);
#10799 = PLANE('',#10800);
#10800 = AXIS2_PLACEMENT_3D('',#10801,#10802,#10803);
#10801 = CARTESIAN_POINT('',(-110.,-833.,2.25E+03));
#10802 = DIRECTION('',(0.,-0.477091862904,0.878853431666));
#10803 = DIRECTION('',(0.,0.878853431666,0.477091862904));
#10804 = DEFINITIONAL_REPRESENTATION('',(#10805),#10809);
#10805 = CIRCLE('',#10806,6.);
#10806 = AXIS2_PLACEMENT_2D('',#10807,#10808);
#10807 = CARTESIAN_POINT('',(0.,0.));
#10808 = DIRECTION('',(1.,0.));
#10809 = ( GEOMETRIC_REPRESENTATION_CONTEXT(2) 
PARAMETRIC_REPRESENTATION_CONTEXT() REPRESENTATION_CONTEXT('2D SPACE',''
  ) );
#10810 = ORIENTED_EDGE('',*,*,#10761,.T.);
#10811 = ADVANCED_FACE('',(#10812),#10704,.T.);
#10812 = FACE_BOUND('',#10813,.T.);
#10813 = EDGE_LOOP('',(#10814,#10815,#10838,#10865));
#10814 = ORIENTED_EDGE('',*,*,#10687,.F.);
#10815 = ORIENTED_EDGE('',*,*,#10816,.F.);
#10816 = EDGE_CURVE('',#10817,#10688,#10819,.T.);
#10817 = VERTEX_POINT('',#10818);
#10818 = CARTESIAN_POINT('',(110.,-827.72687941,2.252862551177E+03));
#10819 = SEAM_CURVE('',#10820,(#10824,#10831),.PCURVE_S1.);
#10820 = LINE('',#10821,#10822);
#10821 = CARTESIAN_POINT('',(110.,-827.72687941,2.252862551177E+03));
#10822 = VECTOR('',#10823,1.);
#10823 = DIRECTION('',(0.,-0.477091862904,0.878853431666));
#10824 = PCURVE('',#10704,#10825);
#10825 = DEFINITIONAL_REPRESENTATION('',(#10826),#10830);
#10826 = LINE('',#10827,#10828);
#10827 = CARTESIAN_POINT('',(6.28318530718,-0.));
#10828 = VECTOR('',#10829,1.);
#10829 = DIRECTION('',(0.,1.));
#10830 = ( GEOMETRIC_REPRESENTATION_CONTEXT(2) 
PARAMETRIC_REPRESENTATION_CONTEXT() REPRESENTATION_CONTEXT('2D SPACE',''
  ) );
#10831 = PCURVE('',#10704,#10832);
#10832 = DEFINITIONAL_REPRESENTATION('',(#10833),#10837);
#10833 = LINE('',#10834,#10835);
#10834 = CARTESIAN_POINT('',(0.,-0.));
#10835 = VECTOR('',#10836,1.);
#10836 = DIRECTION('',(0.,1.));
#10837 = ( GEOMETRIC_REPRESENTATION_CONTEXT(2) 
PARAMETRIC_REPRESENTATION_CONTEXT() REPRESENTATION_CONTEXT('2D SPACE',''
  ) );
#10838 = ORIENTED_EDGE('',*,*,#10839,.T.);
#10839 = EDGE_CURVE('',#10817,#10817,#10840,.T.);
#10840 = SURFACE_CURVE('',#10841,(#10846,#10853),.PCURVE_S1.);
#10841 = CIRCLE('',#10842,6.);
#10842 = AXIS2_PLACEMENT_3D('',#10843,#10844,#10845);
#10843 = CARTESIAN_POINT('',(110.,-833.,2.25E+03));
#10844 = DIRECTION('',(0.,-0.477091862904,0.878853431666));
#10845 = DIRECTION('',(0.,0.878853431666,0.477091862904));
#10846 = PCURVE('',#10704,#10847);
#10847 = DEFINITIONAL_REPRESENTATION('',(#10848),#10852);
#10848 = LINE('',#10849,#10850);
#10849 = CARTESIAN_POINT('',(0.,0.));
#10850 = VECTOR('',#10851,1.);
#10851 = DIRECTION('',(1.,0.));
#10852 = ( GEOMETRIC_REPRESENTATION_CONTEXT(2) 
PARAMETRIC_REPRESENTATION_CONTEXT() REPRESENTATION_CONTEXT('2D SPACE',''
  ) );
#10853 = PCURVE('',#10854,#10859);
#10854 = PLANE('',#10855);
#10855 = AXIS2_PLACEMENT_3D('',#10856,#10857,#10858);
#10856 = CARTESIAN_POINT('',(110.,-833.,2.25E+03));
#10857 = DIRECTION('',(0.,-0.477091862904,0.878853431666));
#10858 = DIRECTION('',(0.,0.878853431666,0.477091862904));
#10859 = DEFINITIONAL_REPRESENTATION('',(#10860),#10864);
#10860 = CIRCLE('',#10861,6.);
#10861 = AXIS2_PLACEMENT_2D('',#10862,#10863);
#10862 = CARTESIAN_POINT('',(0.,0.));
#10863 = DIRECTION('',(1.,0.));
#10864 = ( GEOMETRIC_REPRESENTATION_CONTEXT(2) 
PARAMETRIC_REPRESENTATION_CONTEXT() REPRESENTATION_CONTEXT('2D SPACE',''
  ) );
#10865 = ORIENTED_EDGE('',*,*,#10816,.T.);
#10866 = ADVANCED_FACE('',(#10867),#10799,.F.);
#10867 = FACE_BOUND('',#10868,.T.);
#10868 = EDGE_LOOP('',(#10869));
#10869 = ORIENTED_EDGE('',*,*,#10784,.F.);
#10870 = ADVANCED_FACE('',(#10871),#10854,.F.);
#10871 = FACE_BOUND('',#10872,.T.);
#10872 = EDGE_LOOP('',(#10873));
#10873 = ORIENTED_EDGE('',*,*,#10839,.F.);
#10874 = MANIFOLD_SOLID_BREP('',#10875);
#10875 = CLOSED_SHELL('',(#10876,#10996,#11186,#11235,#11512,#11539,
    #11546,#11622,#11671,#11813,#11840,#11916,#12066,#12115,#12233,
    #12309,#12459,#12508,#12626,#12633,#12688,#12743,#12798,#12859,
    #13058,#13107,#13264,#13291,#13352,#13551,#13600,#13757,#13784,
    #13788,#13792,#13796,#13843,#13850,#13877,#13904,#13911,#13918,
    #13965,#13972,#13999,#14026,#14033));
#10876 = ADVANCED_FACE('',(#10877),#10891,.F.);
#10877 = FACE_BOUND('',#10878,.F.);
#10878 = EDGE_LOOP('',(#10879,#10914,#10942,#10970));
#10879 = ORIENTED_EDGE('',*,*,#10880,.F.);
#10880 = EDGE_CURVE('',#10881,#10883,#10885,.T.);
#10881 = VERTEX_POINT('',#10882);
#10882 = CARTESIAN_POINT('',(-90.,-833.,2.02E+03));
#10883 = VERTEX_POINT('',#10884);
#10884 = CARTESIAN_POINT('',(-90.,-833.,2.34E+03));
#10885 = SURFACE_CURVE('',#10886,(#10890,#10902),.PCURVE_S1.);
#10886 = LINE('',#10887,#10888);
#10887 = CARTESIAN_POINT('',(-90.,-833.,2.02E+03));
#10888 = VECTOR('',#10889,1.);
#10889 = DIRECTION('',(0.,0.,1.));
#10890 = PCURVE('',#10891,#10896);
#10891 = PLANE('',#10892);
#10892 = AXIS2_PLACEMENT_3D('',#10893,#10894,#10895);
#10893 = CARTESIAN_POINT('',(-90.,-833.,2.02E+03));
#10894 = DIRECTION('',(1.,0.,-0.));
#10895 = DIRECTION('',(0.,0.,1.));
#10896 = DEFINITIONAL_REPRESENTATION('',(#10897),#10901);
#10897 = LINE('',#10898,#10899);
#10898 = CARTESIAN_POINT('',(0.,0.));
#10899 = VECTOR('',#10900,1.);
#10900 = DIRECTION('',(1.,0.));
#10901 = ( GEOMETRIC_REPRESENTATION_CONTEXT(2) 
PARAMETRIC_REPRESENTATION_CONTEXT() REPRESENTATION_CONTEXT('2D SPACE',''
  ) );
#10902 = PCURVE('',#10903,#10908);
#10903 = PLANE('',#10904);
#10904 = AXIS2_PLACEMENT_3D('',#10905,#10906,#10907);
#10905 = CARTESIAN_POINT('',(-90.,-833.,2.02E+03));
#10906 = DIRECTION('',(-0.,1.,0.));
#10907 = DIRECTION('',(0.,0.,1.));
#10908 = DEFINITIONAL_REPRESENTATION('',(#10909),#10913);
#10909 = LINE('',#10910,#10911);
#10910 = CARTESIAN_POINT('',(0.,0.));
#10911 = VECTOR('',#10912,1.);
#10912 = DIRECTION('',(1.,0.));
#10913 = ( GEOMETRIC_REPRESENTATION_CONTEXT(2) 
PARAMETRIC_REPRESENTATION_CONTEXT() REPRESENTATION_CONTEXT('2D SPACE',''
  ) );
#10914 = ORIENTED_EDGE('',*,*,#10915,.T.);
#10915 = EDGE_CURVE('',#10881,#10916,#10918,.T.);
#10916 = VERTEX_POINT('',#10917);
#10917 = CARTESIAN_POINT('',(-90.,-830.,2.02E+03));
#10918 = SURFACE_CURVE('',#10919,(#10923,#10930),.PCURVE_S1.);
#10919 = LINE('',#10920,#10921);
#10920 = CARTESIAN_POINT('',(-90.,-833.,2.02E+03));
#10921 = VECTOR('',#10922,1.);
#10922 = DIRECTION('',(-0.,1.,0.));
#10923 = PCURVE('',#10891,#10924);
#10924 = DEFINITIONAL_REPRESENTATION('',(#10925),#10929);
#10925 = LINE('',#10926,#10927);
#10926 = CARTESIAN_POINT('',(0.,0.));
#10927 = VECTOR('',#10928,1.);
#10928 = DIRECTION('',(0.,-1.));
#10929 = ( GEOMETRIC_REPRESENTATION_CONTEXT(2) 
PARAMETRIC_REPRESENTATION_CONTEXT() REPRESENTATION_CONTEXT('2D SPACE',''
  ) );
#10930 = PCURVE('',#10931,#10936);
#10931 = PLANE('',#10932);
#10932 = AXIS2_PLACEMENT_3D('',#10933,#10934,#10935);
#10933 = CARTESIAN_POINT('',(-90.,-833.,2.02E+03));
#10934 = DIRECTION('',(0.,0.,1.));
#10935 = DIRECTION('',(1.,0.,-0.));
#10936 = DEFINITIONAL_REPRESENTATION('',(#10937),#10941);
#10937 = LINE('',#10938,#10939);
#10938 = CARTESIAN_POINT('',(0.,0.));
#10939 = VECTOR('',#10940,1.);
#10940 = DIRECTION('',(0.,1.));
#10941 = ( GEOMETRIC_REPRESENTATION_CONTEXT(2) 
PARAMETRIC_REPRESENTATION_CONTEXT() REPRESENTATION_CONTEXT('2D SPACE',''
  ) );
#10942 = ORIENTED_EDGE('',*,*,#10943,.T.);
#10943 = EDGE_CURVE('',#10916,#10944,#10946,.T.);
#10944 = VERTEX_POINT('',#10945);
#10945 = CARTESIAN_POINT('',(-90.,-830.,2.34E+03));
#10946 = SURFACE_CURVE('',#10947,(#10951,#10958),.PCURVE_S1.);
#10947 = LINE('',#10948,#10949);
#10948 = CARTESIAN_POINT('',(-90.,-830.,2.02E+03));
#10949 = VECTOR('',#10950,1.);
#10950 = DIRECTION('',(0.,0.,1.));
#10951 = PCURVE('',#10891,#10952);
#10952 = DEFINITIONAL_REPRESENTATION('',(#10953),#10957);
#10953 = LINE('',#10954,#10955);
#10954 = CARTESIAN_POINT('',(0.,-3.));
#10955 = VECTOR('',#10956,1.);
#10956 = DIRECTION('',(1.,0.));
#10957 = ( GEOMETRIC_REPRESENTATION_CONTEXT(2) 
PARAMETRIC_REPRESENTATION_CONTEXT() REPRESENTATION_CONTEXT('2D SPACE',''
  ) );
#10958 = PCURVE('',#10959,#10964);
#10959 = PLANE('',#10960);
#10960 = AXIS2_PLACEMENT_3D('',#10961,#10962,#10963);
#10961 = CARTESIAN_POINT('',(-90.,-830.,2.02E+03));
#10962 = DIRECTION('',(-0.,1.,0.));
#10963 = DIRECTION('',(0.,0.,1.));
#10964 = DEFINITIONAL_REPRESENTATION('',(#10965),#10969);
#10965 = LINE('',#10966,#10967);
#10966 = CARTESIAN_POINT('',(0.,0.));
#10967 = VECTOR('',#10968,1.);
#10968 = DIRECTION('',(1.,0.));
#10969 = ( GEOMETRIC_REPRESENTATION_CONTEXT(2) 
PARAMETRIC_REPRESENTATION_CONTEXT() REPRESENTATION_CONTEXT('2D SPACE',''
  ) );
#10970 = ORIENTED_EDGE('',*,*,#10971,.F.);
#10971 = EDGE_CURVE('',#10883,#10944,#10972,.T.);
#10972 = SURFACE_CURVE('',#10973,(#10977,#10984),.PCURVE_S1.);
#10973 = LINE('',#10974,#10975);
#10974 = CARTESIAN_POINT('',(-90.,-833.,2.34E+03));
#10975 = VECTOR('',#10976,1.);
#10976 = DIRECTION('',(-0.,1.,0.));
#10977 = PCURVE('',#10891,#10978);
#10978 = DEFINITIONAL_REPRESENTATION('',(#10979),#10983);
#10979 = LINE('',#10980,#10981);
#10980 = CARTESIAN_POINT('',(320.,0.));
#10981 = VECTOR('',#10982,1.);
#10982 = DIRECTION('',(0.,-1.));
#10983 = ( GEOMETRIC_REPRESENTATION_CONTEXT(2) 
PARAMETRIC_REPRESENTATION_CONTEXT() REPRESENTATION_CONTEXT('2D SPACE',''
  ) );
#10984 = PCURVE('',#10985,#10990);
#10985 = PLANE('',#10986);
#10986 = AXIS2_PLACEMENT_3D('',#10987,#10988,#10989);
#10987 = CARTESIAN_POINT('',(-90.,-833.,2.34E+03));
#10988 = DIRECTION('',(0.,0.,1.));
#10989 = DIRECTION('',(1.,0.,-0.));
#10990 = DEFINITIONAL_REPRESENTATION('',(#10991),#10995);
#10991 = LINE('',#10992,#10993);
#10992 = CARTESIAN_POINT('',(0.,0.));
#10993 = VECTOR('',#10994,1.);
#10994 = DIRECTION('',(0.,1.));
#10995 = ( GEOMETRIC_REPRESENTATION_CONTEXT(2) 
PARAMETRIC_REPRESENTATION_CONTEXT() REPRESENTATION_CONTEXT('2D SPACE',''
  ) );
#10996 = ADVANCED_FACE('',(#10997,#11072),#10903,.F.);
#10997 = FACE_BOUND('',#10998,.F.);
#10998 = EDGE_LOOP('',(#10999,#11022,#11023,#11046));
#10999 = ORIENTED_EDGE('',*,*,#11000,.F.);
#11000 = EDGE_CURVE('',#10881,#11001,#11003,.T.);
#11001 = VERTEX_POINT('',#11002);
#11002 = CARTESIAN_POINT('',(90.,-833.,2.02E+03));
#11003 = SURFACE_CURVE('',#11004,(#11008,#11015),.PCURVE_S1.);
#11004 = LINE('',#11005,#11006);
#11005 = CARTESIAN_POINT('',(-90.,-833.,2.02E+03));
#11006 = VECTOR('',#11007,1.);
#11007 = DIRECTION('',(1.,0.,-0.));
#11008 = PCURVE('',#10903,#11009);
#11009 = DEFINITIONAL_REPRESENTATION('',(#11010),#11014);
#11010 = LINE('',#11011,#11012);
#11011 = CARTESIAN_POINT('',(0.,0.));
#11012 = VECTOR('',#11013,1.);
#11013 = DIRECTION('',(0.,1.));
#11014 = ( GEOMETRIC_REPRESENTATION_CONTEXT(2) 
PARAMETRIC_REPRESENTATION_CONTEXT() REPRESENTATION_CONTEXT('2D SPACE',''
  ) );
#11015 = PCURVE('',#10931,#11016);
#11016 = DEFINITIONAL_REPRESENTATION('',(#11017),#11021);
#11017 = LINE('',#11018,#11019);
#11018 = CARTESIAN_POINT('',(0.,0.));
#11019 = VECTOR('',#11020,1.);
#11020 = DIRECTION('',(1.,0.));
#11021 = ( GEOMETRIC_REPRESENTATION_CONTEXT(2) 
PARAMETRIC_REPRESENTATION_CONTEXT() REPRESENTATION_CONTEXT('2D SPACE',''
  ) );
#11022 = ORIENTED_EDGE('',*,*,#10880,.T.);
#11023 = ORIENTED_EDGE('',*,*,#11024,.T.);
#11024 = EDGE_CURVE('',#10883,#11025,#11027,.T.);
#11025 = VERTEX_POINT('',#11026);
#11026 = CARTESIAN_POINT('',(90.,-833.,2.34E+03));
#11027 = SURFACE_CURVE('',#11028,(#11032,#11039),.PCURVE_S1.);
#11028 = LINE('',#11029,#11030);
#11029 = CARTESIAN_POINT('',(-90.,-833.,2.34E+03));
#11030 = VECTOR('',#11031,1.);
#11031 = DIRECTION('',(1.,0.,-0.));
#11032 = PCURVE('',#10903,#11033);
#11033 = DEFINITIONAL_REPRESENTATION('',(#11034),#11038);
#11034 = LINE('',#11035,#11036);
#11035 = CARTESIAN_POINT('',(320.,0.));
#11036 = VECTOR('',#11037,1.);
#11037 = DIRECTION('',(0.,1.));
#11038 = ( GEOMETRIC_REPRESENTATION_CONTEXT(2) 
PARAMETRIC_REPRESENTATION_CONTEXT() REPRESENTATION_CONTEXT('2D SPACE',''
  ) );
#11039 = PCURVE('',#10985,#11040);
#11040 = DEFINITIONAL_REPRESENTATION('',(#11041),#11045);
#11041 = LINE('',#11042,#11043);
#11042 = CARTESIAN_POINT('',(0.,0.));
#11043 = VECTOR('',#11044,1.);
#11044 = DIRECTION('',(1.,0.));
#11045 = ( GEOMETRIC_REPRESENTATION_CONTEXT(2) 
PARAMETRIC_REPRESENTATION_CONTEXT() REPRESENTATION_CONTEXT('2D SPACE',''
  ) );
#11046 = ORIENTED_EDGE('',*,*,#11047,.F.);
#11047 = EDGE_CURVE('',#11001,#11025,#11048,.T.);
#11048 = SURFACE_CURVE('',#11049,(#11053,#11060),.PCURVE_S1.);
#11049 = LINE('',#11050,#11051);
#11050 = CARTESIAN_POINT('',(90.,-833.,2.02E+03));
#11051 = VECTOR('',#11052,1.);
#11052 = DIRECTION('',(0.,0.,1.));
#11053 = PCURVE('',#10903,#11054);
#11054 = DEFINITIONAL_REPRESENTATION('',(#11055),#11059);
#11055 = LINE('',#11056,#11057);
#11056 = CARTESIAN_POINT('',(0.,180.));
#11057 = VECTOR('',#11058,1.);
#11058 = DIRECTION('',(1.,0.));
#11059 = ( GEOMETRIC_REPRESENTATION_CONTEXT(2) 
PARAMETRIC_REPRESENTATION_CONTEXT() REPRESENTATION_CONTEXT('2D SPACE',''
  ) );
#11060 = PCURVE('',#11061,#11066);
#11061 = PLANE('',#11062);
#11062 = AXIS2_PLACEMENT_3D('',#11063,#11064,#11065);
#11063 = CARTESIAN_POINT('',(90.,-833.,2.02E+03));
#11064 = DIRECTION('',(1.,0.,-0.));
#11065 = DIRECTION('',(0.,0.,1.));
#11066 = DEFINITIONAL_REPRESENTATION('',(#11067),#11071);
#11067 = LINE('',#11068,#11069);
#11068 = CARTESIAN_POINT('',(0.,0.));
#11069 = VECTOR('',#11070,1.);
#11070 = DIRECTION('',(1.,0.));
#11071 = ( GEOMETRIC_REPRESENTATION_CONTEXT(2) 
PARAMETRIC_REPRESENTATION_CONTEXT() REPRESENTATION_CONTEXT('2D SPACE',''
  ) );
#11072 = FACE_BOUND('',#11073,.F.);
#11073 = EDGE_LOOP('',(#11074,#11104,#11132,#11160));
#11074 = ORIENTED_EDGE('',*,*,#11075,.F.);
#11075 = EDGE_CURVE('',#11076,#11078,#11080,.T.);
#11076 = VERTEX_POINT('',#11077);
#11077 = CARTESIAN_POINT('',(-75.,-833.,2.26E+03));
#11078 = VERTEX_POINT('',#11079);
#11079 = CARTESIAN_POINT('',(75.,-833.,2.26E+03));
#11080 = SURFACE_CURVE('',#11081,(#11085,#11092),.PCURVE_S1.);
#11081 = LINE('',#11082,#11083);
#11082 = CARTESIAN_POINT('',(-75.,-833.,2.26E+03));
#11083 = VECTOR('',#11084,1.);
#11084 = DIRECTION('',(1.,0.,-0.));
#11085 = PCURVE('',#10903,#11086);
#11086 = DEFINITIONAL_REPRESENTATION('',(#11087),#11091);
#11087 = LINE('',#11088,#11089);
#11088 = CARTESIAN_POINT('',(240.,15.));
#11089 = VECTOR('',#11090,1.);
#11090 = DIRECTION('',(0.,1.));
#11091 = ( GEOMETRIC_REPRESENTATION_CONTEXT(2) 
PARAMETRIC_REPRESENTATION_CONTEXT() REPRESENTATION_CONTEXT('2D SPACE',''
  ) );
#11092 = PCURVE('',#11093,#11098);
#11093 = PLANE('',#11094);
#11094 = AXIS2_PLACEMENT_3D('',#11095,#11096,#11097);
#11095 = CARTESIAN_POINT('',(-75.,-923.,2.26E+03));
#11096 = DIRECTION('',(0.,0.,1.));
#11097 = DIRECTION('',(1.,0.,-0.));
#11098 = DEFINITIONAL_REPRESENTATION('',(#11099),#11103);
#11099 = LINE('',#11100,#11101);
#11100 = CARTESIAN_POINT('',(0.,90.));
#11101 = VECTOR('',#11102,1.);
#11102 = DIRECTION('',(1.,0.));
#11103 = ( GEOMETRIC_REPRESENTATION_CONTEXT(2) 
PARAMETRIC_REPRESENTATION_CONTEXT() REPRESENTATION_CONTEXT('2D SPACE',''
  ) );
#11104 = ORIENTED_EDGE('',*,*,#11105,.F.);
#11105 = EDGE_CURVE('',#11106,#11076,#11108,.T.);
#11106 = VERTEX_POINT('',#11107);
#11107 = CARTESIAN_POINT('',(-75.,-833.,2.06E+03));
#11108 = SURFACE_CURVE('',#11109,(#11113,#11120),.PCURVE_S1.);
#11109 = LINE('',#11110,#11111);
#11110 = CARTESIAN_POINT('',(-75.,-833.,2.06E+03));
#11111 = VECTOR('',#11112,1.);
#11112 = DIRECTION('',(0.,0.,1.));
#11113 = PCURVE('',#10903,#11114);
#11114 = DEFINITIONAL_REPRESENTATION('',(#11115),#11119);
#11115 = LINE('',#11116,#11117);
#11116 = CARTESIAN_POINT('',(40.,15.));
#11117 = VECTOR('',#11118,1.);
#11118 = DIRECTION('',(1.,0.));
#11119 = ( GEOMETRIC_REPRESENTATION_CONTEXT(2) 
PARAMETRIC_REPRESENTATION_CONTEXT() REPRESENTATION_CONTEXT('2D SPACE',''
  ) );
#11120 = PCURVE('',#11121,#11126);
#11121 = PLANE('',#11122);
#11122 = AXIS2_PLACEMENT_3D('',#11123,#11124,#11125);
#11123 = CARTESIAN_POINT('',(-75.,-923.,2.06E+03));
#11124 = DIRECTION('',(1.,0.,-0.));
#11125 = DIRECTION('',(0.,0.,1.));
#11126 = DEFINITIONAL_REPRESENTATION('',(#11127),#11131);
#11127 = LINE('',#11128,#11129);
#11128 = CARTESIAN_POINT('',(0.,-90.));
#11129 = VECTOR('',#11130,1.);
#11130 = DIRECTION('',(1.,0.));
#11131 = ( GEOMETRIC_REPRESENTATION_CONTEXT(2) 
PARAMETRIC_REPRESENTATION_CONTEXT() REPRESENTATION_CONTEXT('2D SPACE',''
  ) );
#11132 = ORIENTED_EDGE('',*,*,#11133,.T.);
#11133 = EDGE_CURVE('',#11106,#11134,#11136,.T.);
#11134 = VERTEX_POINT('',#11135);
#11135 = CARTESIAN_POINT('',(75.,-833.,2.06E+03));
#11136 = SURFACE_CURVE('',#11137,(#11141,#11148),.PCURVE_S1.);
#11137 = LINE('',#11138,#11139);
#11138 = CARTESIAN_POINT('',(-75.,-833.,2.06E+03));
#11139 = VECTOR('',#11140,1.);
#11140 = DIRECTION('',(1.,0.,-0.));
#11141 = PCURVE('',#10903,#11142);
#11142 = DEFINITIONAL_REPRESENTATION('',(#11143),#11147);
#11143 = LINE('',#11144,#11145);
#11144 = CARTESIAN_POINT('',(40.,15.));
#11145 = VECTOR('',#11146,1.);
#11146 = DIRECTION('',(0.,1.));
#11147 = ( GEOMETRIC_REPRESENTATION_CONTEXT(2) 
PARAMETRIC_REPRESENTATION_CONTEXT() REPRESENTATION_CONTEXT('2D SPACE',''
  ) );
#11148 = PCURVE('',#11149,#11154);
#11149 = PLANE('',#11150);
#11150 = AXIS2_PLACEMENT_3D('',#11151,#11152,#11153);
#11151 = CARTESIAN_POINT('',(-75.,-923.,2.06E+03));
#11152 = DIRECTION('',(0.,0.,1.));
#11153 = DIRECTION('',(1.,0.,-0.));
#11154 = DEFINITIONAL_REPRESENTATION('',(#11155),#11159);
#11155 = LINE('',#11156,#11157);
#11156 = CARTESIAN_POINT('',(0.,90.));
#11157 = VECTOR('',#11158,1.);
#11158 = DIRECTION('',(1.,0.));
#11159 = ( GEOMETRIC_REPRESENTATION_CONTEXT(2) 
PARAMETRIC_REPRESENTATION_CONTEXT() REPRESENTATION_CONTEXT('2D SPACE',''
  ) );
#11160 = ORIENTED_EDGE('',*,*,#11161,.T.);
#11161 = EDGE_CURVE('',#11134,#11078,#11162,.T.);
#11162 = SURFACE_CURVE('',#11163,(#11167,#11174),.PCURVE_S1.);
#11163 = LINE('',#11164,#11165);
#11164 = CARTESIAN_POINT('',(75.,-833.,2.06E+03));
#11165 = VECTOR('',#11166,1.);
#11166 = DIRECTION('',(0.,0.,1.));
#11167 = PCURVE('',#10903,#11168);
#11168 = DEFINITIONAL_REPRESENTATION('',(#11169),#11173);
#11169 = LINE('',#11170,#11171);
#11170 = CARTESIAN_POINT('',(40.,165.));
#11171 = VECTOR('',#11172,1.);
#11172 = DIRECTION('',(1.,0.));
#11173 = ( GEOMETRIC_REPRESENTATION_CONTEXT(2) 
PARAMETRIC_REPRESENTATION_CONTEXT() REPRESENTATION_CONTEXT('2D SPACE',''
  ) );
#11174 = PCURVE('',#11175,#11180);
#11175 = PLANE('',#11176);
#11176 = AXIS2_PLACEMENT_3D('',#11177,#11178,#11179);
#11177 = CARTESIAN_POINT('',(75.,-923.,2.06E+03));
#11178 = DIRECTION('',(1.,0.,-0.));
#11179 = DIRECTION('',(0.,0.,1.));
#11180 = DEFINITIONAL_REPRESENTATION('',(#11181),#11185);
#11181 = LINE('',#11182,#11183);
#11182 = CARTESIAN_POINT('',(0.,-90.));
#11183 = VECTOR('',#11184,1.);
#11184 = DIRECTION('',(1.,0.));
#11185 = ( GEOMETRIC_REPRESENTATION_CONTEXT(2) 
PARAMETRIC_REPRESENTATION_CONTEXT() REPRESENTATION_CONTEXT('2D SPACE',''
  ) );
#11186 = ADVANCED_FACE('',(#11187),#10985,.T.);
#11187 = FACE_BOUND('',#11188,.T.);
#11188 = EDGE_LOOP('',(#11189,#11190,#11191,#11214));
#11189 = ORIENTED_EDGE('',*,*,#10971,.F.);
#11190 = ORIENTED_EDGE('',*,*,#11024,.T.);
#11191 = ORIENTED_EDGE('',*,*,#11192,.T.);
#11192 = EDGE_CURVE('',#11025,#11193,#11195,.T.);
#11193 = VERTEX_POINT('',#11194);
#11194 = CARTESIAN_POINT('',(90.,-830.,2.34E+03));
#11195 = SURFACE_CURVE('',#11196,(#11200,#11207),.PCURVE_S1.);
#11196 = LINE('',#11197,#11198);
#11197 = CARTESIAN_POINT('',(90.,-833.,2.34E+03));
#11198 = VECTOR('',#11199,1.);
#11199 = DIRECTION('',(-0.,1.,0.));
#11200 = PCURVE('',#10985,#11201);
#11201 = DEFINITIONAL_REPRESENTATION('',(#11202),#11206);
#11202 = LINE('',#11203,#11204);
#11203 = CARTESIAN_POINT('',(180.,0.));
#11204 = VECTOR('',#11205,1.);
#11205 = DIRECTION('',(0.,1.));
#11206 = ( GEOMETRIC_REPRESENTATION_CONTEXT(2) 
PARAMETRIC_REPRESENTATION_CONTEXT() REPRESENTATION_CONTEXT('2D SPACE',''
  ) );
#11207 = PCURVE('',#11061,#11208);
#11208 = DEFINITIONAL_REPRESENTATION('',(#11209),#11213);
#11209 = LINE('',#11210,#11211);
#11210 = CARTESIAN_POINT('',(320.,0.));
#11211 = VECTOR('',#11212,1.);
#11212 = DIRECTION('',(0.,-1.));
#11213 = ( GEOMETRIC_REPRESENTATION_CONTEXT(2) 
PARAMETRIC_REPRESENTATION_CONTEXT() REPRESENTATION_CONTEXT('2D SPACE',''
  ) );
#11214 = ORIENTED_EDGE('',*,*,#11215,.F.);
#11215 = EDGE_CURVE('',#10944,#11193,#11216,.T.);
#11216 = SURFACE_CURVE('',#11217,(#11221,#11228),.PCURVE_S1.);
#11217 = LINE('',#11218,#11219);
#11218 = CARTESIAN_POINT('',(-90.,-830.,2.34E+03));
#11219 = VECTOR('',#11220,1.);
#11220 = DIRECTION('',(1.,0.,-0.));
#11221 = PCURVE('',#10985,#11222);
#11222 = DEFINITIONAL_REPRESENTATION('',(#11223),#11227);
#11223 = LINE('',#11224,#11225);
#11224 = CARTESIAN_POINT('',(0.,3.));
#11225 = VECTOR('',#11226,1.);
#11226 = DIRECTION('',(1.,0.));
#11227 = ( GEOMETRIC_REPRESENTATION_CONTEXT(2) 
PARAMETRIC_REPRESENTATION_CONTEXT() REPRESENTATION_CONTEXT('2D SPACE',''
  ) );
#11228 = PCURVE('',#10959,#11229);
#11229 = DEFINITIONAL_REPRESENTATION('',(#11230),#11234);
#11230 = LINE('',#11231,#11232);
#11231 = CARTESIAN_POINT('',(320.,0.));
#11232 = VECTOR('',#11233,1.);
#11233 = DIRECTION('',(0.,1.));
#11234 = ( GEOMETRIC_REPRESENTATION_CONTEXT(2) 
PARAMETRIC_REPRESENTATION_CONTEXT() REPRESENTATION_CONTEXT('2D SPACE',''
  ) );
#11235 = ADVANCED_FACE('',(#11236,#11284,#11398),#10959,.T.);
#11236 = FACE_BOUND('',#11237,.T.);
#11237 = EDGE_LOOP('',(#11238,#11261,#11262,#11263));
#11238 = ORIENTED_EDGE('',*,*,#11239,.F.);
#11239 = EDGE_CURVE('',#10916,#11240,#11242,.T.);
#11240 = VERTEX_POINT('',#11241);
#11241 = CARTESIAN_POINT('',(90.,-830.,2.02E+03));
#11242 = SURFACE_CURVE('',#11243,(#11247,#11254),.PCURVE_S1.);
#11243 = LINE('',#11244,#11245);
#11244 = CARTESIAN_POINT('',(-90.,-830.,2.02E+03));
#11245 = VECTOR('',#11246,1.);
#11246 = DIRECTION('',(1.,0.,-0.));
#11247 = PCURVE('',#10959,#11248);
#11248 = DEFINITIONAL_REPRESENTATION('',(#11249),#11253);
#11249 = LINE('',#11250,#11251);
#11250 = CARTESIAN_POINT('',(0.,0.));
#11251 = VECTOR('',#11252,1.);
#11252 = DIRECTION('',(0.,1.));
#11253 = ( GEOMETRIC_REPRESENTATION_CONTEXT(2) 
PARAMETRIC_REPRESENTATION_CONTEXT() REPRESENTATION_CONTEXT('2D SPACE',''
  ) );
#11254 = PCURVE('',#10931,#11255);
#11255 = DEFINITIONAL_REPRESENTATION('',(#11256),#11260);
#11256 = LINE('',#11257,#11258);
#11257 = CARTESIAN_POINT('',(0.,3.));
#11258 = VECTOR('',#11259,1.);
#11259 = DIRECTION('',(1.,0.));
#11260 = ( GEOMETRIC_REPRESENTATION_CONTEXT(2) 
PARAMETRIC_REPRESENTATION_CONTEXT() REPRESENTATION_CONTEXT('2D SPACE',''
  ) );
#11261 = ORIENTED_EDGE('',*,*,#10943,.T.);
#11262 = ORIENTED_EDGE('',*,*,#11215,.T.);
#11263 = ORIENTED_EDGE('',*,*,#11264,.F.);
#11264 = EDGE_CURVE('',#11240,#11193,#11265,.T.);
#11265 = SURFACE_CURVE('',#11266,(#11270,#11277),.PCURVE_S1.);
#11266 = LINE('',#11267,#11268);
#11267 = CARTESIAN_POINT('',(90.,-830.,2.02E+03));
#11268 = VECTOR('',#11269,1.);
#11269 = DIRECTION('',(0.,0.,1.));
#11270 = PCURVE('',#10959,#11271);
#11271 = DEFINITIONAL_REPRESENTATION('',(#11272),#11276);
#11272 = LINE('',#11273,#11274);
#11273 = CARTESIAN_POINT('',(0.,180.));
#11274 = VECTOR('',#11275,1.);
#11275 = DIRECTION('',(1.,0.));
#11276 = ( GEOMETRIC_REPRESENTATION_CONTEXT(2) 
PARAMETRIC_REPRESENTATION_CONTEXT() REPRESENTATION_CONTEXT('2D SPACE',''
  ) );
#11277 = PCURVE('',#11061,#11278);
#11278 = DEFINITIONAL_REPRESENTATION('',(#11279),#11283);
#11279 = LINE('',#11280,#11281);
#11280 = CARTESIAN_POINT('',(0.,-3.));
#11281 = VECTOR('',#11282,1.);
#11282 = DIRECTION('',(1.,0.));
#11283 = ( GEOMETRIC_REPRESENTATION_CONTEXT(2) 
PARAMETRIC_REPRESENTATION_CONTEXT() REPRESENTATION_CONTEXT('2D SPACE',''
  ) );
#11284 = FACE_BOUND('',#11285,.T.);
#11285 = EDGE_LOOP('',(#11286,#11316,#11344,#11372));
#11286 = ORIENTED_EDGE('',*,*,#11287,.F.);
#11287 = EDGE_CURVE('',#11288,#11290,#11292,.T.);
#11288 = VERTEX_POINT('',#11289);
#11289 = CARTESIAN_POINT('',(-25.,-830.,2.055E+03));
#11290 = VERTEX_POINT('',#11291);
#11291 = CARTESIAN_POINT('',(25.,-830.,2.055E+03));
#11292 = SURFACE_CURVE('',#11293,(#11297,#11304),.PCURVE_S1.);
#11293 = LINE('',#11294,#11295);
#11294 = CARTESIAN_POINT('',(-25.,-830.,2.055E+03));
#11295 = VECTOR('',#11296,1.);
#11296 = DIRECTION('',(1.,0.,-0.));
#11297 = PCURVE('',#10959,#11298);
#11298 = DEFINITIONAL_REPRESENTATION('',(#11299),#11303);
#11299 = LINE('',#11300,#11301);
#11300 = CARTESIAN_POINT('',(35.,65.));
#11301 = VECTOR('',#11302,1.);
#11302 = DIRECTION('',(0.,1.));
#11303 = ( GEOMETRIC_REPRESENTATION_CONTEXT(2) 
PARAMETRIC_REPRESENTATION_CONTEXT() REPRESENTATION_CONTEXT('2D SPACE',''
  ) );
#11304 = PCURVE('',#11305,#11310);
#11305 = PLANE('',#11306);
#11306 = AXIS2_PLACEMENT_3D('',#11307,#11308,#11309);
#11307 = CARTESIAN_POINT('',(-25.,-830.,2.055E+03));
#11308 = DIRECTION('',(0.,0.,1.));
#11309 = DIRECTION('',(1.,0.,-0.));
#11310 = DEFINITIONAL_REPRESENTATION('',(#11311),#11315);
#11311 = LINE('',#11312,#11313);
#11312 = CARTESIAN_POINT('',(0.,0.));
#11313 = VECTOR('',#11314,1.);
#11314 = DIRECTION('',(1.,0.));
#11315 = ( GEOMETRIC_REPRESENTATION_CONTEXT(2) 
PARAMETRIC_REPRESENTATION_CONTEXT() REPRESENTATION_CONTEXT('2D SPACE',''
  ) );
#11316 = ORIENTED_EDGE('',*,*,#11317,.F.);
#11317 = EDGE_CURVE('',#11318,#11288,#11320,.T.);
#11318 = VERTEX_POINT('',#11319);
#11319 = CARTESIAN_POINT('',(-25.,-830.,2.025E+03));
#11320 = SURFACE_CURVE('',#11321,(#11325,#11332),.PCURVE_S1.);
#11321 = LINE('',#11322,#11323);
#11322 = CARTESIAN_POINT('',(-25.,-830.,2.025E+03));
#11323 = VECTOR('',#11324,1.);
#11324 = DIRECTION('',(0.,0.,1.));
#11325 = PCURVE('',#10959,#11326);
#11326 = DEFINITIONAL_REPRESENTATION('',(#11327),#11331);
#11327 = LINE('',#11328,#11329);
#11328 = CARTESIAN_POINT('',(5.,65.));
#11329 = VECTOR('',#11330,1.);
#11330 = DIRECTION('',(1.,0.));
#11331 = ( GEOMETRIC_REPRESENTATION_CONTEXT(2) 
PARAMETRIC_REPRESENTATION_CONTEXT() REPRESENTATION_CONTEXT('2D SPACE',''
  ) );
#11332 = PCURVE('',#11333,#11338);
#11333 = PLANE('',#11334);
#11334 = AXIS2_PLACEMENT_3D('',#11335,#11336,#11337);
#11335 = CARTESIAN_POINT('',(-25.,-830.,2.025E+03));
#11336 = DIRECTION('',(1.,0.,-0.));
#11337 = DIRECTION('',(0.,0.,1.));
#11338 = DEFINITIONAL_REPRESENTATION('',(#11339),#11343);
#11339 = LINE('',#11340,#11341);
#11340 = CARTESIAN_POINT('',(0.,0.));
#11341 = VECTOR('',#11342,1.);
#11342 = DIRECTION('',(1.,0.));
#11343 = ( GEOMETRIC_REPRESENTATION_CONTEXT(2) 
PARAMETRIC_REPRESENTATION_CONTEXT() REPRESENTATION_CONTEXT('2D SPACE',''
  ) );
#11344 = ORIENTED_EDGE('',*,*,#11345,.T.);
#11345 = EDGE_CURVE('',#11318,#11346,#11348,.T.);
#11346 = VERTEX_POINT('',#11347);
#11347 = CARTESIAN_POINT('',(25.,-830.,2.025E+03));
#11348 = SURFACE_CURVE('',#11349,(#11353,#11360),.PCURVE_S1.);
#11349 = LINE('',#11350,#11351);
#11350 = CARTESIAN_POINT('',(-25.,-830.,2.025E+03));
#11351 = VECTOR('',#11352,1.);
#11352 = DIRECTION('',(1.,0.,-0.));
#11353 = PCURVE('',#10959,#11354);
#11354 = DEFINITIONAL_REPRESENTATION('',(#11355),#11359);
#11355 = LINE('',#11356,#11357);
#11356 = CARTESIAN_POINT('',(5.,65.));
#11357 = VECTOR('',#11358,1.);
#11358 = DIRECTION('',(0.,1.));
#11359 = ( GEOMETRIC_REPRESENTATION_CONTEXT(2) 
PARAMETRIC_REPRESENTATION_CONTEXT() REPRESENTATION_CONTEXT('2D SPACE',''
  ) );
#11360 = PCURVE('',#11361,#11366);
#11361 = PLANE('',#11362);
#11362 = AXIS2_PLACEMENT_3D('',#11363,#11364,#11365);
#11363 = CARTESIAN_POINT('',(-25.,-830.,2.025E+03));
#11364 = DIRECTION('',(0.,0.,1.));
#11365 = DIRECTION('',(1.,0.,-0.));
#11366 = DEFINITIONAL_REPRESENTATION('',(#11367),#11371);
#11367 = LINE('',#11368,#11369);
#11368 = CARTESIAN_POINT('',(0.,0.));
#11369 = VECTOR('',#11370,1.);
#11370 = DIRECTION('',(1.,0.));
#11371 = ( GEOMETRIC_REPRESENTATION_CONTEXT(2) 
PARAMETRIC_REPRESENTATION_CONTEXT() REPRESENTATION_CONTEXT('2D SPACE',''
  ) );
#11372 = ORIENTED_EDGE('',*,*,#11373,.T.);
#11373 = EDGE_CURVE('',#11346,#11290,#11374,.T.);
#11374 = SURFACE_CURVE('',#11375,(#11379,#11386),.PCURVE_S1.);
#11375 = LINE('',#11376,#11377);
#11376 = CARTESIAN_POINT('',(25.,-830.,2.025E+03));
#11377 = VECTOR('',#11378,1.);
#11378 = DIRECTION('',(0.,0.,1.));
#11379 = PCURVE('',#10959,#11380);
#11380 = DEFINITIONAL_REPRESENTATION('',(#11381),#11385);
#11381 = LINE('',#11382,#11383);
#11382 = CARTESIAN_POINT('',(5.,115.));
#11383 = VECTOR('',#11384,1.);
#11384 = DIRECTION('',(1.,0.));
#11385 = ( GEOMETRIC_REPRESENTATION_CONTEXT(2) 
PARAMETRIC_REPRESENTATION_CONTEXT() REPRESENTATION_CONTEXT('2D SPACE',''
  ) );
#11386 = PCURVE('',#11387,#11392);
#11387 = PLANE('',#11388);
#11388 = AXIS2_PLACEMENT_3D('',#11389,#11390,#11391);
#11389 = CARTESIAN_POINT('',(25.,-830.,2.025E+03));
#11390 = DIRECTION('',(1.,0.,-0.));
#11391 = DIRECTION('',(0.,0.,1.));
#11392 = DEFINITIONAL_REPRESENTATION('',(#11393),#11397);
#11393 = LINE('',#11394,#11395);
#11394 = CARTESIAN_POINT('',(0.,0.));
#11395 = VECTOR('',#11396,1.);
#11396 = DIRECTION('',(1.,0.));
#11397 = ( GEOMETRIC_REPRESENTATION_CONTEXT(2) 
PARAMETRIC_REPRESENTATION_CONTEXT() REPRESENTATION_CONTEXT('2D SPACE',''
  ) );
#11398 = FACE_BOUND('',#11399,.T.);
#11399 = EDGE_LOOP('',(#11400,#11430,#11458,#11486));
#11400 = ORIENTED_EDGE('',*,*,#11401,.F.);
#11401 = EDGE_CURVE('',#11402,#11404,#11406,.T.);
#11402 = VERTEX_POINT('',#11403);
#11403 = CARTESIAN_POINT('',(-25.,-830.,2.305E+03));
#11404 = VERTEX_POINT('',#11405);
#11405 = CARTESIAN_POINT('',(25.,-830.,2.305E+03));
#11406 = SURFACE_CURVE('',#11407,(#11411,#11418),.PCURVE_S1.);
#11407 = LINE('',#11408,#11409);
#11408 = CARTESIAN_POINT('',(-25.,-830.,2.305E+03));
#11409 = VECTOR('',#11410,1.);
#11410 = DIRECTION('',(1.,0.,-0.));
#11411 = PCURVE('',#10959,#11412);
#11412 = DEFINITIONAL_REPRESENTATION('',(#11413),#11417);
#11413 = LINE('',#11414,#11415);
#11414 = CARTESIAN_POINT('',(285.,65.));
#11415 = VECTOR('',#11416,1.);
#11416 = DIRECTION('',(0.,1.));
#11417 = ( GEOMETRIC_REPRESENTATION_CONTEXT(2) 
PARAMETRIC_REPRESENTATION_CONTEXT() REPRESENTATION_CONTEXT('2D SPACE',''
  ) );
#11418 = PCURVE('',#11419,#11424);
#11419 = PLANE('',#11420);
#11420 = AXIS2_PLACEMENT_3D('',#11421,#11422,#11423);
#11421 = CARTESIAN_POINT('',(-25.,-830.,2.305E+03));
#11422 = DIRECTION('',(0.,0.,1.));
#11423 = DIRECTION('',(1.,0.,-0.));
#11424 = DEFINITIONAL_REPRESENTATION('',(#11425),#11429);
#11425 = LINE('',#11426,#11427);
#11426 = CARTESIAN_POINT('',(0.,0.));
#11427 = VECTOR('',#11428,1.);
#11428 = DIRECTION('',(1.,0.));
#11429 = ( GEOMETRIC_REPRESENTATION_CONTEXT(2) 
PARAMETRIC_REPRESENTATION_CONTEXT() REPRESENTATION_CONTEXT('2D SPACE',''
  ) );
#11430 = ORIENTED_EDGE('',*,*,#11431,.F.);
#11431 = EDGE_CURVE('',#11432,#11402,#11434,.T.);
#11432 = VERTEX_POINT('',#11433);
#11433 = CARTESIAN_POINT('',(-25.,-830.,2.275E+03));
#11434 = SURFACE_CURVE('',#11435,(#11439,#11446),.PCURVE_S1.);
#11435 = LINE('',#11436,#11437);
#11436 = CARTESIAN_POINT('',(-25.,-830.,2.275E+03));
#11437 = VECTOR('',#11438,1.);
#11438 = DIRECTION('',(0.,0.,1.));
#11439 = PCURVE('',#10959,#11440);
#11440 = DEFINITIONAL_REPRESENTATION('',(#11441),#11445);
#11441 = LINE('',#11442,#11443);
#11442 = CARTESIAN_POINT('',(255.,65.));
#11443 = VECTOR('',#11444,1.);
#11444 = DIRECTION('',(1.,0.));
#11445 = ( GEOMETRIC_REPRESENTATION_CONTEXT(2) 
PARAMETRIC_REPRESENTATION_CONTEXT() REPRESENTATION_CONTEXT('2D SPACE',''
  ) );
#11446 = PCURVE('',#11447,#11452);
#11447 = PLANE('',#11448);
#11448 = AXIS2_PLACEMENT_3D('',#11449,#11450,#11451);
#11449 = CARTESIAN_POINT('',(-25.,-830.,2.275E+03));
#11450 = DIRECTION('',(1.,0.,-0.));
#11451 = DIRECTION('',(0.,0.,1.));
#11452 = DEFINITIONAL_REPRESENTATION('',(#11453),#11457);
#11453 = LINE('',#11454,#11455);
#11454 = CARTESIAN_POINT('',(0.,0.));
#11455 = VECTOR('',#11456,1.);
#11456 = DIRECTION('',(1.,0.));
#11457 = ( GEOMETRIC_REPRESENTATION_CONTEXT(2) 
PARAMETRIC_REPRESENTATION_CONTEXT() REPRESENTATION_CONTEXT('2D SPACE',''
  ) );
#11458 = ORIENTED_EDGE('',*,*,#11459,.T.);
#11459 = EDGE_CURVE('',#11432,#11460,#11462,.T.);
#11460 = VERTEX_POINT('',#11461);
#11461 = CARTESIAN_POINT('',(25.,-830.,2.275E+03));
#11462 = SURFACE_CURVE('',#11463,(#11467,#11474),.PCURVE_S1.);
#11463 = LINE('',#11464,#11465);
#11464 = CARTESIAN_POINT('',(-25.,-830.,2.275E+03));
#11465 = VECTOR('',#11466,1.);
#11466 = DIRECTION('',(1.,0.,-0.));
#11467 = PCURVE('',#10959,#11468);
#11468 = DEFINITIONAL_REPRESENTATION('',(#11469),#11473);
#11469 = LINE('',#11470,#11471);
#11470 = CARTESIAN_POINT('',(255.,65.));
#11471 = VECTOR('',#11472,1.);
#11472 = DIRECTION('',(0.,1.));
#11473 = ( GEOMETRIC_REPRESENTATION_CONTEXT(2) 
PARAMETRIC_REPRESENTATION_CONTEXT() REPRESENTATION_CONTEXT('2D SPACE',''
  ) );
#11474 = PCURVE('',#11475,#11480);
#11475 = PLANE('',#11476);
#11476 = AXIS2_PLACEMENT_3D('',#11477,#11478,#11479);
#11477 = CARTESIAN_POINT('',(-25.,-830.,2.275E+03));
#11478 = DIRECTION('',(0.,0.,1.));
#11479 = DIRECTION('',(1.,0.,-0.));
#11480 = DEFINITIONAL_REPRESENTATION('',(#11481),#11485);
#11481 = LINE('',#11482,#11483);
#11482 = CARTESIAN_POINT('',(0.,0.));
#11483 = VECTOR('',#11484,1.);
#11484 = DIRECTION('',(1.,0.));
#11485 = ( GEOMETRIC_REPRESENTATION_CONTEXT(2) 
PARAMETRIC_REPRESENTATION_CONTEXT() REPRESENTATION_CONTEXT('2D SPACE',''
  ) );
#11486 = ORIENTED_EDGE('',*,*,#11487,.T.);
#11487 = EDGE_CURVE('',#11460,#11404,#11488,.T.);
#11488 = SURFACE_CURVE('',#11489,(#11493,#11500),.PCURVE_S1.);
#11489 = LINE('',#11490,#11491);
#11490 = CARTESIAN_POINT('',(25.,-830.,2.275E+03));
#11491 = VECTOR('',#11492,1.);
#11492 = DIRECTION('',(0.,0.,1.));
#11493 = PCURVE('',#10959,#11494);
#11494 = DEFINITIONAL_REPRESENTATION('',(#11495),#11499);
#11495 = LINE('',#11496,#11497);
#11496 = CARTESIAN_POINT('',(255.,115.));
#11497 = VECTOR('',#11498,1.);
#11498 = DIRECTION('',(1.,0.));
#11499 = ( GEOMETRIC_REPRESENTATION_CONTEXT(2) 
PARAMETRIC_REPRESENTATION_CONTEXT() REPRESENTATION_CONTEXT('2D SPACE',''
  ) );
#11500 = PCURVE('',#11501,#11506);
#11501 = PLANE('',#11502);
#11502 = AXIS2_PLACEMENT_3D('',#11503,#11504,#11505);
#11503 = CARTESIAN_POINT('',(25.,-830.,2.275E+03));
#11504 = DIRECTION('',(1.,0.,-0.));
#11505 = DIRECTION('',(0.,0.,1.));
#11506 = DEFINITIONAL_REPRESENTATION('',(#11507),#11511);
#11507 = LINE('',#11508,#11509);
#11508 = CARTESIAN_POINT('',(0.,0.));
#11509 = VECTOR('',#11510,1.);
#11510 = DIRECTION('',(1.,0.));
#11511 = ( GEOMETRIC_REPRESENTATION_CONTEXT(2) 
PARAMETRIC_REPRESENTATION_CONTEXT() REPRESENTATION_CONTEXT('2D SPACE',''
  ) );
#11512 = ADVANCED_FACE('',(#11513),#10931,.F.);
#11513 = FACE_BOUND('',#11514,.F.);
#11514 = EDGE_LOOP('',(#11515,#11516,#11517,#11538));
#11515 = ORIENTED_EDGE('',*,*,#10915,.F.);
#11516 = ORIENTED_EDGE('',*,*,#11000,.T.);
#11517 = ORIENTED_EDGE('',*,*,#11518,.T.);
#11518 = EDGE_CURVE('',#11001,#11240,#11519,.T.);
#11519 = SURFACE_CURVE('',#11520,(#11524,#11531),.PCURVE_S1.);
#11520 = LINE('',#11521,#11522);
#11521 = CARTESIAN_POINT('',(90.,-833.,2.02E+03));
#11522 = VECTOR('',#11523,1.);
#11523 = DIRECTION('',(-0.,1.,0.));
#11524 = PCURVE('',#10931,#11525);
#11525 = DEFINITIONAL_REPRESENTATION('',(#11526),#11530);
#11526 = LINE('',#11527,#11528);
#11527 = CARTESIAN_POINT('',(180.,0.));
#11528 = VECTOR('',#11529,1.);
#11529 = DIRECTION('',(0.,1.));
#11530 = ( GEOMETRIC_REPRESENTATION_CONTEXT(2) 
PARAMETRIC_REPRESENTATION_CONTEXT() REPRESENTATION_CONTEXT('2D SPACE',''
  ) );
#11531 = PCURVE('',#11061,#11532);
#11532 = DEFINITIONAL_REPRESENTATION('',(#11533),#11537);
#11533 = LINE('',#11534,#11535);
#11534 = CARTESIAN_POINT('',(0.,0.));
#11535 = VECTOR('',#11536,1.);
#11536 = DIRECTION('',(0.,-1.));
#11537 = ( GEOMETRIC_REPRESENTATION_CONTEXT(2) 
PARAMETRIC_REPRESENTATION_CONTEXT() REPRESENTATION_CONTEXT('2D SPACE',''
  ) );
#11538 = ORIENTED_EDGE('',*,*,#11239,.F.);
#11539 = ADVANCED_FACE('',(#11540),#11061,.T.);
#11540 = FACE_BOUND('',#11541,.T.);
#11541 = EDGE_LOOP('',(#11542,#11543,#11544,#11545));
#11542 = ORIENTED_EDGE('',*,*,#11047,.F.);
#11543 = ORIENTED_EDGE('',*,*,#11518,.T.);
#11544 = ORIENTED_EDGE('',*,*,#11264,.T.);
#11545 = ORIENTED_EDGE('',*,*,#11192,.F.);
#11546 = ADVANCED_FACE('',(#11547),#11093,.T.);
#11547 = FACE_BOUND('',#11548,.T.);
#11548 = EDGE_LOOP('',(#11549,#11572,#11600,#11621));
#11549 = ORIENTED_EDGE('',*,*,#11550,.F.);
#11550 = EDGE_CURVE('',#11551,#11076,#11553,.T.);
#11551 = VERTEX_POINT('',#11552);
#11552 = CARTESIAN_POINT('',(-75.,-923.,2.26E+03));
#11553 = SURFACE_CURVE('',#11554,(#11558,#11565),.PCURVE_S1.);
#11554 = LINE('',#11555,#11556);
#11555 = CARTESIAN_POINT('',(-75.,-923.,2.26E+03));
#11556 = VECTOR('',#11557,1.);
#11557 = DIRECTION('',(-0.,1.,0.));
#11558 = PCURVE('',#11093,#11559);
#11559 = DEFINITIONAL_REPRESENTATION('',(#11560),#11564);
#11560 = LINE('',#11561,#11562);
#11561 = CARTESIAN_POINT('',(0.,0.));
#11562 = VECTOR('',#11563,1.);
#11563 = DIRECTION('',(0.,1.));
#11564 = ( GEOMETRIC_REPRESENTATION_CONTEXT(2) 
PARAMETRIC_REPRESENTATION_CONTEXT() REPRESENTATION_CONTEXT('2D SPACE',''
  ) );
#11565 = PCURVE('',#11121,#11566);
#11566 = DEFINITIONAL_REPRESENTATION('',(#11567),#11571);
#11567 = LINE('',#11568,#11569);
#11568 = CARTESIAN_POINT('',(200.,0.));
#11569 = VECTOR('',#11570,1.);
#11570 = DIRECTION('',(0.,-1.));
#11571 = ( GEOMETRIC_REPRESENTATION_CONTEXT(2) 
PARAMETRIC_REPRESENTATION_CONTEXT() REPRESENTATION_CONTEXT('2D SPACE',''
  ) );
#11572 = ORIENTED_EDGE('',*,*,#11573,.T.);
#11573 = EDGE_CURVE('',#11551,#11574,#11576,.T.);
#11574 = VERTEX_POINT('',#11575);
#11575 = CARTESIAN_POINT('',(75.,-923.,2.26E+03));
#11576 = SURFACE_CURVE('',#11577,(#11581,#11588),.PCURVE_S1.);
#11577 = LINE('',#11578,#11579);
#11578 = CARTESIAN_POINT('',(-75.,-923.,2.26E+03));
#11579 = VECTOR('',#11580,1.);
#11580 = DIRECTION('',(1.,0.,-0.));
#11581 = PCURVE('',#11093,#11582);
#11582 = DEFINITIONAL_REPRESENTATION('',(#11583),#11587);
#11583 = LINE('',#11584,#11585);
#11584 = CARTESIAN_POINT('',(0.,0.));
#11585 = VECTOR('',#11586,1.);
#11586 = DIRECTION('',(1.,0.));
#11587 = ( GEOMETRIC_REPRESENTATION_CONTEXT(2) 
PARAMETRIC_REPRESENTATION_CONTEXT() REPRESENTATION_CONTEXT('2D SPACE',''
  ) );
#11588 = PCURVE('',#11589,#11594);
#11589 = PLANE('',#11590);
#11590 = AXIS2_PLACEMENT_3D('',#11591,#11592,#11593);
#11591 = CARTESIAN_POINT('',(-75.,-923.,2.06E+03));
#11592 = DIRECTION('',(-0.,1.,0.));
#11593 = DIRECTION('',(0.,0.,1.));
#11594 = DEFINITIONAL_REPRESENTATION('',(#11595),#11599);
#11595 = LINE('',#11596,#11597);
#11596 = CARTESIAN_POINT('',(200.,0.));
#11597 = VECTOR('',#11598,1.);
#11598 = DIRECTION('',(0.,1.));
#11599 = ( GEOMETRIC_REPRESENTATION_CONTEXT(2) 
PARAMETRIC_REPRESENTATION_CONTEXT() REPRESENTATION_CONTEXT('2D SPACE',''
  ) );
#11600 = ORIENTED_EDGE('',*,*,#11601,.T.);
#11601 = EDGE_CURVE('',#11574,#11078,#11602,.T.);
#11602 = SURFACE_CURVE('',#11603,(#11607,#11614),.PCURVE_S1.);
#11603 = LINE('',#11604,#11605);
#11604 = CARTESIAN_POINT('',(75.,-923.,2.26E+03));
#11605 = VECTOR('',#11606,1.);
#11606 = DIRECTION('',(-0.,1.,0.));
#11607 = PCURVE('',#11093,#11608);
#11608 = DEFINITIONAL_REPRESENTATION('',(#11609),#11613);
#11609 = LINE('',#11610,#11611);
#11610 = CARTESIAN_POINT('',(150.,0.));
#11611 = VECTOR('',#11612,1.);
#11612 = DIRECTION('',(0.,1.));
#11613 = ( GEOMETRIC_REPRESENTATION_CONTEXT(2) 
PARAMETRIC_REPRESENTATION_CONTEXT() REPRESENTATION_CONTEXT('2D SPACE',''
  ) );
#11614 = PCURVE('',#11175,#11615);
#11615 = DEFINITIONAL_REPRESENTATION('',(#11616),#11620);
#11616 = LINE('',#11617,#11618);
#11617 = CARTESIAN_POINT('',(200.,0.));
#11618 = VECTOR('',#11619,1.);
#11619 = DIRECTION('',(0.,-1.));
#11620 = ( GEOMETRIC_REPRESENTATION_CONTEXT(2) 
PARAMETRIC_REPRESENTATION_CONTEXT() REPRESENTATION_CONTEXT('2D SPACE',''
  ) );
#11621 = ORIENTED_EDGE('',*,*,#11075,.F.);
#11622 = ADVANCED_FACE('',(#11623),#11175,.T.);
#11623 = FACE_BOUND('',#11624,.T.);
#11624 = EDGE_LOOP('',(#11625,#11648,#11669,#11670));
#11625 = ORIENTED_EDGE('',*,*,#11626,.F.);
#11626 = EDGE_CURVE('',#11627,#11574,#11629,.T.);
#11627 = VERTEX_POINT('',#11628);
#11628 = CARTESIAN_POINT('',(75.,-923.,2.06E+03));
#11629 = SURFACE_CURVE('',#11630,(#11634,#11641),.PCURVE_S1.);
#11630 = LINE('',#11631,#11632);
#11631 = CARTESIAN_POINT('',(75.,-923.,2.06E+03));
#11632 = VECTOR('',#11633,1.);
#11633 = DIRECTION('',(0.,0.,1.));
#11634 = PCURVE('',#11175,#11635);
#11635 = DEFINITIONAL_REPRESENTATION('',(#11636),#11640);
#11636 = LINE('',#11637,#11638);
#11637 = CARTESIAN_POINT('',(0.,0.));
#11638 = VECTOR('',#11639,1.);
#11639 = DIRECTION('',(1.,0.));
#11640 = ( GEOMETRIC_REPRESENTATION_CONTEXT(2) 
PARAMETRIC_REPRESENTATION_CONTEXT() REPRESENTATION_CONTEXT('2D SPACE',''
  ) );
#11641 = PCURVE('',#11589,#11642);
#11642 = DEFINITIONAL_REPRESENTATION('',(#11643),#11647);
#11643 = LINE('',#11644,#11645);
#11644 = CARTESIAN_POINT('',(0.,150.));
#11645 = VECTOR('',#11646,1.);
#11646 = DIRECTION('',(1.,0.));
#11647 = ( GEOMETRIC_REPRESENTATION_CONTEXT(2) 
PARAMETRIC_REPRESENTATION_CONTEXT() REPRESENTATION_CONTEXT('2D SPACE',''
  ) );
#11648 = ORIENTED_EDGE('',*,*,#11649,.T.);
#11649 = EDGE_CURVE('',#11627,#11134,#11650,.T.);
#11650 = SURFACE_CURVE('',#11651,(#11655,#11662),.PCURVE_S1.);
#11651 = LINE('',#11652,#11653);
#11652 = CARTESIAN_POINT('',(75.,-923.,2.06E+03));
#11653 = VECTOR('',#11654,1.);
#11654 = DIRECTION('',(-0.,1.,0.));
#11655 = PCURVE('',#11175,#11656);
#11656 = DEFINITIONAL_REPRESENTATION('',(#11657),#11661);
#11657 = LINE('',#11658,#11659);
#11658 = CARTESIAN_POINT('',(0.,0.));
#11659 = VECTOR('',#11660,1.);
#11660 = DIRECTION('',(0.,-1.));
#11661 = ( GEOMETRIC_REPRESENTATION_CONTEXT(2) 
PARAMETRIC_REPRESENTATION_CONTEXT() REPRESENTATION_CONTEXT('2D SPACE',''
  ) );
#11662 = PCURVE('',#11149,#11663);
#11663 = DEFINITIONAL_REPRESENTATION('',(#11664),#11668);
#11664 = LINE('',#11665,#11666);
#11665 = CARTESIAN_POINT('',(150.,0.));
#11666 = VECTOR('',#11667,1.);
#11667 = DIRECTION('',(0.,1.));
#11668 = ( GEOMETRIC_REPRESENTATION_CONTEXT(2) 
PARAMETRIC_REPRESENTATION_CONTEXT() REPRESENTATION_CONTEXT('2D SPACE',''
  ) );
#11669 = ORIENTED_EDGE('',*,*,#11161,.T.);
#11670 = ORIENTED_EDGE('',*,*,#11601,.F.);
#11671 = ADVANCED_FACE('',(#11672,#11720,#11751,#11782),#11149,.F.);
#11672 = FACE_BOUND('',#11673,.F.);
#11673 = EDGE_LOOP('',(#11674,#11697,#11718,#11719));
#11674 = ORIENTED_EDGE('',*,*,#11675,.F.);
#11675 = EDGE_CURVE('',#11676,#11106,#11678,.T.);
#11676 = VERTEX_POINT('',#11677);
#11677 = CARTESIAN_POINT('',(-75.,-923.,2.06E+03));
#11678 = SURFACE_CURVE('',#11679,(#11683,#11690),.PCURVE_S1.);
#11679 = LINE('',#11680,#11681);
#11680 = CARTESIAN_POINT('',(-75.,-923.,2.06E+03));
#11681 = VECTOR('',#11682,1.);
#11682 = DIRECTION('',(-0.,1.,0.));
#11683 = PCURVE('',#11149,#11684);
#11684 = DEFINITIONAL_REPRESENTATION('',(#11685),#11689);
#11685 = LINE('',#11686,#11687);
#11686 = CARTESIAN_POINT('',(0.,0.));
#11687 = VECTOR('',#11688,1.);
#11688 = DIRECTION('',(0.,1.));
#11689 = ( GEOMETRIC_REPRESENTATION_CONTEXT(2) 
PARAMETRIC_REPRESENTATION_CONTEXT() REPRESENTATION_CONTEXT('2D SPACE',''
  ) );
#11690 = PCURVE('',#11121,#11691);
#11691 = DEFINITIONAL_REPRESENTATION('',(#11692),#11696);
#11692 = LINE('',#11693,#11694);
#11693 = CARTESIAN_POINT('',(0.,0.));
#11694 = VECTOR('',#11695,1.);
#11695 = DIRECTION('',(0.,-1.));
#11696 = ( GEOMETRIC_REPRESENTATION_CONTEXT(2) 
PARAMETRIC_REPRESENTATION_CONTEXT() REPRESENTATION_CONTEXT('2D SPACE',''
  ) );
#11697 = ORIENTED_EDGE('',*,*,#11698,.T.);
#11698 = EDGE_CURVE('',#11676,#11627,#11699,.T.);
#11699 = SURFACE_CURVE('',#11700,(#11704,#11711),.PCURVE_S1.);
#11700 = LINE('',#11701,#11702);
#11701 = CARTESIAN_POINT('',(-75.,-923.,2.06E+03));
#11702 = VECTOR('',#11703,1.);
#11703 = DIRECTION('',(1.,0.,-0.));
#11704 = PCURVE('',#11149,#11705);
#11705 = DEFINITIONAL_REPRESENTATION('',(#11706),#11710);
#11706 = LINE('',#11707,#11708);
#11707 = CARTESIAN_POINT('',(0.,0.));
#11708 = VECTOR('',#11709,1.);
#11709 = DIRECTION('',(1.,0.));
#11710 = ( GEOMETRIC_REPRESENTATION_CONTEXT(2) 
PARAMETRIC_REPRESENTATION_CONTEXT() REPRESENTATION_CONTEXT('2D SPACE',''
  ) );
#11711 = PCURVE('',#11589,#11712);
#11712 = DEFINITIONAL_REPRESENTATION('',(#11713),#11717);
#11713 = LINE('',#11714,#11715);
#11714 = CARTESIAN_POINT('',(0.,0.));
#11715 = VECTOR('',#11716,1.);
#11716 = DIRECTION('',(0.,1.));
#11717 = ( GEOMETRIC_REPRESENTATION_CONTEXT(2) 
PARAMETRIC_REPRESENTATION_CONTEXT() REPRESENTATION_CONTEXT('2D SPACE',''
  ) );
#11718 = ORIENTED_EDGE('',*,*,#11649,.T.);
#11719 = ORIENTED_EDGE('',*,*,#11133,.F.);
#11720 = FACE_BOUND('',#11721,.F.);
#11721 = EDGE_LOOP('',(#11722));
#11722 = ORIENTED_EDGE('',*,*,#11723,.F.);
#11723 = EDGE_CURVE('',#11724,#11724,#11726,.T.);
#11724 = VERTEX_POINT('',#11725);
#11725 = CARTESIAN_POINT('',(-44.,-878.,2.06E+03));
#11726 = SURFACE_CURVE('',#11727,(#11732,#11739),.PCURVE_S1.);
#11727 = CIRCLE('',#11728,8.);
#11728 = AXIS2_PLACEMENT_3D('',#11729,#11730,#11731);
#11729 = CARTESIAN_POINT('',(-52.,-878.,2.06E+03));
#11730 = DIRECTION('',(0.,0.,1.));
#11731 = DIRECTION('',(1.,0.,-0.));
#11732 = PCURVE('',#11149,#11733);
#11733 = DEFINITIONAL_REPRESENTATION('',(#11734),#11738);
#11734 = CIRCLE('',#11735,8.);
#11735 = AXIS2_PLACEMENT_2D('',#11736,#11737);
#11736 = CARTESIAN_POINT('',(23.,45.));
#11737 = DIRECTION('',(1.,0.));
#11738 = ( GEOMETRIC_REPRESENTATION_CONTEXT(2) 
PARAMETRIC_REPRESENTATION_CONTEXT() REPRESENTATION_CONTEXT('2D SPACE',''
  ) );
#11739 = PCURVE('',#11740,#11745);
#11740 = CYLINDRICAL_SURFACE('',#11741,8.);
#11741 = AXIS2_PLACEMENT_3D('',#11742,#11743,#11744);
#11742 = CARTESIAN_POINT('',(-52.,-878.,2.044E+03));
#11743 = DIRECTION('',(0.,0.,1.));
#11744 = DIRECTION('',(1.,0.,-0.));
#11745 = DEFINITIONAL_REPRESENTATION('',(#11746),#11750);
#11746 = LINE('',#11747,#11748);
#11747 = CARTESIAN_POINT('',(0.,16.));
#11748 = VECTOR('',#11749,1.);
#11749 = DIRECTION('',(1.,0.));
#11750 = ( GEOMETRIC_REPRESENTATION_CONTEXT(2) 
PARAMETRIC_REPRESENTATION_CONTEXT() REPRESENTATION_CONTEXT('2D SPACE',''
  ) );
#11751 = FACE_BOUND('',#11752,.F.);
#11752 = EDGE_LOOP('',(#11753));
#11753 = ORIENTED_EDGE('',*,*,#11754,.F.);
#11754 = EDGE_CURVE('',#11755,#11755,#11757,.T.);
#11755 = VERTEX_POINT('',#11756);
#11756 = CARTESIAN_POINT('',(-14.,-878.,2.06E+03));
#11757 = SURFACE_CURVE('',#11758,(#11763,#11770),.PCURVE_S1.);
#11758 = CIRCLE('',#11759,8.);
#11759 = AXIS2_PLACEMENT_3D('',#11760,#11761,#11762);
#11760 = CARTESIAN_POINT('',(-22.,-878.,2.06E+03));
#11761 = DIRECTION('',(0.,0.,1.));
#11762 = DIRECTION('',(1.,0.,-0.));
#11763 = PCURVE('',#11149,#11764);
#11764 = DEFINITIONAL_REPRESENTATION('',(#11765),#11769);
#11765 = CIRCLE('',#11766,8.);
#11766 = AXIS2_PLACEMENT_2D('',#11767,#11768);
#11767 = CARTESIAN_POINT('',(53.,45.));
#11768 = DIRECTION('',(1.,0.));
#11769 = ( GEOMETRIC_REPRESENTATION_CONTEXT(2) 
PARAMETRIC_REPRESENTATION_CONTEXT() REPRESENTATION_CONTEXT('2D SPACE',''
  ) );
#11770 = PCURVE('',#11771,#11776);
#11771 = CYLINDRICAL_SURFACE('',#11772,8.);
#11772 = AXIS2_PLACEMENT_3D('',#11773,#11774,#11775);
#11773 = CARTESIAN_POINT('',(-22.,-878.,2.044E+03));
#11774 = DIRECTION('',(0.,0.,1.));
#11775 = DIRECTION('',(1.,0.,-0.));
#11776 = DEFINITIONAL_REPRESENTATION('',(#11777),#11781);
#11777 = LINE('',#11778,#11779);
#11778 = CARTESIAN_POINT('',(0.,16.));
#11779 = VECTOR('',#11780,1.);
#11780 = DIRECTION('',(1.,0.));
#11781 = ( GEOMETRIC_REPRESENTATION_CONTEXT(2) 
PARAMETRIC_REPRESENTATION_CONTEXT() REPRESENTATION_CONTEXT('2D SPACE',''
  ) );
#11782 = FACE_BOUND('',#11783,.F.);
#11783 = EDGE_LOOP('',(#11784));
#11784 = ORIENTED_EDGE('',*,*,#11785,.F.);
#11785 = EDGE_CURVE('',#11786,#11786,#11788,.T.);
#11786 = VERTEX_POINT('',#11787);
#11787 = CARTESIAN_POINT('',(63.,-878.,2.06E+03));
#11788 = SURFACE_CURVE('',#11789,(#11794,#11801),.PCURVE_S1.);
#11789 = CIRCLE('',#11790,5.);
#11790 = AXIS2_PLACEMENT_3D('',#11791,#11792,#11793);
#11791 = CARTESIAN_POINT('',(58.,-878.,2.06E+03));
#11792 = DIRECTION('',(0.,0.,1.));
#11793 = DIRECTION('',(1.,0.,-0.));
#11794 = PCURVE('',#11149,#11795);
#11795 = DEFINITIONAL_REPRESENTATION('',(#11796),#11800);
#11796 = CIRCLE('',#11797,5.);
#11797 = AXIS2_PLACEMENT_2D('',#11798,#11799);
#11798 = CARTESIAN_POINT('',(133.,45.));
#11799 = DIRECTION('',(1.,0.));
#11800 = ( GEOMETRIC_REPRESENTATION_CONTEXT(2) 
PARAMETRIC_REPRESENTATION_CONTEXT() REPRESENTATION_CONTEXT('2D SPACE',''
  ) );
#11801 = PCURVE('',#11802,#11807);
#11802 = CYLINDRICAL_SURFACE('',#11803,5.);
#11803 = AXIS2_PLACEMENT_3D('',#11804,#11805,#11806);
#11804 = CARTESIAN_POINT('',(58.,-878.,1.87E+03));
#11805 = DIRECTION('',(0.,0.,1.));
#11806 = DIRECTION('',(1.,0.,-0.));
#11807 = DEFINITIONAL_REPRESENTATION('',(#11808),#11812);
#11808 = LINE('',#11809,#11810);
#11809 = CARTESIAN_POINT('',(0.,190.));
#11810 = VECTOR('',#11811,1.);
#11811 = DIRECTION('',(1.,0.));
#11812 = ( GEOMETRIC_REPRESENTATION_CONTEXT(2) 
PARAMETRIC_REPRESENTATION_CONTEXT() REPRESENTATION_CONTEXT('2D SPACE',''
  ) );
#11813 = ADVANCED_FACE('',(#11814),#11121,.F.);
#11814 = FACE_BOUND('',#11815,.F.);
#11815 = EDGE_LOOP('',(#11816,#11837,#11838,#11839));
#11816 = ORIENTED_EDGE('',*,*,#11817,.F.);
#11817 = EDGE_CURVE('',#11676,#11551,#11818,.T.);
#11818 = SURFACE_CURVE('',#11819,(#11823,#11830),.PCURVE_S1.);
#11819 = LINE('',#11820,#11821);
#11820 = CARTESIAN_POINT('',(-75.,-923.,2.06E+03));
#11821 = VECTOR('',#11822,1.);
#11822 = DIRECTION('',(0.,0.,1.));
#11823 = PCURVE('',#11121,#11824);
#11824 = DEFINITIONAL_REPRESENTATION('',(#11825),#11829);
#11825 = LINE('',#11826,#11827);
#11826 = CARTESIAN_POINT('',(0.,0.));
#11827 = VECTOR('',#11828,1.);
#11828 = DIRECTION('',(1.,0.));
#11829 = ( GEOMETRIC_REPRESENTATION_CONTEXT(2) 
PARAMETRIC_REPRESENTATION_CONTEXT() REPRESENTATION_CONTEXT('2D SPACE',''
  ) );
#11830 = PCURVE('',#11589,#11831);
#11831 = DEFINITIONAL_REPRESENTATION('',(#11832),#11836);
#11832 = LINE('',#11833,#11834);
#11833 = CARTESIAN_POINT('',(0.,0.));
#11834 = VECTOR('',#11835,1.);
#11835 = DIRECTION('',(1.,0.));
#11836 = ( GEOMETRIC_REPRESENTATION_CONTEXT(2) 
PARAMETRIC_REPRESENTATION_CONTEXT() REPRESENTATION_CONTEXT('2D SPACE',''
  ) );
#11837 = ORIENTED_EDGE('',*,*,#11675,.T.);
#11838 = ORIENTED_EDGE('',*,*,#11105,.T.);
#11839 = ORIENTED_EDGE('',*,*,#11550,.F.);
#11840 = ADVANCED_FACE('',(#11841),#11305,.T.);
#11841 = FACE_BOUND('',#11842,.T.);
#11842 = EDGE_LOOP('',(#11843,#11866,#11867,#11890));
#11843 = ORIENTED_EDGE('',*,*,#11844,.F.);
#11844 = EDGE_CURVE('',#11288,#11845,#11847,.T.);
#11845 = VERTEX_POINT('',#11846);
#11846 = CARTESIAN_POINT('',(-25.,-800.,2.055E+03));
#11847 = SURFACE_CURVE('',#11848,(#11852,#11859),.PCURVE_S1.);
#11848 = LINE('',#11849,#11850);
#11849 = CARTESIAN_POINT('',(-25.,-830.,2.055E+03));
#11850 = VECTOR('',#11851,1.);
#11851 = DIRECTION('',(-0.,1.,0.));
#11852 = PCURVE('',#11305,#11853);
#11853 = DEFINITIONAL_REPRESENTATION('',(#11854),#11858);
#11854 = LINE('',#11855,#11856);
#11855 = CARTESIAN_POINT('',(0.,0.));
#11856 = VECTOR('',#11857,1.);
#11857 = DIRECTION('',(0.,1.));
#11858 = ( GEOMETRIC_REPRESENTATION_CONTEXT(2) 
PARAMETRIC_REPRESENTATION_CONTEXT() REPRESENTATION_CONTEXT('2D SPACE',''
  ) );
#11859 = PCURVE('',#11333,#11860);
#11860 = DEFINITIONAL_REPRESENTATION('',(#11861),#11865);
#11861 = LINE('',#11862,#11863);
#11862 = CARTESIAN_POINT('',(30.,0.));
#11863 = VECTOR('',#11864,1.);
#11864 = DIRECTION('',(0.,-1.));
#11865 = ( GEOMETRIC_REPRESENTATION_CONTEXT(2) 
PARAMETRIC_REPRESENTATION_CONTEXT() REPRESENTATION_CONTEXT('2D SPACE',''
  ) );
#11866 = ORIENTED_EDGE('',*,*,#11287,.T.);
#11867 = ORIENTED_EDGE('',*,*,#11868,.T.);
#11868 = EDGE_CURVE('',#11290,#11869,#11871,.T.);
#11869 = VERTEX_POINT('',#11870);
#11870 = CARTESIAN_POINT('',(25.,-800.,2.055E+03));
#11871 = SURFACE_CURVE('',#11872,(#11876,#11883),.PCURVE_S1.);
#11872 = LINE('',#11873,#11874);
#11873 = CARTESIAN_POINT('',(25.,-830.,2.055E+03));
#11874 = VECTOR('',#11875,1.);
#11875 = DIRECTION('',(-0.,1.,0.));
#11876 = PCURVE('',#11305,#11877);
#11877 = DEFINITIONAL_REPRESENTATION('',(#11878),#11882);
#11878 = LINE('',#11879,#11880);
#11879 = CARTESIAN_POINT('',(50.,0.));
#11880 = VECTOR('',#11881,1.);
#11881 = DIRECTION('',(0.,1.));
#11882 = ( GEOMETRIC_REPRESENTATION_CONTEXT(2) 
PARAMETRIC_REPRESENTATION_CONTEXT() REPRESENTATION_CONTEXT('2D SPACE',''
  ) );
#11883 = PCURVE('',#11387,#11884);
#11884 = DEFINITIONAL_REPRESENTATION('',(#11885),#11889);
#11885 = LINE('',#11886,#11887);
#11886 = CARTESIAN_POINT('',(30.,0.));
#11887 = VECTOR('',#11888,1.);
#11888 = DIRECTION('',(0.,-1.));
#11889 = ( GEOMETRIC_REPRESENTATION_CONTEXT(2) 
PARAMETRIC_REPRESENTATION_CONTEXT() REPRESENTATION_CONTEXT('2D SPACE',''
  ) );
#11890 = ORIENTED_EDGE('',*,*,#11891,.F.);
#11891 = EDGE_CURVE('',#11845,#11869,#11892,.T.);
#11892 = SURFACE_CURVE('',#11893,(#11897,#11904),.PCURVE_S1.);
#11893 = LINE('',#11894,#11895);
#11894 = CARTESIAN_POINT('',(-25.,-800.,2.055E+03));
#11895 = VECTOR('',#11896,1.);
#11896 = DIRECTION('',(1.,0.,-0.));
#11897 = PCURVE('',#11305,#11898);
#11898 = DEFINITIONAL_REPRESENTATION('',(#11899),#11903);
#11899 = LINE('',#11900,#11901);
#11900 = CARTESIAN_POINT('',(0.,30.));
#11901 = VECTOR('',#11902,1.);
#11902 = DIRECTION('',(1.,0.));
#11903 = ( GEOMETRIC_REPRESENTATION_CONTEXT(2) 
PARAMETRIC_REPRESENTATION_CONTEXT() REPRESENTATION_CONTEXT('2D SPACE',''
  ) );
#11904 = PCURVE('',#11905,#11910);
#11905 = PLANE('',#11906);
#11906 = AXIS2_PLACEMENT_3D('',#11907,#11908,#11909);
#11907 = CARTESIAN_POINT('',(-25.,-800.,2.025E+03));
#11908 = DIRECTION('',(-0.,1.,0.));
#11909 = DIRECTION('',(0.,0.,1.));
#11910 = DEFINITIONAL_REPRESENTATION('',(#11911),#11915);
#11911 = LINE('',#11912,#11913);
#11912 = CARTESIAN_POINT('',(30.,0.));
#11913 = VECTOR('',#11914,1.);
#11914 = DIRECTION('',(0.,1.));
#11915 = ( GEOMETRIC_REPRESENTATION_CONTEXT(2) 
PARAMETRIC_REPRESENTATION_CONTEXT() REPRESENTATION_CONTEXT('2D SPACE',''
  ) );
#11916 = ADVANCED_FACE('',(#11917),#11387,.T.);
#11917 = FACE_BOUND('',#11918,.T.);
#11918 = EDGE_LOOP('',(#11919,#11920,#11921,#11944,#11967,#11993,#12019,
    #12045));
#11919 = ORIENTED_EDGE('',*,*,#11868,.F.);
#11920 = ORIENTED_EDGE('',*,*,#11373,.F.);
#11921 = ORIENTED_EDGE('',*,*,#11922,.T.);
#11922 = EDGE_CURVE('',#11346,#11923,#11925,.T.);
#11923 = VERTEX_POINT('',#11924);
#11924 = CARTESIAN_POINT('',(25.,-800.,2.025E+03));
#11925 = SURFACE_CURVE('',#11926,(#11930,#11937),.PCURVE_S1.);
#11926 = LINE('',#11927,#11928);
#11927 = CARTESIAN_POINT('',(25.,-830.,2.025E+03));
#11928 = VECTOR('',#11929,1.);
#11929 = DIRECTION('',(-0.,1.,0.));
#11930 = PCURVE('',#11387,#11931);
#11931 = DEFINITIONAL_REPRESENTATION('',(#11932),#11936);
#11932 = LINE('',#11933,#11934);
#11933 = CARTESIAN_POINT('',(0.,0.));
#11934 = VECTOR('',#11935,1.);
#11935 = DIRECTION('',(0.,-1.));
#11936 = ( GEOMETRIC_REPRESENTATION_CONTEXT(2) 
PARAMETRIC_REPRESENTATION_CONTEXT() REPRESENTATION_CONTEXT('2D SPACE',''
  ) );
#11937 = PCURVE('',#11361,#11938);
#11938 = DEFINITIONAL_REPRESENTATION('',(#11939),#11943);
#11939 = LINE('',#11940,#11941);
#11940 = CARTESIAN_POINT('',(50.,0.));
#11941 = VECTOR('',#11942,1.);
#11942 = DIRECTION('',(0.,1.));
#11943 = ( GEOMETRIC_REPRESENTATION_CONTEXT(2) 
PARAMETRIC_REPRESENTATION_CONTEXT() REPRESENTATION_CONTEXT('2D SPACE',''
  ) );
#11944 = ORIENTED_EDGE('',*,*,#11945,.T.);
#11945 = EDGE_CURVE('',#11923,#11946,#11948,.T.);
#11946 = VERTEX_POINT('',#11947);
#11947 = CARTESIAN_POINT('',(25.,-800.,2.034E+03));
#11948 = SURFACE_CURVE('',#11949,(#11953,#11960),.PCURVE_S1.);
#11949 = LINE('',#11950,#11951);
#11950 = CARTESIAN_POINT('',(25.,-800.,2.025E+03));
#11951 = VECTOR('',#11952,1.);
#11952 = DIRECTION('',(0.,0.,1.));
#11953 = PCURVE('',#11387,#11954);
#11954 = DEFINITIONAL_REPRESENTATION('',(#11955),#11959);
#11955 = LINE('',#11956,#11957);
#11956 = CARTESIAN_POINT('',(0.,-30.));
#11957 = VECTOR('',#11958,1.);
#11958 = DIRECTION('',(1.,0.));
#11959 = ( GEOMETRIC_REPRESENTATION_CONTEXT(2) 
PARAMETRIC_REPRESENTATION_CONTEXT() REPRESENTATION_CONTEXT('2D SPACE',''
  ) );
#11960 = PCURVE('',#11905,#11961);
#11961 = DEFINITIONAL_REPRESENTATION('',(#11962),#11966);
#11962 = LINE('',#11963,#11964);
#11963 = CARTESIAN_POINT('',(0.,50.));
#11964 = VECTOR('',#11965,1.);
#11965 = DIRECTION('',(1.,0.));
#11966 = ( GEOMETRIC_REPRESENTATION_CONTEXT(2) 
PARAMETRIC_REPRESENTATION_CONTEXT() REPRESENTATION_CONTEXT('2D SPACE',''
  ) );
#11967 = ORIENTED_EDGE('',*,*,#11968,.T.);
#11968 = EDGE_CURVE('',#11946,#11969,#11971,.T.);
#11969 = VERTEX_POINT('',#11970);
#11970 = CARTESIAN_POINT('',(25.,-803.,2.034E+03));
#11971 = SURFACE_CURVE('',#11972,(#11976,#11982),.PCURVE_S1.);
#11972 = LINE('',#11973,#11974);
#11973 = CARTESIAN_POINT('',(25.,-816.5,2.034E+03));
#11974 = VECTOR('',#11975,1.);
#11975 = DIRECTION('',(0.,-1.,0.));
#11976 = PCURVE('',#11387,#11977);
#11977 = DEFINITIONAL_REPRESENTATION('',(#11978),#11981);
#11978 = B_SPLINE_CURVE_WITH_KNOTS('',1,(#11979,#11980),.UNSPECIFIED.,
  .F.,.F.,(2,2),(-16.5,-13.5),.PIECEWISE_BEZIER_KNOTS.);
#11979 = CARTESIAN_POINT('',(9.,-30.));
#11980 = CARTESIAN_POINT('',(9.,-27.));
#11981 = ( GEOMETRIC_REPRESENTATION_CONTEXT(2) 
PARAMETRIC_REPRESENTATION_CONTEXT() REPRESENTATION_CONTEXT('2D SPACE',''
  ) );
#11982 = PCURVE('',#11983,#11988);
#11983 = PLANE('',#11984);
#11984 = AXIS2_PLACEMENT_3D('',#11985,#11986,#11987);
#11985 = CARTESIAN_POINT('',(-28.,-803.,2.034E+03));
#11986 = DIRECTION('',(0.,0.,1.));
#11987 = DIRECTION('',(1.,0.,-0.));
#11988 = DEFINITIONAL_REPRESENTATION('',(#11989),#11992);
#11989 = B_SPLINE_CURVE_WITH_KNOTS('',1,(#11990,#11991),.UNSPECIFIED.,
  .F.,.F.,(2,2),(-16.5,-13.5),.PIECEWISE_BEZIER_KNOTS.);
#11990 = CARTESIAN_POINT('',(53.,3.));
#11991 = CARTESIAN_POINT('',(53.,0.));
#11992 = ( GEOMETRIC_REPRESENTATION_CONTEXT(2) 
PARAMETRIC_REPRESENTATION_CONTEXT() REPRESENTATION_CONTEXT('2D SPACE',''
  ) );
#11993 = ORIENTED_EDGE('',*,*,#11994,.T.);
#11994 = EDGE_CURVE('',#11969,#11995,#11997,.T.);
#11995 = VERTEX_POINT('',#11996);
#11996 = CARTESIAN_POINT('',(25.,-803.,2.046E+03));
#11997 = SURFACE_CURVE('',#11998,(#12002,#12008),.PCURVE_S1.);
#11998 = LINE('',#11999,#12000);
#11999 = CARTESIAN_POINT('',(25.,-803.,2.0295E+03));
#12000 = VECTOR('',#12001,1.);
#12001 = DIRECTION('',(0.,0.,1.));
#12002 = PCURVE('',#11387,#12003);
#12003 = DEFINITIONAL_REPRESENTATION('',(#12004),#12007);
#12004 = B_SPLINE_CURVE_WITH_KNOTS('',1,(#12005,#12006),.UNSPECIFIED.,
  .F.,.F.,(2,2),(4.5,16.5),.PIECEWISE_BEZIER_KNOTS.);
#12005 = CARTESIAN_POINT('',(9.,-27.));
#12006 = CARTESIAN_POINT('',(21.,-27.));
#12007 = ( GEOMETRIC_REPRESENTATION_CONTEXT(2) 
PARAMETRIC_REPRESENTATION_CONTEXT() REPRESENTATION_CONTEXT('2D SPACE',''
  ) );
#12008 = PCURVE('',#12009,#12014);
#12009 = PLANE('',#12010);
#12010 = AXIS2_PLACEMENT_3D('',#12011,#12012,#12013);
#12011 = CARTESIAN_POINT('',(-28.,-803.,2.034E+03));
#12012 = DIRECTION('',(-0.,1.,0.));
#12013 = DIRECTION('',(0.,0.,1.));
#12014 = DEFINITIONAL_REPRESENTATION('',(#12015),#12018);
#12015 = B_SPLINE_CURVE_WITH_KNOTS('',1,(#12016,#12017),.UNSPECIFIED.,
  .F.,.F.,(2,2),(4.5,16.5),.PIECEWISE_BEZIER_KNOTS.);
#12016 = CARTESIAN_POINT('',(0.,53.));
#12017 = CARTESIAN_POINT('',(12.,53.));
#12018 = ( GEOMETRIC_REPRESENTATION_CONTEXT(2) 
PARAMETRIC_REPRESENTATION_CONTEXT() REPRESENTATION_CONTEXT('2D SPACE',''
  ) );
#12019 = ORIENTED_EDGE('',*,*,#12020,.F.);
#12020 = EDGE_CURVE('',#12021,#11995,#12023,.T.);
#12021 = VERTEX_POINT('',#12022);
#12022 = CARTESIAN_POINT('',(25.,-800.,2.046E+03));
#12023 = SURFACE_CURVE('',#12024,(#12028,#12034),.PCURVE_S1.);
#12024 = LINE('',#12025,#12026);
#12025 = CARTESIAN_POINT('',(25.,-816.5,2.046E+03));
#12026 = VECTOR('',#12027,1.);
#12027 = DIRECTION('',(0.,-1.,0.));
#12028 = PCURVE('',#11387,#12029);
#12029 = DEFINITIONAL_REPRESENTATION('',(#12030),#12033);
#12030 = B_SPLINE_CURVE_WITH_KNOTS('',1,(#12031,#12032),.UNSPECIFIED.,
  .F.,.F.,(2,2),(-16.5,-13.5),.PIECEWISE_BEZIER_KNOTS.);
#12031 = CARTESIAN_POINT('',(21.,-30.));
#12032 = CARTESIAN_POINT('',(21.,-27.));
#12033 = ( GEOMETRIC_REPRESENTATION_CONTEXT(2) 
PARAMETRIC_REPRESENTATION_CONTEXT() REPRESENTATION_CONTEXT('2D SPACE',''
  ) );
#12034 = PCURVE('',#12035,#12040);
#12035 = PLANE('',#12036);
#12036 = AXIS2_PLACEMENT_3D('',#12037,#12038,#12039);
#12037 = CARTESIAN_POINT('',(-28.,-803.,2.046E+03));
#12038 = DIRECTION('',(0.,0.,1.));
#12039 = DIRECTION('',(1.,0.,-0.));
#12040 = DEFINITIONAL_REPRESENTATION('',(#12041),#12044);
#12041 = B_SPLINE_CURVE_WITH_KNOTS('',1,(#12042,#12043),.UNSPECIFIED.,
  .F.,.F.,(2,2),(-16.5,-13.5),.PIECEWISE_BEZIER_KNOTS.);
#12042 = CARTESIAN_POINT('',(53.,3.));
#12043 = CARTESIAN_POINT('',(53.,0.));
#12044 = ( GEOMETRIC_REPRESENTATION_CONTEXT(2) 
PARAMETRIC_REPRESENTATION_CONTEXT() REPRESENTATION_CONTEXT('2D SPACE',''
  ) );
#12045 = ORIENTED_EDGE('',*,*,#12046,.T.);
#12046 = EDGE_CURVE('',#12021,#11869,#12047,.T.);
#12047 = SURFACE_CURVE('',#12048,(#12052,#12059),.PCURVE_S1.);
#12048 = LINE('',#12049,#12050);
#12049 = CARTESIAN_POINT('',(25.,-800.,2.025E+03));
#12050 = VECTOR('',#12051,1.);
#12051 = DIRECTION('',(0.,0.,1.));
#12052 = PCURVE('',#11387,#12053);
#12053 = DEFINITIONAL_REPRESENTATION('',(#12054),#12058);
#12054 = LINE('',#12055,#12056);
#12055 = CARTESIAN_POINT('',(0.,-30.));
#12056 = VECTOR('',#12057,1.);
#12057 = DIRECTION('',(1.,0.));
#12058 = ( GEOMETRIC_REPRESENTATION_CONTEXT(2) 
PARAMETRIC_REPRESENTATION_CONTEXT() REPRESENTATION_CONTEXT('2D SPACE',''
  ) );
#12059 = PCURVE('',#11905,#12060);
#12060 = DEFINITIONAL_REPRESENTATION('',(#12061),#12065);
#12061 = LINE('',#12062,#12063);
#12062 = CARTESIAN_POINT('',(0.,50.));
#12063 = VECTOR('',#12064,1.);
#12064 = DIRECTION('',(1.,0.));
#12065 = ( GEOMETRIC_REPRESENTATION_CONTEXT(2) 
PARAMETRIC_REPRESENTATION_CONTEXT() REPRESENTATION_CONTEXT('2D SPACE',''
  ) );
#12066 = ADVANCED_FACE('',(#12067),#11361,.F.);
#12067 = FACE_BOUND('',#12068,.F.);
#12068 = EDGE_LOOP('',(#12069,#12092,#12093,#12094));
#12069 = ORIENTED_EDGE('',*,*,#12070,.F.);
#12070 = EDGE_CURVE('',#11318,#12071,#12073,.T.);
#12071 = VERTEX_POINT('',#12072);
#12072 = CARTESIAN_POINT('',(-25.,-800.,2.025E+03));
#12073 = SURFACE_CURVE('',#12074,(#12078,#12085),.PCURVE_S1.);
#12074 = LINE('',#12075,#12076);
#12075 = CARTESIAN_POINT('',(-25.,-830.,2.025E+03));
#12076 = VECTOR('',#12077,1.);
#12077 = DIRECTION('',(-0.,1.,0.));
#12078 = PCURVE('',#11361,#12079);
#12079 = DEFINITIONAL_REPRESENTATION('',(#12080),#12084);
#12080 = LINE('',#12081,#12082);
#12081 = CARTESIAN_POINT('',(0.,0.));
#12082 = VECTOR('',#12083,1.);
#12083 = DIRECTION('',(0.,1.));
#12084 = ( GEOMETRIC_REPRESENTATION_CONTEXT(2) 
PARAMETRIC_REPRESENTATION_CONTEXT() REPRESENTATION_CONTEXT('2D SPACE',''
  ) );
#12085 = PCURVE('',#11333,#12086);
#12086 = DEFINITIONAL_REPRESENTATION('',(#12087),#12091);
#12087 = LINE('',#12088,#12089);
#12088 = CARTESIAN_POINT('',(0.,0.));
#12089 = VECTOR('',#12090,1.);
#12090 = DIRECTION('',(0.,-1.));
#12091 = ( GEOMETRIC_REPRESENTATION_CONTEXT(2) 
PARAMETRIC_REPRESENTATION_CONTEXT() REPRESENTATION_CONTEXT('2D SPACE',''
  ) );
#12092 = ORIENTED_EDGE('',*,*,#11345,.T.);
#12093 = ORIENTED_EDGE('',*,*,#11922,.T.);
#12094 = ORIENTED_EDGE('',*,*,#12095,.F.);
#12095 = EDGE_CURVE('',#12071,#11923,#12096,.T.);
#12096 = SURFACE_CURVE('',#12097,(#12101,#12108),.PCURVE_S1.);
#12097 = LINE('',#12098,#12099);
#12098 = CARTESIAN_POINT('',(-25.,-800.,2.025E+03));
#12099 = VECTOR('',#12100,1.);
#12100 = DIRECTION('',(1.,0.,-0.));
#12101 = PCURVE('',#11361,#12102);
#12102 = DEFINITIONAL_REPRESENTATION('',(#12103),#12107);
#12103 = LINE('',#12104,#12105);
#12104 = CARTESIAN_POINT('',(0.,30.));
#12105 = VECTOR('',#12106,1.);
#12106 = DIRECTION('',(1.,0.));
#12107 = ( GEOMETRIC_REPRESENTATION_CONTEXT(2) 
PARAMETRIC_REPRESENTATION_CONTEXT() REPRESENTATION_CONTEXT('2D SPACE',''
  ) );
#12108 = PCURVE('',#11905,#12109);
#12109 = DEFINITIONAL_REPRESENTATION('',(#12110),#12114);
#12110 = LINE('',#12111,#12112);
#12111 = CARTESIAN_POINT('',(0.,0.));
#12112 = VECTOR('',#12113,1.);
#12113 = DIRECTION('',(0.,1.));
#12114 = ( GEOMETRIC_REPRESENTATION_CONTEXT(2) 
PARAMETRIC_REPRESENTATION_CONTEXT() REPRESENTATION_CONTEXT('2D SPACE',''
  ) );
#12115 = ADVANCED_FACE('',(#12116),#11333,.F.);
#12116 = FACE_BOUND('',#12117,.F.);
#12117 = EDGE_LOOP('',(#12118,#12119,#12120,#12121,#12144,#12165,#12191,
    #12212));
#12118 = ORIENTED_EDGE('',*,*,#11844,.F.);
#12119 = ORIENTED_EDGE('',*,*,#11317,.F.);
#12120 = ORIENTED_EDGE('',*,*,#12070,.T.);
#12121 = ORIENTED_EDGE('',*,*,#12122,.T.);
#12122 = EDGE_CURVE('',#12071,#12123,#12125,.T.);
#12123 = VERTEX_POINT('',#12124);
#12124 = CARTESIAN_POINT('',(-25.,-800.,2.034E+03));
#12125 = SURFACE_CURVE('',#12126,(#12130,#12137),.PCURVE_S1.);
#12126 = LINE('',#12127,#12128);
#12127 = CARTESIAN_POINT('',(-25.,-800.,2.025E+03));
#12128 = VECTOR('',#12129,1.);
#12129 = DIRECTION('',(0.,0.,1.));
#12130 = PCURVE('',#11333,#12131);
#12131 = DEFINITIONAL_REPRESENTATION('',(#12132),#12136);
#12132 = LINE('',#12133,#12134);
#12133 = CARTESIAN_POINT('',(0.,-30.));
#12134 = VECTOR('',#12135,1.);
#12135 = DIRECTION('',(1.,0.));
#12136 = ( GEOMETRIC_REPRESENTATION_CONTEXT(2) 
PARAMETRIC_REPRESENTATION_CONTEXT() REPRESENTATION_CONTEXT('2D SPACE',''
  ) );
#12137 = PCURVE('',#11905,#12138);
#12138 = DEFINITIONAL_REPRESENTATION('',(#12139),#12143);
#12139 = LINE('',#12140,#12141);
#12140 = CARTESIAN_POINT('',(0.,0.));
#12141 = VECTOR('',#12142,1.);
#12142 = DIRECTION('',(1.,0.));
#12143 = ( GEOMETRIC_REPRESENTATION_CONTEXT(2) 
PARAMETRIC_REPRESENTATION_CONTEXT() REPRESENTATION_CONTEXT('2D SPACE',''
  ) );
#12144 = ORIENTED_EDGE('',*,*,#12145,.T.);
#12145 = EDGE_CURVE('',#12123,#12146,#12148,.T.);
#12146 = VERTEX_POINT('',#12147);
#12147 = CARTESIAN_POINT('',(-25.,-803.,2.034E+03));
#12148 = SURFACE_CURVE('',#12149,(#12153,#12159),.PCURVE_S1.);
#12149 = LINE('',#12150,#12151);
#12150 = CARTESIAN_POINT('',(-25.,-816.5,2.034E+03));
#12151 = VECTOR('',#12152,1.);
#12152 = DIRECTION('',(0.,-1.,0.));
#12153 = PCURVE('',#11333,#12154);
#12154 = DEFINITIONAL_REPRESENTATION('',(#12155),#12158);
#12155 = B_SPLINE_CURVE_WITH_KNOTS('',1,(#12156,#12157),.UNSPECIFIED.,
  .F.,.F.,(2,2),(-16.5,-13.5),.PIECEWISE_BEZIER_KNOTS.);
#12156 = CARTESIAN_POINT('',(9.,-30.));
#12157 = CARTESIAN_POINT('',(9.,-27.));
#12158 = ( GEOMETRIC_REPRESENTATION_CONTEXT(2) 
PARAMETRIC_REPRESENTATION_CONTEXT() REPRESENTATION_CONTEXT('2D SPACE',''
  ) );
#12159 = PCURVE('',#11983,#12160);
#12160 = DEFINITIONAL_REPRESENTATION('',(#12161),#12164);
#12161 = B_SPLINE_CURVE_WITH_KNOTS('',1,(#12162,#12163),.UNSPECIFIED.,
  .F.,.F.,(2,2),(-16.5,-13.5),.PIECEWISE_BEZIER_KNOTS.);
#12162 = CARTESIAN_POINT('',(3.,3.));
#12163 = CARTESIAN_POINT('',(3.,0.));
#12164 = ( GEOMETRIC_REPRESENTATION_CONTEXT(2) 
PARAMETRIC_REPRESENTATION_CONTEXT() REPRESENTATION_CONTEXT('2D SPACE',''
  ) );
#12165 = ORIENTED_EDGE('',*,*,#12166,.T.);
#12166 = EDGE_CURVE('',#12146,#12167,#12169,.T.);
#12167 = VERTEX_POINT('',#12168);
#12168 = CARTESIAN_POINT('',(-25.,-803.,2.046E+03));
#12169 = SURFACE_CURVE('',#12170,(#12174,#12180),.PCURVE_S1.);
#12170 = LINE('',#12171,#12172);
#12171 = CARTESIAN_POINT('',(-25.,-803.,2.0295E+03));
#12172 = VECTOR('',#12173,1.);
#12173 = DIRECTION('',(0.,0.,1.));
#12174 = PCURVE('',#11333,#12175);
#12175 = DEFINITIONAL_REPRESENTATION('',(#12176),#12179);
#12176 = B_SPLINE_CURVE_WITH_KNOTS('',1,(#12177,#12178),.UNSPECIFIED.,
  .F.,.F.,(2,2),(4.5,16.5),.PIECEWISE_BEZIER_KNOTS.);
#12177 = CARTESIAN_POINT('',(9.,-27.));
#12178 = CARTESIAN_POINT('',(21.,-27.));
#12179 = ( GEOMETRIC_REPRESENTATION_CONTEXT(2) 
PARAMETRIC_REPRESENTATION_CONTEXT() REPRESENTATION_CONTEXT('2D SPACE',''
  ) );
#12180 = PCURVE('',#12181,#12186);
#12181 = PLANE('',#12182);
#12182 = AXIS2_PLACEMENT_3D('',#12183,#12184,#12185);
#12183 = CARTESIAN_POINT('',(-28.,-803.,2.034E+03));
#12184 = DIRECTION('',(-0.,1.,0.));
#12185 = DIRECTION('',(0.,0.,1.));
#12186 = DEFINITIONAL_REPRESENTATION('',(#12187),#12190);
#12187 = B_SPLINE_CURVE_WITH_KNOTS('',1,(#12188,#12189),.UNSPECIFIED.,
  .F.,.F.,(2,2),(4.5,16.5),.PIECEWISE_BEZIER_KNOTS.);
#12188 = CARTESIAN_POINT('',(0.,3.));
#12189 = CARTESIAN_POINT('',(12.,3.));
#12190 = ( GEOMETRIC_REPRESENTATION_CONTEXT(2) 
PARAMETRIC_REPRESENTATION_CONTEXT() REPRESENTATION_CONTEXT('2D SPACE',''
  ) );
#12191 = ORIENTED_EDGE('',*,*,#12192,.F.);
#12192 = EDGE_CURVE('',#12193,#12167,#12195,.T.);
#12193 = VERTEX_POINT('',#12194);
#12194 = CARTESIAN_POINT('',(-25.,-800.,2.046E+03));
#12195 = SURFACE_CURVE('',#12196,(#12200,#12206),.PCURVE_S1.);
#12196 = LINE('',#12197,#12198);
#12197 = CARTESIAN_POINT('',(-25.,-816.5,2.046E+03));
#12198 = VECTOR('',#12199,1.);
#12199 = DIRECTION('',(0.,-1.,0.));
#12200 = PCURVE('',#11333,#12201);
#12201 = DEFINITIONAL_REPRESENTATION('',(#12202),#12205);
#12202 = B_SPLINE_CURVE_WITH_KNOTS('',1,(#12203,#12204),.UNSPECIFIED.,
  .F.,.F.,(2,2),(-16.5,-13.5),.PIECEWISE_BEZIER_KNOTS.);
#12203 = CARTESIAN_POINT('',(21.,-30.));
#12204 = CARTESIAN_POINT('',(21.,-27.));
#12205 = ( GEOMETRIC_REPRESENTATION_CONTEXT(2) 
PARAMETRIC_REPRESENTATION_CONTEXT() REPRESENTATION_CONTEXT('2D SPACE',''
  ) );
#12206 = PCURVE('',#12035,#12207);
#12207 = DEFINITIONAL_REPRESENTATION('',(#12208),#12211);
#12208 = B_SPLINE_CURVE_WITH_KNOTS('',1,(#12209,#12210),.UNSPECIFIED.,
  .F.,.F.,(2,2),(-16.5,-13.5),.PIECEWISE_BEZIER_KNOTS.);
#12209 = CARTESIAN_POINT('',(3.,3.));
#12210 = CARTESIAN_POINT('',(3.,0.));
#12211 = ( GEOMETRIC_REPRESENTATION_CONTEXT(2) 
PARAMETRIC_REPRESENTATION_CONTEXT() REPRESENTATION_CONTEXT('2D SPACE',''
  ) );
#12212 = ORIENTED_EDGE('',*,*,#12213,.T.);
#12213 = EDGE_CURVE('',#12193,#11845,#12214,.T.);
#12214 = SURFACE_CURVE('',#12215,(#12219,#12226),.PCURVE_S1.);
#12215 = LINE('',#12216,#12217);
#12216 = CARTESIAN_POINT('',(-25.,-800.,2.025E+03));
#12217 = VECTOR('',#12218,1.);
#12218 = DIRECTION('',(0.,0.,1.));
#12219 = PCURVE('',#11333,#12220);
#12220 = DEFINITIONAL_REPRESENTATION('',(#12221),#12225);
#12221 = LINE('',#12222,#12223);
#12222 = CARTESIAN_POINT('',(0.,-30.));
#12223 = VECTOR('',#12224,1.);
#12224 = DIRECTION('',(1.,0.));
#12225 = ( GEOMETRIC_REPRESENTATION_CONTEXT(2) 
PARAMETRIC_REPRESENTATION_CONTEXT() REPRESENTATION_CONTEXT('2D SPACE',''
  ) );
#12226 = PCURVE('',#11905,#12227);
#12227 = DEFINITIONAL_REPRESENTATION('',(#12228),#12232);
#12228 = LINE('',#12229,#12230);
#12229 = CARTESIAN_POINT('',(0.,0.));
#12230 = VECTOR('',#12231,1.);
#12231 = DIRECTION('',(1.,0.));
#12232 = ( GEOMETRIC_REPRESENTATION_CONTEXT(2) 
PARAMETRIC_REPRESENTATION_CONTEXT() REPRESENTATION_CONTEXT('2D SPACE',''
  ) );
#12233 = ADVANCED_FACE('',(#12234),#11419,.T.);
#12234 = FACE_BOUND('',#12235,.T.);
#12235 = EDGE_LOOP('',(#12236,#12259,#12260,#12283));
#12236 = ORIENTED_EDGE('',*,*,#12237,.F.);
#12237 = EDGE_CURVE('',#11402,#12238,#12240,.T.);
#12238 = VERTEX_POINT('',#12239);
#12239 = CARTESIAN_POINT('',(-25.,-800.,2.305E+03));
#12240 = SURFACE_CURVE('',#12241,(#12245,#12252),.PCURVE_S1.);
#12241 = LINE('',#12242,#12243);
#12242 = CARTESIAN_POINT('',(-25.,-830.,2.305E+03));
#12243 = VECTOR('',#12244,1.);
#12244 = DIRECTION('',(-0.,1.,0.));
#12245 = PCURVE('',#11419,#12246);
#12246 = DEFINITIONAL_REPRESENTATION('',(#12247),#12251);
#12247 = LINE('',#12248,#12249);
#12248 = CARTESIAN_POINT('',(0.,0.));
#12249 = VECTOR('',#12250,1.);
#12250 = DIRECTION('',(0.,1.));
#12251 = ( GEOMETRIC_REPRESENTATION_CONTEXT(2) 
PARAMETRIC_REPRESENTATION_CONTEXT() REPRESENTATION_CONTEXT('2D SPACE',''
  ) );
#12252 = PCURVE('',#11447,#12253);
#12253 = DEFINITIONAL_REPRESENTATION('',(#12254),#12258);
#12254 = LINE('',#12255,#12256);
#12255 = CARTESIAN_POINT('',(30.,0.));
#12256 = VECTOR('',#12257,1.);
#12257 = DIRECTION('',(0.,-1.));
#12258 = ( GEOMETRIC_REPRESENTATION_CONTEXT(2) 
PARAMETRIC_REPRESENTATION_CONTEXT() REPRESENTATION_CONTEXT('2D SPACE',''
  ) );
#12259 = ORIENTED_EDGE('',*,*,#11401,.T.);
#12260 = ORIENTED_EDGE('',*,*,#12261,.T.);
#12261 = EDGE_CURVE('',#11404,#12262,#12264,.T.);
#12262 = VERTEX_POINT('',#12263);
#12263 = CARTESIAN_POINT('',(25.,-800.,2.305E+03));
#12264 = SURFACE_CURVE('',#12265,(#12269,#12276),.PCURVE_S1.);
#12265 = LINE('',#12266,#12267);
#12266 = CARTESIAN_POINT('',(25.,-830.,2.305E+03));
#12267 = VECTOR('',#12268,1.);
#12268 = DIRECTION('',(-0.,1.,0.));
#12269 = PCURVE('',#11419,#12270);
#12270 = DEFINITIONAL_REPRESENTATION('',(#12271),#12275);
#12271 = LINE('',#12272,#12273);
#12272 = CARTESIAN_POINT('',(50.,0.));
#12273 = VECTOR('',#12274,1.);
#12274 = DIRECTION('',(0.,1.));
#12275 = ( GEOMETRIC_REPRESENTATION_CONTEXT(2) 
PARAMETRIC_REPRESENTATION_CONTEXT() REPRESENTATION_CONTEXT('2D SPACE',''
  ) );
#12276 = PCURVE('',#11501,#12277);
#12277 = DEFINITIONAL_REPRESENTATION('',(#12278),#12282);
#12278 = LINE('',#12279,#12280);
#12279 = CARTESIAN_POINT('',(30.,0.));
#12280 = VECTOR('',#12281,1.);
#12281 = DIRECTION('',(0.,-1.));
#12282 = ( GEOMETRIC_REPRESENTATION_CONTEXT(2) 
PARAMETRIC_REPRESENTATION_CONTEXT() REPRESENTATION_CONTEXT('2D SPACE',''
  ) );
#12283 = ORIENTED_EDGE('',*,*,#12284,.F.);
#12284 = EDGE_CURVE('',#12238,#12262,#12285,.T.);
#12285 = SURFACE_CURVE('',#12286,(#12290,#12297),.PCURVE_S1.);
#12286 = LINE('',#12287,#12288);
#12287 = CARTESIAN_POINT('',(-25.,-800.,2.305E+03));
#12288 = VECTOR('',#12289,1.);
#12289 = DIRECTION('',(1.,0.,-0.));
#12290 = PCURVE('',#11419,#12291);
#12291 = DEFINITIONAL_REPRESENTATION('',(#12292),#12296);
#12292 = LINE('',#12293,#12294);
#12293 = CARTESIAN_POINT('',(0.,30.));
#12294 = VECTOR('',#12295,1.);
#12295 = DIRECTION('',(1.,0.));
#12296 = ( GEOMETRIC_REPRESENTATION_CONTEXT(2) 
PARAMETRIC_REPRESENTATION_CONTEXT() REPRESENTATION_CONTEXT('2D SPACE',''
  ) );
#12297 = PCURVE('',#12298,#12303);
#12298 = PLANE('',#12299);
#12299 = AXIS2_PLACEMENT_3D('',#12300,#12301,#12302);
#12300 = CARTESIAN_POINT('',(-25.,-800.,2.275E+03));
#12301 = DIRECTION('',(-0.,1.,0.));
#12302 = DIRECTION('',(0.,0.,1.));
#12303 = DEFINITIONAL_REPRESENTATION('',(#12304),#12308);
#12304 = LINE('',#12305,#12306);
#12305 = CARTESIAN_POINT('',(30.,0.));
#12306 = VECTOR('',#12307,1.);
#12307 = DIRECTION('',(0.,1.));
#12308 = ( GEOMETRIC_REPRESENTATION_CONTEXT(2) 
PARAMETRIC_REPRESENTATION_CONTEXT() REPRESENTATION_CONTEXT('2D SPACE',''
  ) );
#12309 = ADVANCED_FACE('',(#12310),#11501,.T.);
#12310 = FACE_BOUND('',#12311,.T.);
#12311 = EDGE_LOOP('',(#12312,#12313,#12314,#12337,#12360,#12386,#12412,
    #12438));
#12312 = ORIENTED_EDGE('',*,*,#12261,.F.);
#12313 = ORIENTED_EDGE('',*,*,#11487,.F.);
#12314 = ORIENTED_EDGE('',*,*,#12315,.T.);
#12315 = EDGE_CURVE('',#11460,#12316,#12318,.T.);
#12316 = VERTEX_POINT('',#12317);
#12317 = CARTESIAN_POINT('',(25.,-800.,2.275E+03));
#12318 = SURFACE_CURVE('',#12319,(#12323,#12330),.PCURVE_S1.);
#12319 = LINE('',#12320,#12321);
#12320 = CARTESIAN_POINT('',(25.,-830.,2.275E+03));
#12321 = VECTOR('',#12322,1.);
#12322 = DIRECTION('',(-0.,1.,0.));
#12323 = PCURVE('',#11501,#12324);
#12324 = DEFINITIONAL_REPRESENTATION('',(#12325),#12329);
#12325 = LINE('',#12326,#12327);
#12326 = CARTESIAN_POINT('',(0.,0.));
#12327 = VECTOR('',#12328,1.);
#12328 = DIRECTION('',(0.,-1.));
#12329 = ( GEOMETRIC_REPRESENTATION_CONTEXT(2) 
PARAMETRIC_REPRESENTATION_CONTEXT() REPRESENTATION_CONTEXT('2D SPACE',''
  ) );
#12330 = PCURVE('',#11475,#12331);
#12331 = DEFINITIONAL_REPRESENTATION('',(#12332),#12336);
#12332 = LINE('',#12333,#12334);
#12333 = CARTESIAN_POINT('',(50.,0.));
#12334 = VECTOR('',#12335,1.);
#12335 = DIRECTION('',(0.,1.));
#12336 = ( GEOMETRIC_REPRESENTATION_CONTEXT(2) 
PARAMETRIC_REPRESENTATION_CONTEXT() REPRESENTATION_CONTEXT('2D SPACE',''
  ) );
#12337 = ORIENTED_EDGE('',*,*,#12338,.T.);
#12338 = EDGE_CURVE('',#12316,#12339,#12341,.T.);
#12339 = VERTEX_POINT('',#12340);
#12340 = CARTESIAN_POINT('',(25.,-800.,2.284E+03));
#12341 = SURFACE_CURVE('',#12342,(#12346,#12353),.PCURVE_S1.);
#12342 = LINE('',#12343,#12344);
#12343 = CARTESIAN_POINT('',(25.,-800.,2.275E+03));
#12344 = VECTOR('',#12345,1.);
#12345 = DIRECTION('',(0.,0.,1.));
#12346 = PCURVE('',#11501,#12347);
#12347 = DEFINITIONAL_REPRESENTATION('',(#12348),#12352);
#12348 = LINE('',#12349,#12350);
#12349 = CARTESIAN_POINT('',(0.,-30.));
#12350 = VECTOR('',#12351,1.);
#12351 = DIRECTION('',(1.,0.));
#12352 = ( GEOMETRIC_REPRESENTATION_CONTEXT(2) 
PARAMETRIC_REPRESENTATION_CONTEXT() REPRESENTATION_CONTEXT('2D SPACE',''
  ) );
#12353 = PCURVE('',#12298,#12354);
#12354 = DEFINITIONAL_REPRESENTATION('',(#12355),#12359);
#12355 = LINE('',#12356,#12357);
#12356 = CARTESIAN_POINT('',(0.,50.));
#12357 = VECTOR('',#12358,1.);
#12358 = DIRECTION('',(1.,0.));
#12359 = ( GEOMETRIC_REPRESENTATION_CONTEXT(2) 
PARAMETRIC_REPRESENTATION_CONTEXT() REPRESENTATION_CONTEXT('2D SPACE',''
  ) );
#12360 = ORIENTED_EDGE('',*,*,#12361,.T.);
#12361 = EDGE_CURVE('',#12339,#12362,#12364,.T.);
#12362 = VERTEX_POINT('',#12363);
#12363 = CARTESIAN_POINT('',(25.,-803.,2.284E+03));
#12364 = SURFACE_CURVE('',#12365,(#12369,#12375),.PCURVE_S1.);
#12365 = LINE('',#12366,#12367);
#12366 = CARTESIAN_POINT('',(25.,-816.5,2.284E+03));
#12367 = VECTOR('',#12368,1.);
#12368 = DIRECTION('',(0.,-1.,0.));
#12369 = PCURVE('',#11501,#12370);
#12370 = DEFINITIONAL_REPRESENTATION('',(#12371),#12374);
#12371 = B_SPLINE_CURVE_WITH_KNOTS('',1,(#12372,#12373),.UNSPECIFIED.,
  .F.,.F.,(2,2),(-16.5,-13.5),.PIECEWISE_BEZIER_KNOTS.);
#12372 = CARTESIAN_POINT('',(9.,-30.));
#12373 = CARTESIAN_POINT('',(9.,-27.));
#12374 = ( GEOMETRIC_REPRESENTATION_CONTEXT(2) 
PARAMETRIC_REPRESENTATION_CONTEXT() REPRESENTATION_CONTEXT('2D SPACE',''
  ) );
#12375 = PCURVE('',#12376,#12381);
#12376 = PLANE('',#12377);
#12377 = AXIS2_PLACEMENT_3D('',#12378,#12379,#12380);
#12378 = CARTESIAN_POINT('',(-28.,-803.,2.284E+03));
#12379 = DIRECTION('',(0.,0.,1.));
#12380 = DIRECTION('',(1.,0.,-0.));
#12381 = DEFINITIONAL_REPRESENTATION('',(#12382),#12385);
#12382 = B_SPLINE_CURVE_WITH_KNOTS('',1,(#12383,#12384),.UNSPECIFIED.,
  .F.,.F.,(2,2),(-16.5,-13.5),.PIECEWISE_BEZIER_KNOTS.);
#12383 = CARTESIAN_POINT('',(53.,3.));
#12384 = CARTESIAN_POINT('',(53.,0.));
#12385 = ( GEOMETRIC_REPRESENTATION_CONTEXT(2) 
PARAMETRIC_REPRESENTATION_CONTEXT() REPRESENTATION_CONTEXT('2D SPACE',''
  ) );
#12386 = ORIENTED_EDGE('',*,*,#12387,.T.);
#12387 = EDGE_CURVE('',#12362,#12388,#12390,.T.);
#12388 = VERTEX_POINT('',#12389);
#12389 = CARTESIAN_POINT('',(25.,-803.,2.296E+03));
#12390 = SURFACE_CURVE('',#12391,(#12395,#12401),.PCURVE_S1.);
#12391 = LINE('',#12392,#12393);
#12392 = CARTESIAN_POINT('',(25.,-803.,2.2795E+03));
#12393 = VECTOR('',#12394,1.);
#12394 = DIRECTION('',(0.,0.,1.));
#12395 = PCURVE('',#11501,#12396);
#12396 = DEFINITIONAL_REPRESENTATION('',(#12397),#12400);
#12397 = B_SPLINE_CURVE_WITH_KNOTS('',1,(#12398,#12399),.UNSPECIFIED.,
  .F.,.F.,(2,2),(4.5,16.5),.PIECEWISE_BEZIER_KNOTS.);
#12398 = CARTESIAN_POINT('',(9.,-27.));
#12399 = CARTESIAN_POINT('',(21.,-27.));
#12400 = ( GEOMETRIC_REPRESENTATION_CONTEXT(2) 
PARAMETRIC_REPRESENTATION_CONTEXT() REPRESENTATION_CONTEXT('2D SPACE',''
  ) );
#12401 = PCURVE('',#12402,#12407);
#12402 = PLANE('',#12403);
#12403 = AXIS2_PLACEMENT_3D('',#12404,#12405,#12406);
#12404 = CARTESIAN_POINT('',(-28.,-803.,2.284E+03));
#12405 = DIRECTION('',(-0.,1.,0.));
#12406 = DIRECTION('',(0.,0.,1.));
#12407 = DEFINITIONAL_REPRESENTATION('',(#12408),#12411);
#12408 = B_SPLINE_CURVE_WITH_KNOTS('',1,(#12409,#12410),.UNSPECIFIED.,
  .F.,.F.,(2,2),(4.5,16.5),.PIECEWISE_BEZIER_KNOTS.);
#12409 = CARTESIAN_POINT('',(0.,53.));
#12410 = CARTESIAN_POINT('',(12.,53.));
#12411 = ( GEOMETRIC_REPRESENTATION_CONTEXT(2) 
PARAMETRIC_REPRESENTATION_CONTEXT() REPRESENTATION_CONTEXT('2D SPACE',''
  ) );
#12412 = ORIENTED_EDGE('',*,*,#12413,.F.);
#12413 = EDGE_CURVE('',#12414,#12388,#12416,.T.);
#12414 = VERTEX_POINT('',#12415);
#12415 = CARTESIAN_POINT('',(25.,-800.,2.296E+03));
#12416 = SURFACE_CURVE('',#12417,(#12421,#12427),.PCURVE_S1.);
#12417 = LINE('',#12418,#12419);
#12418 = CARTESIAN_POINT('',(25.,-816.5,2.296E+03));
#12419 = VECTOR('',#12420,1.);
#12420 = DIRECTION('',(0.,-1.,0.));
#12421 = PCURVE('',#11501,#12422);
#12422 = DEFINITIONAL_REPRESENTATION('',(#12423),#12426);
#12423 = B_SPLINE_CURVE_WITH_KNOTS('',1,(#12424,#12425),.UNSPECIFIED.,
  .F.,.F.,(2,2),(-16.5,-13.5),.PIECEWISE_BEZIER_KNOTS.);
#12424 = CARTESIAN_POINT('',(21.,-30.));
#12425 = CARTESIAN_POINT('',(21.,-27.));
#12426 = ( GEOMETRIC_REPRESENTATION_CONTEXT(2) 
PARAMETRIC_REPRESENTATION_CONTEXT() REPRESENTATION_CONTEXT('2D SPACE',''
  ) );
#12427 = PCURVE('',#12428,#12433);
#12428 = PLANE('',#12429);
#12429 = AXIS2_PLACEMENT_3D('',#12430,#12431,#12432);
#12430 = CARTESIAN_POINT('',(-28.,-803.,2.296E+03));
#12431 = DIRECTION('',(0.,0.,1.));
#12432 = DIRECTION('',(1.,0.,-0.));
#12433 = DEFINITIONAL_REPRESENTATION('',(#12434),#12437);
#12434 = B_SPLINE_CURVE_WITH_KNOTS('',1,(#12435,#12436),.UNSPECIFIED.,
  .F.,.F.,(2,2),(-16.5,-13.5),.PIECEWISE_BEZIER_KNOTS.);
#12435 = CARTESIAN_POINT('',(53.,3.));
#12436 = CARTESIAN_POINT('',(53.,0.));
#12437 = ( GEOMETRIC_REPRESENTATION_CONTEXT(2) 
PARAMETRIC_REPRESENTATION_CONTEXT() REPRESENTATION_CONTEXT('2D SPACE',''
  ) );
#12438 = ORIENTED_EDGE('',*,*,#12439,.T.);
#12439 = EDGE_CURVE('',#12414,#12262,#12440,.T.);
#12440 = SURFACE_CURVE('',#12441,(#12445,#12452),.PCURVE_S1.);
#12441 = LINE('',#12442,#12443);
#12442 = CARTESIAN_POINT('',(25.,-800.,2.275E+03));
#12443 = VECTOR('',#12444,1.);
#12444 = DIRECTION('',(0.,0.,1.));
#12445 = PCURVE('',#11501,#12446);
#12446 = DEFINITIONAL_REPRESENTATION('',(#12447),#12451);
#12447 = LINE('',#12448,#12449);
#12448 = CARTESIAN_POINT('',(0.,-30.));
#12449 = VECTOR('',#12450,1.);
#12450 = DIRECTION('',(1.,0.));
#12451 = ( GEOMETRIC_REPRESENTATION_CONTEXT(2) 
PARAMETRIC_REPRESENTATION_CONTEXT() REPRESENTATION_CONTEXT('2D SPACE',''
  ) );
#12452 = PCURVE('',#12298,#12453);
#12453 = DEFINITIONAL_REPRESENTATION('',(#12454),#12458);
#12454 = LINE('',#12455,#12456);
#12455 = CARTESIAN_POINT('',(0.,50.));
#12456 = VECTOR('',#12457,1.);
#12457 = DIRECTION('',(1.,0.));
#12458 = ( GEOMETRIC_REPRESENTATION_CONTEXT(2) 
PARAMETRIC_REPRESENTATION_CONTEXT() REPRESENTATION_CONTEXT('2D SPACE',''
  ) );
#12459 = ADVANCED_FACE('',(#12460),#11475,.F.);
#12460 = FACE_BOUND('',#12461,.F.);
#12461 = EDGE_LOOP('',(#12462,#12485,#12486,#12487));
#12462 = ORIENTED_EDGE('',*,*,#12463,.F.);
#12463 = EDGE_CURVE('',#11432,#12464,#12466,.T.);
#12464 = VERTEX_POINT('',#12465);
#12465 = CARTESIAN_POINT('',(-25.,-800.,2.275E+03));
#12466 = SURFACE_CURVE('',#12467,(#12471,#12478),.PCURVE_S1.);
#12467 = LINE('',#12468,#12469);
#12468 = CARTESIAN_POINT('',(-25.,-830.,2.275E+03));
#12469 = VECTOR('',#12470,1.);
#12470 = DIRECTION('',(-0.,1.,0.));
#12471 = PCURVE('',#11475,#12472);
#12472 = DEFINITIONAL_REPRESENTATION('',(#12473),#12477);
#12473 = LINE('',#12474,#12475);
#12474 = CARTESIAN_POINT('',(0.,0.));
#12475 = VECTOR('',#12476,1.);
#12476 = DIRECTION('',(0.,1.));
#12477 = ( GEOMETRIC_REPRESENTATION_CONTEXT(2) 
PARAMETRIC_REPRESENTATION_CONTEXT() REPRESENTATION_CONTEXT('2D SPACE',''
  ) );
#12478 = PCURVE('',#11447,#12479);
#12479 = DEFINITIONAL_REPRESENTATION('',(#12480),#12484);
#12480 = LINE('',#12481,#12482);
#12481 = CARTESIAN_POINT('',(0.,0.));
#12482 = VECTOR('',#12483,1.);
#12483 = DIRECTION('',(0.,-1.));
#12484 = ( GEOMETRIC_REPRESENTATION_CONTEXT(2) 
PARAMETRIC_REPRESENTATION_CONTEXT() REPRESENTATION_CONTEXT('2D SPACE',''
  ) );
#12485 = ORIENTED_EDGE('',*,*,#11459,.T.);
#12486 = ORIENTED_EDGE('',*,*,#12315,.T.);
#12487 = ORIENTED_EDGE('',*,*,#12488,.F.);
#12488 = EDGE_CURVE('',#12464,#12316,#12489,.T.);
#12489 = SURFACE_CURVE('',#12490,(#12494,#12501),.PCURVE_S1.);
#12490 = LINE('',#12491,#12492);
#12491 = CARTESIAN_POINT('',(-25.,-800.,2.275E+03));
#12492 = VECTOR('',#12493,1.);
#12493 = DIRECTION('',(1.,0.,-0.));
#12494 = PCURVE('',#11475,#12495);
#12495 = DEFINITIONAL_REPRESENTATION('',(#12496),#12500);
#12496 = LINE('',#12497,#12498);
#12497 = CARTESIAN_POINT('',(0.,30.));
#12498 = VECTOR('',#12499,1.);
#12499 = DIRECTION('',(1.,0.));
#12500 = ( GEOMETRIC_REPRESENTATION_CONTEXT(2) 
PARAMETRIC_REPRESENTATION_CONTEXT() REPRESENTATION_CONTEXT('2D SPACE',''
  ) );
#12501 = PCURVE('',#12298,#12502);
#12502 = DEFINITIONAL_REPRESENTATION('',(#12503),#12507);
#12503 = LINE('',#12504,#12505);
#12504 = CARTESIAN_POINT('',(0.,0.));
#12505 = VECTOR('',#12506,1.);
#12506 = DIRECTION('',(0.,1.));
#12507 = ( GEOMETRIC_REPRESENTATION_CONTEXT(2) 
PARAMETRIC_REPRESENTATION_CONTEXT() REPRESENTATION_CONTEXT('2D SPACE',''
  ) );
#12508 = ADVANCED_FACE('',(#12509),#11447,.F.);
#12509 = FACE_BOUND('',#12510,.F.);
#12510 = EDGE_LOOP('',(#12511,#12512,#12513,#12514,#12537,#12558,#12584,
    #12605));
#12511 = ORIENTED_EDGE('',*,*,#12237,.F.);
#12512 = ORIENTED_EDGE('',*,*,#11431,.F.);
#12513 = ORIENTED_EDGE('',*,*,#12463,.T.);
#12514 = ORIENTED_EDGE('',*,*,#12515,.T.);
#12515 = EDGE_CURVE('',#12464,#12516,#12518,.T.);
#12516 = VERTEX_POINT('',#12517);
#12517 = CARTESIAN_POINT('',(-25.,-800.,2.284E+03));
#12518 = SURFACE_CURVE('',#12519,(#12523,#12530),.PCURVE_S1.);
#12519 = LINE('',#12520,#12521);
#12520 = CARTESIAN_POINT('',(-25.,-800.,2.275E+03));
#12521 = VECTOR('',#12522,1.);
#12522 = DIRECTION('',(0.,0.,1.));
#12523 = PCURVE('',#11447,#12524);
#12524 = DEFINITIONAL_REPRESENTATION('',(#12525),#12529);
#12525 = LINE('',#12526,#12527);
#12526 = CARTESIAN_POINT('',(0.,-30.));
#12527 = VECTOR('',#12528,1.);
#12528 = DIRECTION('',(1.,0.));
#12529 = ( GEOMETRIC_REPRESENTATION_CONTEXT(2) 
PARAMETRIC_REPRESENTATION_CONTEXT() REPRESENTATION_CONTEXT('2D SPACE',''
  ) );
#12530 = PCURVE('',#12298,#12531);
#12531 = DEFINITIONAL_REPRESENTATION('',(#12532),#12536);
#12532 = LINE('',#12533,#12534);
#12533 = CARTESIAN_POINT('',(0.,0.));
#12534 = VECTOR('',#12535,1.);
#12535 = DIRECTION('',(1.,0.));
#12536 = ( GEOMETRIC_REPRESENTATION_CONTEXT(2) 
PARAMETRIC_REPRESENTATION_CONTEXT() REPRESENTATION_CONTEXT('2D SPACE',''
  ) );
#12537 = ORIENTED_EDGE('',*,*,#12538,.T.);
#12538 = EDGE_CURVE('',#12516,#12539,#12541,.T.);
#12539 = VERTEX_POINT('',#12540);
#12540 = CARTESIAN_POINT('',(-25.,-803.,2.284E+03));
#12541 = SURFACE_CURVE('',#12542,(#12546,#12552),.PCURVE_S1.);
#12542 = LINE('',#12543,#12544);
#12543 = CARTESIAN_POINT('',(-25.,-816.5,2.284E+03));
#12544 = VECTOR('',#12545,1.);
#12545 = DIRECTION('',(0.,-1.,0.));
#12546 = PCURVE('',#11447,#12547);
#12547 = DEFINITIONAL_REPRESENTATION('',(#12548),#12551);
#12548 = B_SPLINE_CURVE_WITH_KNOTS('',1,(#12549,#12550),.UNSPECIFIED.,
  .F.,.F.,(2,2),(-16.5,-13.5),.PIECEWISE_BEZIER_KNOTS.);
#12549 = CARTESIAN_POINT('',(9.,-30.));
#12550 = CARTESIAN_POINT('',(9.,-27.));
#12551 = ( GEOMETRIC_REPRESENTATION_CONTEXT(2) 
PARAMETRIC_REPRESENTATION_CONTEXT() REPRESENTATION_CONTEXT('2D SPACE',''
  ) );
#12552 = PCURVE('',#12376,#12553);
#12553 = DEFINITIONAL_REPRESENTATION('',(#12554),#12557);
#12554 = B_SPLINE_CURVE_WITH_KNOTS('',1,(#12555,#12556),.UNSPECIFIED.,
  .F.,.F.,(2,2),(-16.5,-13.5),.PIECEWISE_BEZIER_KNOTS.);
#12555 = CARTESIAN_POINT('',(3.,3.));
#12556 = CARTESIAN_POINT('',(3.,0.));
#12557 = ( GEOMETRIC_REPRESENTATION_CONTEXT(2) 
PARAMETRIC_REPRESENTATION_CONTEXT() REPRESENTATION_CONTEXT('2D SPACE',''
  ) );
#12558 = ORIENTED_EDGE('',*,*,#12559,.T.);
#12559 = EDGE_CURVE('',#12539,#12560,#12562,.T.);
#12560 = VERTEX_POINT('',#12561);
#12561 = CARTESIAN_POINT('',(-25.,-803.,2.296E+03));
#12562 = SURFACE_CURVE('',#12563,(#12567,#12573),.PCURVE_S1.);
#12563 = LINE('',#12564,#12565);
#12564 = CARTESIAN_POINT('',(-25.,-803.,2.2795E+03));
#12565 = VECTOR('',#12566,1.);
#12566 = DIRECTION('',(0.,0.,1.));
#12567 = PCURVE('',#11447,#12568);
#12568 = DEFINITIONAL_REPRESENTATION('',(#12569),#12572);
#12569 = B_SPLINE_CURVE_WITH_KNOTS('',1,(#12570,#12571),.UNSPECIFIED.,
  .F.,.F.,(2,2),(4.5,16.5),.PIECEWISE_BEZIER_KNOTS.);
#12570 = CARTESIAN_POINT('',(9.,-27.));
#12571 = CARTESIAN_POINT('',(21.,-27.));
#12572 = ( GEOMETRIC_REPRESENTATION_CONTEXT(2) 
PARAMETRIC_REPRESENTATION_CONTEXT() REPRESENTATION_CONTEXT('2D SPACE',''
  ) );
#12573 = PCURVE('',#12574,#12579);
#12574 = PLANE('',#12575);
#12575 = AXIS2_PLACEMENT_3D('',#12576,#12577,#12578);
#12576 = CARTESIAN_POINT('',(-28.,-803.,2.284E+03));
#12577 = DIRECTION('',(-0.,1.,0.));
#12578 = DIRECTION('',(0.,0.,1.));
#12579 = DEFINITIONAL_REPRESENTATION('',(#12580),#12583);
#12580 = B_SPLINE_CURVE_WITH_KNOTS('',1,(#12581,#12582),.UNSPECIFIED.,
  .F.,.F.,(2,2),(4.5,16.5),.PIECEWISE_BEZIER_KNOTS.);
#12581 = CARTESIAN_POINT('',(0.,3.));
#12582 = CARTESIAN_POINT('',(12.,3.));
#12583 = ( GEOMETRIC_REPRESENTATION_CONTEXT(2) 
PARAMETRIC_REPRESENTATION_CONTEXT() REPRESENTATION_CONTEXT('2D SPACE',''
  ) );
#12584 = ORIENTED_EDGE('',*,*,#12585,.F.);
#12585 = EDGE_CURVE('',#12586,#12560,#12588,.T.);
#12586 = VERTEX_POINT('',#12587);
#12587 = CARTESIAN_POINT('',(-25.,-800.,2.296E+03));
#12588 = SURFACE_CURVE('',#12589,(#12593,#12599),.PCURVE_S1.);
#12589 = LINE('',#12590,#12591);
#12590 = CARTESIAN_POINT('',(-25.,-816.5,2.296E+03));
#12591 = VECTOR('',#12592,1.);
#12592 = DIRECTION('',(0.,-1.,0.));
#12593 = PCURVE('',#11447,#12594);
#12594 = DEFINITIONAL_REPRESENTATION('',(#12595),#12598);
#12595 = B_SPLINE_CURVE_WITH_KNOTS('',1,(#12596,#12597),.UNSPECIFIED.,
  .F.,.F.,(2,2),(-16.5,-13.5),.PIECEWISE_BEZIER_KNOTS.);
#12596 = CARTESIAN_POINT('',(21.,-30.));
#12597 = CARTESIAN_POINT('',(21.,-27.));
#12598 = ( GEOMETRIC_REPRESENTATION_CONTEXT(2) 
PARAMETRIC_REPRESENTATION_CONTEXT() REPRESENTATION_CONTEXT('2D SPACE',''
  ) );
#12599 = PCURVE('',#12428,#12600);
#12600 = DEFINITIONAL_REPRESENTATION('',(#12601),#12604);
#12601 = B_SPLINE_CURVE_WITH_KNOTS('',1,(#12602,#12603),.UNSPECIFIED.,
  .F.,.F.,(2,2),(-16.5,-13.5),.PIECEWISE_BEZIER_KNOTS.);
#12602 = CARTESIAN_POINT('',(3.,3.));
#12603 = CARTESIAN_POINT('',(3.,0.));
#12604 = ( GEOMETRIC_REPRESENTATION_CONTEXT(2) 
PARAMETRIC_REPRESENTATION_CONTEXT() REPRESENTATION_CONTEXT('2D SPACE',''
  ) );
#12605 = ORIENTED_EDGE('',*,*,#12606,.T.);
#12606 = EDGE_CURVE('',#12586,#12238,#12607,.T.);
#12607 = SURFACE_CURVE('',#12608,(#12612,#12619),.PCURVE_S1.);
#12608 = LINE('',#12609,#12610);
#12609 = CARTESIAN_POINT('',(-25.,-800.,2.275E+03));
#12610 = VECTOR('',#12611,1.);
#12611 = DIRECTION('',(0.,0.,1.));
#12612 = PCURVE('',#11447,#12613);
#12613 = DEFINITIONAL_REPRESENTATION('',(#12614),#12618);
#12614 = LINE('',#12615,#12616);
#12615 = CARTESIAN_POINT('',(0.,-30.));
#12616 = VECTOR('',#12617,1.);
#12617 = DIRECTION('',(1.,0.));
#12618 = ( GEOMETRIC_REPRESENTATION_CONTEXT(2) 
PARAMETRIC_REPRESENTATION_CONTEXT() REPRESENTATION_CONTEXT('2D SPACE',''
  ) );
#12619 = PCURVE('',#12298,#12620);
#12620 = DEFINITIONAL_REPRESENTATION('',(#12621),#12625);
#12621 = LINE('',#12622,#12623);
#12622 = CARTESIAN_POINT('',(0.,0.));
#12623 = VECTOR('',#12624,1.);
#12624 = DIRECTION('',(1.,0.));
#12625 = ( GEOMETRIC_REPRESENTATION_CONTEXT(2) 
PARAMETRIC_REPRESENTATION_CONTEXT() REPRESENTATION_CONTEXT('2D SPACE',''
  ) );
#12626 = ADVANCED_FACE('',(#12627),#11589,.F.);
#12627 = FACE_BOUND('',#12628,.F.);
#12628 = EDGE_LOOP('',(#12629,#12630,#12631,#12632));
#12629 = ORIENTED_EDGE('',*,*,#11698,.F.);
#12630 = ORIENTED_EDGE('',*,*,#11817,.T.);
#12631 = ORIENTED_EDGE('',*,*,#11573,.T.);
#12632 = ORIENTED_EDGE('',*,*,#11626,.F.);
#12633 = ADVANCED_FACE('',(#12634),#11740,.T.);
#12634 = FACE_BOUND('',#12635,.T.);
#12635 = EDGE_LOOP('',(#12636,#12637,#12660,#12687));
#12636 = ORIENTED_EDGE('',*,*,#11723,.F.);
#12637 = ORIENTED_EDGE('',*,*,#12638,.F.);
#12638 = EDGE_CURVE('',#12639,#11724,#12641,.T.);
#12639 = VERTEX_POINT('',#12640);
#12640 = CARTESIAN_POINT('',(-44.,-878.,2.044E+03));
#12641 = SEAM_CURVE('',#12642,(#12646,#12653),.PCURVE_S1.);
#12642 = LINE('',#12643,#12644);
#12643 = CARTESIAN_POINT('',(-44.,-878.,2.044E+03));
#12644 = VECTOR('',#12645,1.);
#12645 = DIRECTION('',(0.,0.,1.));
#12646 = PCURVE('',#11740,#12647);
#12647 = DEFINITIONAL_REPRESENTATION('',(#12648),#12652);
#12648 = LINE('',#12649,#12650);
#12649 = CARTESIAN_POINT('',(6.28318530718,-0.));
#12650 = VECTOR('',#12651,1.);
#12651 = DIRECTION('',(0.,1.));
#12652 = ( GEOMETRIC_REPRESENTATION_CONTEXT(2) 
PARAMETRIC_REPRESENTATION_CONTEXT() REPRESENTATION_CONTEXT('2D SPACE',''
  ) );
#12653 = PCURVE('',#11740,#12654);
#12654 = DEFINITIONAL_REPRESENTATION('',(#12655),#12659);
#12655 = LINE('',#12656,#12657);
#12656 = CARTESIAN_POINT('',(0.,-0.));
#12657 = VECTOR('',#12658,1.);
#12658 = DIRECTION('',(0.,1.));
#12659 = ( GEOMETRIC_REPRESENTATION_CONTEXT(2) 
PARAMETRIC_REPRESENTATION_CONTEXT() REPRESENTATION_CONTEXT('2D SPACE',''
  ) );
#12660 = ORIENTED_EDGE('',*,*,#12661,.T.);
#12661 = EDGE_CURVE('',#12639,#12639,#12662,.T.);
#12662 = SURFACE_CURVE('',#12663,(#12668,#12675),.PCURVE_S1.);
#12663 = CIRCLE('',#12664,8.);
#12664 = AXIS2_PLACEMENT_3D('',#12665,#12666,#12667);
#12665 = CARTESIAN_POINT('',(-52.,-878.,2.044E+03));
#12666 = DIRECTION('',(0.,0.,1.));
#12667 = DIRECTION('',(1.,0.,-0.));
#12668 = PCURVE('',#11740,#12669);
#12669 = DEFINITIONAL_REPRESENTATION('',(#12670),#12674);
#12670 = LINE('',#12671,#12672);
#12671 = CARTESIAN_POINT('',(0.,0.));
#12672 = VECTOR('',#12673,1.);
#12673 = DIRECTION('',(1.,0.));
#12674 = ( GEOMETRIC_REPRESENTATION_CONTEXT(2) 
PARAMETRIC_REPRESENTATION_CONTEXT() REPRESENTATION_CONTEXT('2D SPACE',''
  ) );
#12675 = PCURVE('',#12676,#12681);
#12676 = PLANE('',#12677);
#12677 = AXIS2_PLACEMENT_3D('',#12678,#12679,#12680);
#12678 = CARTESIAN_POINT('',(-52.,-878.,2.044E+03));
#12679 = DIRECTION('',(0.,0.,1.));
#12680 = DIRECTION('',(1.,0.,-0.));
#12681 = DEFINITIONAL_REPRESENTATION('',(#12682),#12686);
#12682 = CIRCLE('',#12683,8.);
#12683 = AXIS2_PLACEMENT_2D('',#12684,#12685);
#12684 = CARTESIAN_POINT('',(0.,0.));
#12685 = DIRECTION('',(1.,0.));
#12686 = ( GEOMETRIC_REPRESENTATION_CONTEXT(2) 
PARAMETRIC_REPRESENTATION_CONTEXT() REPRESENTATION_CONTEXT('2D SPACE',''
  ) );
#12687 = ORIENTED_EDGE('',*,*,#12638,.T.);
#12688 = ADVANCED_FACE('',(#12689),#11771,.T.);
#12689 = FACE_BOUND('',#12690,.T.);
#12690 = EDGE_LOOP('',(#12691,#12692,#12715,#12742));
#12691 = ORIENTED_EDGE('',*,*,#11754,.F.);
#12692 = ORIENTED_EDGE('',*,*,#12693,.F.);
#12693 = EDGE_CURVE('',#12694,#11755,#12696,.T.);
#12694 = VERTEX_POINT('',#12695);
#12695 = CARTESIAN_POINT('',(-14.,-878.,2.044E+03));
#12696 = SEAM_CURVE('',#12697,(#12701,#12708),.PCURVE_S1.);
#12697 = LINE('',#12698,#12699);
#12698 = CARTESIAN_POINT('',(-14.,-878.,2.044E+03));
#12699 = VECTOR('',#12700,1.);
#12700 = DIRECTION('',(0.,0.,1.));
#12701 = PCURVE('',#11771,#12702);
#12702 = DEFINITIONAL_REPRESENTATION('',(#12703),#12707);
#12703 = LINE('',#12704,#12705);
#12704 = CARTESIAN_POINT('',(6.28318530718,-0.));
#12705 = VECTOR('',#12706,1.);
#12706 = DIRECTION('',(0.,1.));
#12707 = ( GEOMETRIC_REPRESENTATION_CONTEXT(2) 
PARAMETRIC_REPRESENTATION_CONTEXT() REPRESENTATION_CONTEXT('2D SPACE',''
  ) );
#12708 = PCURVE('',#11771,#12709);
#12709 = DEFINITIONAL_REPRESENTATION('',(#12710),#12714);
#12710 = LINE('',#12711,#12712);
#12711 = CARTESIAN_POINT('',(0.,-0.));
#12712 = VECTOR('',#12713,1.);
#12713 = DIRECTION('',(0.,1.));
#12714 = ( GEOMETRIC_REPRESENTATION_CONTEXT(2) 
PARAMETRIC_REPRESENTATION_CONTEXT() REPRESENTATION_CONTEXT('2D SPACE',''
  ) );
#12715 = ORIENTED_EDGE('',*,*,#12716,.T.);
#12716 = EDGE_CURVE('',#12694,#12694,#12717,.T.);
#12717 = SURFACE_CURVE('',#12718,(#12723,#12730),.PCURVE_S1.);
#12718 = CIRCLE('',#12719,8.);
#12719 = AXIS2_PLACEMENT_3D('',#12720,#12721,#12722);
#12720 = CARTESIAN_POINT('',(-22.,-878.,2.044E+03));
#12721 = DIRECTION('',(0.,0.,1.));
#12722 = DIRECTION('',(1.,0.,-0.));
#12723 = PCURVE('',#11771,#12724);
#12724 = DEFINITIONAL_REPRESENTATION('',(#12725),#12729);
#12725 = LINE('',#12726,#12727);
#12726 = CARTESIAN_POINT('',(0.,0.));
#12727 = VECTOR('',#12728,1.);
#12728 = DIRECTION('',(1.,0.));
#12729 = ( GEOMETRIC_REPRESENTATION_CONTEXT(2) 
PARAMETRIC_REPRESENTATION_CONTEXT() REPRESENTATION_CONTEXT('2D SPACE',''
  ) );
#12730 = PCURVE('',#12731,#12736);
#12731 = PLANE('',#12732);
#12732 = AXIS2_PLACEMENT_3D('',#12733,#12734,#12735);
#12733 = CARTESIAN_POINT('',(-22.,-878.,2.044E+03));
#12734 = DIRECTION('',(0.,0.,1.));
#12735 = DIRECTION('',(1.,0.,-0.));
#12736 = DEFINITIONAL_REPRESENTATION('',(#12737),#12741);
#12737 = CIRCLE('',#12738,8.);
#12738 = AXIS2_PLACEMENT_2D('',#12739,#12740);
#12739 = CARTESIAN_POINT('',(0.,0.));
#12740 = DIRECTION('',(1.,0.));
#12741 = ( GEOMETRIC_REPRESENTATION_CONTEXT(2) 
PARAMETRIC_REPRESENTATION_CONTEXT() REPRESENTATION_CONTEXT('2D SPACE',''
  ) );
#12742 = ORIENTED_EDGE('',*,*,#12693,.T.);
#12743 = ADVANCED_FACE('',(#12744),#11802,.T.);
#12744 = FACE_BOUND('',#12745,.T.);
#12745 = EDGE_LOOP('',(#12746,#12747,#12770,#12797));
#12746 = ORIENTED_EDGE('',*,*,#11785,.F.);
#12747 = ORIENTED_EDGE('',*,*,#12748,.F.);
#12748 = EDGE_CURVE('',#12749,#11786,#12751,.T.);
#12749 = VERTEX_POINT('',#12750);
#12750 = CARTESIAN_POINT('',(63.,-878.,1.87E+03));
#12751 = SEAM_CURVE('',#12752,(#12756,#12763),.PCURVE_S1.);
#12752 = LINE('',#12753,#12754);
#12753 = CARTESIAN_POINT('',(63.,-878.,1.87E+03));
#12754 = VECTOR('',#12755,1.);
#12755 = DIRECTION('',(0.,0.,1.));
#12756 = PCURVE('',#11802,#12757);
#12757 = DEFINITIONAL_REPRESENTATION('',(#12758),#12762);
#12758 = LINE('',#12759,#12760);
#12759 = CARTESIAN_POINT('',(6.28318530718,-0.));
#12760 = VECTOR('',#12761,1.);
#12761 = DIRECTION('',(0.,1.));
#12762 = ( GEOMETRIC_REPRESENTATION_CONTEXT(2) 
PARAMETRIC_REPRESENTATION_CONTEXT() REPRESENTATION_CONTEXT('2D SPACE',''
  ) );
#12763 = PCURVE('',#11802,#12764);
#12764 = DEFINITIONAL_REPRESENTATION('',(#12765),#12769);
#12765 = LINE('',#12766,#12767);
#12766 = CARTESIAN_POINT('',(0.,-0.));
#12767 = VECTOR('',#12768,1.);
#12768 = DIRECTION('',(0.,1.));
#12769 = ( GEOMETRIC_REPRESENTATION_CONTEXT(2) 
PARAMETRIC_REPRESENTATION_CONTEXT() REPRESENTATION_CONTEXT('2D SPACE',''
  ) );
#12770 = ORIENTED_EDGE('',*,*,#12771,.T.);
#12771 = EDGE_CURVE('',#12749,#12749,#12772,.T.);
#12772 = SURFACE_CURVE('',#12773,(#12778,#12785),.PCURVE_S1.);
#12773 = CIRCLE('',#12774,5.);
#12774 = AXIS2_PLACEMENT_3D('',#12775,#12776,#12777);
#12775 = CARTESIAN_POINT('',(58.,-878.,1.87E+03));
#12776 = DIRECTION('',(0.,0.,1.));
#12777 = DIRECTION('',(1.,0.,-0.));
#12778 = PCURVE('',#11802,#12779);
#12779 = DEFINITIONAL_REPRESENTATION('',(#12780),#12784);
#12780 = LINE('',#12781,#12782);
#12781 = CARTESIAN_POINT('',(0.,0.));
#12782 = VECTOR('',#12783,1.);
#12783 = DIRECTION('',(1.,0.));
#12784 = ( GEOMETRIC_REPRESENTATION_CONTEXT(2) 
PARAMETRIC_REPRESENTATION_CONTEXT() REPRESENTATION_CONTEXT('2D SPACE',''
  ) );
#12785 = PCURVE('',#12786,#12791);
#12786 = PLANE('',#12787);
#12787 = AXIS2_PLACEMENT_3D('',#12788,#12789,#12790);
#12788 = CARTESIAN_POINT('',(58.,-878.,1.87E+03));
#12789 = DIRECTION('',(0.,0.,1.));
#12790 = DIRECTION('',(1.,0.,-0.));
#12791 = DEFINITIONAL_REPRESENTATION('',(#12792),#12796);
#12792 = CIRCLE('',#12793,5.);
#12793 = AXIS2_PLACEMENT_2D('',#12794,#12795);
#12794 = CARTESIAN_POINT('',(0.,0.));
#12795 = DIRECTION('',(1.,0.));
#12796 = ( GEOMETRIC_REPRESENTATION_CONTEXT(2) 
PARAMETRIC_REPRESENTATION_CONTEXT() REPRESENTATION_CONTEXT('2D SPACE',''
  ) );
#12797 = ORIENTED_EDGE('',*,*,#12748,.T.);
#12798 = ADVANCED_FACE('',(#12799),#11905,.T.);
#12799 = FACE_BOUND('',#12800,.T.);
#12800 = EDGE_LOOP('',(#12801,#12802,#12828,#12829,#12830,#12831,#12857,
    #12858));
#12801 = ORIENTED_EDGE('',*,*,#12046,.F.);
#12802 = ORIENTED_EDGE('',*,*,#12803,.F.);
#12803 = EDGE_CURVE('',#11946,#12021,#12804,.T.);
#12804 = SURFACE_CURVE('',#12805,(#12809,#12816),.PCURVE_S1.);
#12805 = LINE('',#12806,#12807);
#12806 = CARTESIAN_POINT('',(25.,-800.,2.033E+03));
#12807 = VECTOR('',#12808,1.);
#12808 = DIRECTION('',(0.,0.,1.));
#12809 = PCURVE('',#11905,#12810);
#12810 = DEFINITIONAL_REPRESENTATION('',(#12811),#12815);
#12811 = LINE('',#12812,#12813);
#12812 = CARTESIAN_POINT('',(8.,50.));
#12813 = VECTOR('',#12814,1.);
#12814 = DIRECTION('',(1.,0.));
#12815 = ( GEOMETRIC_REPRESENTATION_CONTEXT(2) 
PARAMETRIC_REPRESENTATION_CONTEXT() REPRESENTATION_CONTEXT('2D SPACE',''
  ) );
#12816 = PCURVE('',#12817,#12822);
#12817 = PLANE('',#12818);
#12818 = AXIS2_PLACEMENT_3D('',#12819,#12820,#12821);
#12819 = CARTESIAN_POINT('',(25.,-800.,2.033E+03));
#12820 = DIRECTION('',(1.,0.,-0.));
#12821 = DIRECTION('',(0.,0.,1.));
#12822 = DEFINITIONAL_REPRESENTATION('',(#12823),#12827);
#12823 = LINE('',#12824,#12825);
#12824 = CARTESIAN_POINT('',(0.,0.));
#12825 = VECTOR('',#12826,1.);
#12826 = DIRECTION('',(1.,0.));
#12827 = ( GEOMETRIC_REPRESENTATION_CONTEXT(2) 
PARAMETRIC_REPRESENTATION_CONTEXT() REPRESENTATION_CONTEXT('2D SPACE',''
  ) );
#12828 = ORIENTED_EDGE('',*,*,#11945,.F.);
#12829 = ORIENTED_EDGE('',*,*,#12095,.F.);
#12830 = ORIENTED_EDGE('',*,*,#12122,.T.);
#12831 = ORIENTED_EDGE('',*,*,#12832,.T.);
#12832 = EDGE_CURVE('',#12123,#12193,#12833,.T.);
#12833 = SURFACE_CURVE('',#12834,(#12838,#12845),.PCURVE_S1.);
#12834 = LINE('',#12835,#12836);
#12835 = CARTESIAN_POINT('',(-25.,-800.,2.033E+03));
#12836 = VECTOR('',#12837,1.);
#12837 = DIRECTION('',(0.,0.,1.));
#12838 = PCURVE('',#11905,#12839);
#12839 = DEFINITIONAL_REPRESENTATION('',(#12840),#12844);
#12840 = LINE('',#12841,#12842);
#12841 = CARTESIAN_POINT('',(8.,0.));
#12842 = VECTOR('',#12843,1.);
#12843 = DIRECTION('',(1.,0.));
#12844 = ( GEOMETRIC_REPRESENTATION_CONTEXT(2) 
PARAMETRIC_REPRESENTATION_CONTEXT() REPRESENTATION_CONTEXT('2D SPACE',''
  ) );
#12845 = PCURVE('',#12846,#12851);
#12846 = PLANE('',#12847);
#12847 = AXIS2_PLACEMENT_3D('',#12848,#12849,#12850);
#12848 = CARTESIAN_POINT('',(-25.,-800.,2.033E+03));
#12849 = DIRECTION('',(1.,0.,-0.));
#12850 = DIRECTION('',(0.,0.,1.));
#12851 = DEFINITIONAL_REPRESENTATION('',(#12852),#12856);
#12852 = LINE('',#12853,#12854);
#12853 = CARTESIAN_POINT('',(0.,0.));
#12854 = VECTOR('',#12855,1.);
#12855 = DIRECTION('',(1.,0.));
#12856 = ( GEOMETRIC_REPRESENTATION_CONTEXT(2) 
PARAMETRIC_REPRESENTATION_CONTEXT() REPRESENTATION_CONTEXT('2D SPACE',''
  ) );
#12857 = ORIENTED_EDGE('',*,*,#12213,.T.);
#12858 = ORIENTED_EDGE('',*,*,#11891,.T.);
#12859 = ADVANCED_FACE('',(#12860),#12035,.T.);
#12860 = FACE_BOUND('',#12861,.T.);
#12861 = EDGE_LOOP('',(#12862,#12892,#12920,#12941,#12942,#12963,#12989,
    #13008,#13009,#13032));
#12862 = ORIENTED_EDGE('',*,*,#12863,.F.);
#12863 = EDGE_CURVE('',#12864,#12866,#12868,.T.);
#12864 = VERTEX_POINT('',#12865);
#12865 = CARTESIAN_POINT('',(-28.,-747.,2.046E+03));
#12866 = VERTEX_POINT('',#12867);
#12867 = CARTESIAN_POINT('',(28.,-747.,2.046E+03));
#12868 = SURFACE_CURVE('',#12869,(#12873,#12880),.PCURVE_S1.);
#12869 = LINE('',#12870,#12871);
#12870 = CARTESIAN_POINT('',(-28.,-747.,2.046E+03));
#12871 = VECTOR('',#12872,1.);
#12872 = DIRECTION('',(1.,0.,-0.));
#12873 = PCURVE('',#12035,#12874);
#12874 = DEFINITIONAL_REPRESENTATION('',(#12875),#12879);
#12875 = LINE('',#12876,#12877);
#12876 = CARTESIAN_POINT('',(0.,56.));
#12877 = VECTOR('',#12878,1.);
#12878 = DIRECTION('',(1.,0.));
#12879 = ( GEOMETRIC_REPRESENTATION_CONTEXT(2) 
PARAMETRIC_REPRESENTATION_CONTEXT() REPRESENTATION_CONTEXT('2D SPACE',''
  ) );
#12880 = PCURVE('',#12881,#12886);
#12881 = PLANE('',#12882);
#12882 = AXIS2_PLACEMENT_3D('',#12883,#12884,#12885);
#12883 = CARTESIAN_POINT('',(-28.,-747.,2.034E+03));
#12884 = DIRECTION('',(-0.,1.,0.));
#12885 = DIRECTION('',(0.,0.,1.));
#12886 = DEFINITIONAL_REPRESENTATION('',(#12887),#12891);
#12887 = LINE('',#12888,#12889);
#12888 = CARTESIAN_POINT('',(12.,0.));
#12889 = VECTOR('',#12890,1.);
#12890 = DIRECTION('',(0.,1.));
#12891 = ( GEOMETRIC_REPRESENTATION_CONTEXT(2) 
PARAMETRIC_REPRESENTATION_CONTEXT() REPRESENTATION_CONTEXT('2D SPACE',''
  ) );
#12892 = ORIENTED_EDGE('',*,*,#12893,.F.);
#12893 = EDGE_CURVE('',#12894,#12864,#12896,.T.);
#12894 = VERTEX_POINT('',#12895);
#12895 = CARTESIAN_POINT('',(-28.,-803.,2.046E+03));
#12896 = SURFACE_CURVE('',#12897,(#12901,#12908),.PCURVE_S1.);
#12897 = LINE('',#12898,#12899);
#12898 = CARTESIAN_POINT('',(-28.,-803.,2.046E+03));
#12899 = VECTOR('',#12900,1.);
#12900 = DIRECTION('',(-0.,1.,0.));
#12901 = PCURVE('',#12035,#12902);
#12902 = DEFINITIONAL_REPRESENTATION('',(#12903),#12907);
#12903 = LINE('',#12904,#12905);
#12904 = CARTESIAN_POINT('',(0.,0.));
#12905 = VECTOR('',#12906,1.);
#12906 = DIRECTION('',(0.,1.));
#12907 = ( GEOMETRIC_REPRESENTATION_CONTEXT(2) 
PARAMETRIC_REPRESENTATION_CONTEXT() REPRESENTATION_CONTEXT('2D SPACE',''
  ) );
#12908 = PCURVE('',#12909,#12914);
#12909 = PLANE('',#12910);
#12910 = AXIS2_PLACEMENT_3D('',#12911,#12912,#12913);
#12911 = CARTESIAN_POINT('',(-28.,-803.,2.034E+03));
#12912 = DIRECTION('',(1.,0.,-0.));
#12913 = DIRECTION('',(0.,0.,1.));
#12914 = DEFINITIONAL_REPRESENTATION('',(#12915),#12919);
#12915 = LINE('',#12916,#12917);
#12916 = CARTESIAN_POINT('',(12.,0.));
#12917 = VECTOR('',#12918,1.);
#12918 = DIRECTION('',(0.,-1.));
#12919 = ( GEOMETRIC_REPRESENTATION_CONTEXT(2) 
PARAMETRIC_REPRESENTATION_CONTEXT() REPRESENTATION_CONTEXT('2D SPACE',''
  ) );
#12920 = ORIENTED_EDGE('',*,*,#12921,.T.);
#12921 = EDGE_CURVE('',#12894,#12167,#12922,.T.);
#12922 = SURFACE_CURVE('',#12923,(#12927,#12934),.PCURVE_S1.);
#12923 = LINE('',#12924,#12925);
#12924 = CARTESIAN_POINT('',(-28.,-803.,2.046E+03));
#12925 = VECTOR('',#12926,1.);
#12926 = DIRECTION('',(1.,0.,-0.));
#12927 = PCURVE('',#12035,#12928);
#12928 = DEFINITIONAL_REPRESENTATION('',(#12929),#12933);
#12929 = LINE('',#12930,#12931);
#12930 = CARTESIAN_POINT('',(0.,0.));
#12931 = VECTOR('',#12932,1.);
#12932 = DIRECTION('',(1.,0.));
#12933 = ( GEOMETRIC_REPRESENTATION_CONTEXT(2) 
PARAMETRIC_REPRESENTATION_CONTEXT() REPRESENTATION_CONTEXT('2D SPACE',''
  ) );
#12934 = PCURVE('',#12181,#12935);
#12935 = DEFINITIONAL_REPRESENTATION('',(#12936),#12940);
#12936 = LINE('',#12937,#12938);
#12937 = CARTESIAN_POINT('',(12.,0.));
#12938 = VECTOR('',#12939,1.);
#12939 = DIRECTION('',(0.,1.));
#12940 = ( GEOMETRIC_REPRESENTATION_CONTEXT(2) 
PARAMETRIC_REPRESENTATION_CONTEXT() REPRESENTATION_CONTEXT('2D SPACE',''
  ) );
#12941 = ORIENTED_EDGE('',*,*,#12192,.F.);
#12942 = ORIENTED_EDGE('',*,*,#12943,.T.);
#12943 = EDGE_CURVE('',#12193,#12944,#12946,.T.);
#12944 = VERTEX_POINT('',#12945);
#12945 = CARTESIAN_POINT('',(-25.,-750.,2.046E+03));
#12946 = SURFACE_CURVE('',#12947,(#12951,#12957),.PCURVE_S1.);
#12947 = LINE('',#12948,#12949);
#12948 = CARTESIAN_POINT('',(-25.,-801.5,2.046E+03));
#12949 = VECTOR('',#12950,1.);
#12950 = DIRECTION('',(-0.,1.,0.));
#12951 = PCURVE('',#12035,#12952);
#12952 = DEFINITIONAL_REPRESENTATION('',(#12953),#12956);
#12953 = B_SPLINE_CURVE_WITH_KNOTS('',1,(#12954,#12955),.UNSPECIFIED.,
  .F.,.F.,(2,2),(1.5,51.5),.PIECEWISE_BEZIER_KNOTS.);
#12954 = CARTESIAN_POINT('',(3.,3.));
#12955 = CARTESIAN_POINT('',(3.,53.));
#12956 = ( GEOMETRIC_REPRESENTATION_CONTEXT(2) 
PARAMETRIC_REPRESENTATION_CONTEXT() REPRESENTATION_CONTEXT('2D SPACE',''
  ) );
#12957 = PCURVE('',#12846,#12958);
#12958 = DEFINITIONAL_REPRESENTATION('',(#12959),#12962);
#12959 = B_SPLINE_CURVE_WITH_KNOTS('',1,(#12960,#12961),.UNSPECIFIED.,
  .F.,.F.,(2,2),(1.5,51.5),.PIECEWISE_BEZIER_KNOTS.);
#12960 = CARTESIAN_POINT('',(13.,0.));
#12961 = CARTESIAN_POINT('',(13.,-50.));
#12962 = ( GEOMETRIC_REPRESENTATION_CONTEXT(2) 
PARAMETRIC_REPRESENTATION_CONTEXT() REPRESENTATION_CONTEXT('2D SPACE',''
  ) );
#12963 = ORIENTED_EDGE('',*,*,#12964,.F.);
#12964 = EDGE_CURVE('',#12965,#12944,#12967,.T.);
#12965 = VERTEX_POINT('',#12966);
#12966 = CARTESIAN_POINT('',(25.,-750.,2.046E+03));
#12967 = SURFACE_CURVE('',#12968,(#12972,#12978),.PCURVE_S1.);
#12968 = LINE('',#12969,#12970);
#12969 = CARTESIAN_POINT('',(-26.5,-750.,2.046E+03));
#12970 = VECTOR('',#12971,1.);
#12971 = DIRECTION('',(-1.,-0.,0.));
#12972 = PCURVE('',#12035,#12973);
#12973 = DEFINITIONAL_REPRESENTATION('',(#12974),#12977);
#12974 = B_SPLINE_CURVE_WITH_KNOTS('',1,(#12975,#12976),.UNSPECIFIED.,
  .F.,.F.,(2,2),(-51.5,-1.5),.PIECEWISE_BEZIER_KNOTS.);
#12975 = CARTESIAN_POINT('',(53.,53.));
#12976 = CARTESIAN_POINT('',(3.,53.));
#12977 = ( GEOMETRIC_REPRESENTATION_CONTEXT(2) 
PARAMETRIC_REPRESENTATION_CONTEXT() REPRESENTATION_CONTEXT('2D SPACE',''
  ) );
#12978 = PCURVE('',#12979,#12984);
#12979 = PLANE('',#12980);
#12980 = AXIS2_PLACEMENT_3D('',#12981,#12982,#12983);
#12981 = CARTESIAN_POINT('',(-25.,-750.,2.033E+03));
#12982 = DIRECTION('',(-0.,1.,0.));
#12983 = DIRECTION('',(0.,0.,1.));
#12984 = DEFINITIONAL_REPRESENTATION('',(#12985),#12988);
#12985 = B_SPLINE_CURVE_WITH_KNOTS('',1,(#12986,#12987),.UNSPECIFIED.,
  .F.,.F.,(2,2),(-51.5,-1.5),.PIECEWISE_BEZIER_KNOTS.);
#12986 = CARTESIAN_POINT('',(13.,50.));
#12987 = CARTESIAN_POINT('',(13.,0.));
#12988 = ( GEOMETRIC_REPRESENTATION_CONTEXT(2) 
PARAMETRIC_REPRESENTATION_CONTEXT() REPRESENTATION_CONTEXT('2D SPACE',''
  ) );
#12989 = ORIENTED_EDGE('',*,*,#12990,.F.);
#12990 = EDGE_CURVE('',#12021,#12965,#12991,.T.);
#12991 = SURFACE_CURVE('',#12992,(#12996,#13002),.PCURVE_S1.);
#12992 = LINE('',#12993,#12994);
#12993 = CARTESIAN_POINT('',(25.,-801.5,2.046E+03));
#12994 = VECTOR('',#12995,1.);
#12995 = DIRECTION('',(-0.,1.,0.));
#12996 = PCURVE('',#12035,#12997);
#12997 = DEFINITIONAL_REPRESENTATION('',(#12998),#13001);
#12998 = B_SPLINE_CURVE_WITH_KNOTS('',1,(#12999,#13000),.UNSPECIFIED.,
  .F.,.F.,(2,2),(1.5,51.5),.PIECEWISE_BEZIER_KNOTS.);
#12999 = CARTESIAN_POINT('',(53.,3.));
#13000 = CARTESIAN_POINT('',(53.,53.));
#13001 = ( GEOMETRIC_REPRESENTATION_CONTEXT(2) 
PARAMETRIC_REPRESENTATION_CONTEXT() REPRESENTATION_CONTEXT('2D SPACE',''
  ) );
#13002 = PCURVE('',#12817,#13003);
#13003 = DEFINITIONAL_REPRESENTATION('',(#13004),#13007);
#13004 = B_SPLINE_CURVE_WITH_KNOTS('',1,(#13005,#13006),.UNSPECIFIED.,
  .F.,.F.,(2,2),(1.5,51.5),.PIECEWISE_BEZIER_KNOTS.);
#13005 = CARTESIAN_POINT('',(13.,0.));
#13006 = CARTESIAN_POINT('',(13.,-50.));
#13007 = ( GEOMETRIC_REPRESENTATION_CONTEXT(2) 
PARAMETRIC_REPRESENTATION_CONTEXT() REPRESENTATION_CONTEXT('2D SPACE',''
  ) );
#13008 = ORIENTED_EDGE('',*,*,#12020,.T.);
#13009 = ORIENTED_EDGE('',*,*,#13010,.T.);
#13010 = EDGE_CURVE('',#11995,#13011,#13013,.T.);
#13011 = VERTEX_POINT('',#13012);
#13012 = CARTESIAN_POINT('',(28.,-803.,2.046E+03));
#13013 = SURFACE_CURVE('',#13014,(#13018,#13025),.PCURVE_S1.);
#13014 = LINE('',#13015,#13016);
#13015 = CARTESIAN_POINT('',(-28.,-803.,2.046E+03));
#13016 = VECTOR('',#13017,1.);
#13017 = DIRECTION('',(1.,0.,-0.));
#13018 = PCURVE('',#12035,#13019);
#13019 = DEFINITIONAL_REPRESENTATION('',(#13020),#13024);
#13020 = LINE('',#13021,#13022);
#13021 = CARTESIAN_POINT('',(0.,0.));
#13022 = VECTOR('',#13023,1.);
#13023 = DIRECTION('',(1.,0.));
#13024 = ( GEOMETRIC_REPRESENTATION_CONTEXT(2) 
PARAMETRIC_REPRESENTATION_CONTEXT() REPRESENTATION_CONTEXT('2D SPACE',''
  ) );
#13025 = PCURVE('',#12009,#13026);
#13026 = DEFINITIONAL_REPRESENTATION('',(#13027),#13031);
#13027 = LINE('',#13028,#13029);
#13028 = CARTESIAN_POINT('',(12.,0.));
#13029 = VECTOR('',#13030,1.);
#13030 = DIRECTION('',(0.,1.));
#13031 = ( GEOMETRIC_REPRESENTATION_CONTEXT(2) 
PARAMETRIC_REPRESENTATION_CONTEXT() REPRESENTATION_CONTEXT('2D SPACE',''
  ) );
#13032 = ORIENTED_EDGE('',*,*,#13033,.T.);
#13033 = EDGE_CURVE('',#13011,#12866,#13034,.T.);
#13034 = SURFACE_CURVE('',#13035,(#13039,#13046),.PCURVE_S1.);
#13035 = LINE('',#13036,#13037);
#13036 = CARTESIAN_POINT('',(28.,-803.,2.046E+03));
#13037 = VECTOR('',#13038,1.);
#13038 = DIRECTION('',(-0.,1.,0.));
#13039 = PCURVE('',#12035,#13040);
#13040 = DEFINITIONAL_REPRESENTATION('',(#13041),#13045);
#13041 = LINE('',#13042,#13043);
#13042 = CARTESIAN_POINT('',(56.,0.));
#13043 = VECTOR('',#13044,1.);
#13044 = DIRECTION('',(0.,1.));
#13045 = ( GEOMETRIC_REPRESENTATION_CONTEXT(2) 
PARAMETRIC_REPRESENTATION_CONTEXT() REPRESENTATION_CONTEXT('2D SPACE',''
  ) );
#13046 = PCURVE('',#13047,#13052);
#13047 = PLANE('',#13048);
#13048 = AXIS2_PLACEMENT_3D('',#13049,#13050,#13051);
#13049 = CARTESIAN_POINT('',(28.,-803.,2.034E+03));
#13050 = DIRECTION('',(1.,0.,-0.));
#13051 = DIRECTION('',(0.,0.,1.));
#13052 = DEFINITIONAL_REPRESENTATION('',(#13053),#13057);
#13053 = LINE('',#13054,#13055);
#13054 = CARTESIAN_POINT('',(12.,0.));
#13055 = VECTOR('',#13056,1.);
#13056 = DIRECTION('',(0.,-1.));
#13057 = ( GEOMETRIC_REPRESENTATION_CONTEXT(2) 
PARAMETRIC_REPRESENTATION_CONTEXT() REPRESENTATION_CONTEXT('2D SPACE',''
  ) );
#13058 = ADVANCED_FACE('',(#13059),#12009,.F.);
#13059 = FACE_BOUND('',#13060,.F.);
#13060 = EDGE_LOOP('',(#13061,#13084,#13085,#13086));
#13061 = ORIENTED_EDGE('',*,*,#13062,.F.);
#13062 = EDGE_CURVE('',#11969,#13063,#13065,.T.);
#13063 = VERTEX_POINT('',#13064);
#13064 = CARTESIAN_POINT('',(28.,-803.,2.034E+03));
#13065 = SURFACE_CURVE('',#13066,(#13070,#13077),.PCURVE_S1.);
#13066 = LINE('',#13067,#13068);
#13067 = CARTESIAN_POINT('',(-28.,-803.,2.034E+03));
#13068 = VECTOR('',#13069,1.);
#13069 = DIRECTION('',(1.,0.,-0.));
#13070 = PCURVE('',#12009,#13071);
#13071 = DEFINITIONAL_REPRESENTATION('',(#13072),#13076);
#13072 = LINE('',#13073,#13074);
#13073 = CARTESIAN_POINT('',(0.,0.));
#13074 = VECTOR('',#13075,1.);
#13075 = DIRECTION('',(0.,1.));
#13076 = ( GEOMETRIC_REPRESENTATION_CONTEXT(2) 
PARAMETRIC_REPRESENTATION_CONTEXT() REPRESENTATION_CONTEXT('2D SPACE',''
  ) );
#13077 = PCURVE('',#11983,#13078);
#13078 = DEFINITIONAL_REPRESENTATION('',(#13079),#13083);
#13079 = LINE('',#13080,#13081);
#13080 = CARTESIAN_POINT('',(0.,0.));
#13081 = VECTOR('',#13082,1.);
#13082 = DIRECTION('',(1.,0.));
#13083 = ( GEOMETRIC_REPRESENTATION_CONTEXT(2) 
PARAMETRIC_REPRESENTATION_CONTEXT() REPRESENTATION_CONTEXT('2D SPACE',''
  ) );
#13084 = ORIENTED_EDGE('',*,*,#11994,.T.);
#13085 = ORIENTED_EDGE('',*,*,#13010,.T.);
#13086 = ORIENTED_EDGE('',*,*,#13087,.F.);
#13087 = EDGE_CURVE('',#13063,#13011,#13088,.T.);
#13088 = SURFACE_CURVE('',#13089,(#13093,#13100),.PCURVE_S1.);
#13089 = LINE('',#13090,#13091);
#13090 = CARTESIAN_POINT('',(28.,-803.,2.034E+03));
#13091 = VECTOR('',#13092,1.);
#13092 = DIRECTION('',(0.,0.,1.));
#13093 = PCURVE('',#12009,#13094);
#13094 = DEFINITIONAL_REPRESENTATION('',(#13095),#13099);
#13095 = LINE('',#13096,#13097);
#13096 = CARTESIAN_POINT('',(0.,56.));
#13097 = VECTOR('',#13098,1.);
#13098 = DIRECTION('',(1.,0.));
#13099 = ( GEOMETRIC_REPRESENTATION_CONTEXT(2) 
PARAMETRIC_REPRESENTATION_CONTEXT() REPRESENTATION_CONTEXT('2D SPACE',''
  ) );
#13100 = PCURVE('',#13047,#13101);
#13101 = DEFINITIONAL_REPRESENTATION('',(#13102),#13106);
#13102 = LINE('',#13103,#13104);
#13103 = CARTESIAN_POINT('',(0.,0.));
#13104 = VECTOR('',#13105,1.);
#13105 = DIRECTION('',(1.,0.));
#13106 = ( GEOMETRIC_REPRESENTATION_CONTEXT(2) 
PARAMETRIC_REPRESENTATION_CONTEXT() REPRESENTATION_CONTEXT('2D SPACE',''
  ) );
#13107 = ADVANCED_FACE('',(#13108),#11983,.F.);
#13108 = FACE_BOUND('',#13109,.F.);
#13109 = EDGE_LOOP('',(#13110,#13135,#13158,#13179,#13180,#13201,#13222,
    #13241,#13242,#13243));
#13110 = ORIENTED_EDGE('',*,*,#13111,.F.);
#13111 = EDGE_CURVE('',#13112,#13114,#13116,.T.);
#13112 = VERTEX_POINT('',#13113);
#13113 = CARTESIAN_POINT('',(-28.,-747.,2.034E+03));
#13114 = VERTEX_POINT('',#13115);
#13115 = CARTESIAN_POINT('',(28.,-747.,2.034E+03));
#13116 = SURFACE_CURVE('',#13117,(#13121,#13128),.PCURVE_S1.);
#13117 = LINE('',#13118,#13119);
#13118 = CARTESIAN_POINT('',(-28.,-747.,2.034E+03));
#13119 = VECTOR('',#13120,1.);
#13120 = DIRECTION('',(1.,0.,-0.));
#13121 = PCURVE('',#11983,#13122);
#13122 = DEFINITIONAL_REPRESENTATION('',(#13123),#13127);
#13123 = LINE('',#13124,#13125);
#13124 = CARTESIAN_POINT('',(0.,56.));
#13125 = VECTOR('',#13126,1.);
#13126 = DIRECTION('',(1.,0.));
#13127 = ( GEOMETRIC_REPRESENTATION_CONTEXT(2) 
PARAMETRIC_REPRESENTATION_CONTEXT() REPRESENTATION_CONTEXT('2D SPACE',''
  ) );
#13128 = PCURVE('',#12881,#13129);
#13129 = DEFINITIONAL_REPRESENTATION('',(#13130),#13134);
#13130 = LINE('',#13131,#13132);
#13131 = CARTESIAN_POINT('',(0.,0.));
#13132 = VECTOR('',#13133,1.);
#13133 = DIRECTION('',(0.,1.));
#13134 = ( GEOMETRIC_REPRESENTATION_CONTEXT(2) 
PARAMETRIC_REPRESENTATION_CONTEXT() REPRESENTATION_CONTEXT('2D SPACE',''
  ) );
#13135 = ORIENTED_EDGE('',*,*,#13136,.F.);
#13136 = EDGE_CURVE('',#13137,#13112,#13139,.T.);
#13137 = VERTEX_POINT('',#13138);
#13138 = CARTESIAN_POINT('',(-28.,-803.,2.034E+03));
#13139 = SURFACE_CURVE('',#13140,(#13144,#13151),.PCURVE_S1.);
#13140 = LINE('',#13141,#13142);
#13141 = CARTESIAN_POINT('',(-28.,-803.,2.034E+03));
#13142 = VECTOR('',#13143,1.);
#13143 = DIRECTION('',(-0.,1.,0.));
#13144 = PCURVE('',#11983,#13145);
#13145 = DEFINITIONAL_REPRESENTATION('',(#13146),#13150);
#13146 = LINE('',#13147,#13148);
#13147 = CARTESIAN_POINT('',(0.,0.));
#13148 = VECTOR('',#13149,1.);
#13149 = DIRECTION('',(0.,1.));
#13150 = ( GEOMETRIC_REPRESENTATION_CONTEXT(2) 
PARAMETRIC_REPRESENTATION_CONTEXT() REPRESENTATION_CONTEXT('2D SPACE',''
  ) );
#13151 = PCURVE('',#12909,#13152);
#13152 = DEFINITIONAL_REPRESENTATION('',(#13153),#13157);
#13153 = LINE('',#13154,#13155);
#13154 = CARTESIAN_POINT('',(0.,0.));
#13155 = VECTOR('',#13156,1.);
#13156 = DIRECTION('',(0.,-1.));
#13157 = ( GEOMETRIC_REPRESENTATION_CONTEXT(2) 
PARAMETRIC_REPRESENTATION_CONTEXT() REPRESENTATION_CONTEXT('2D SPACE',''
  ) );
#13158 = ORIENTED_EDGE('',*,*,#13159,.T.);
#13159 = EDGE_CURVE('',#13137,#12146,#13160,.T.);
#13160 = SURFACE_CURVE('',#13161,(#13165,#13172),.PCURVE_S1.);
#13161 = LINE('',#13162,#13163);
#13162 = CARTESIAN_POINT('',(-28.,-803.,2.034E+03));
#13163 = VECTOR('',#13164,1.);
#13164 = DIRECTION('',(1.,0.,-0.));
#13165 = PCURVE('',#11983,#13166);
#13166 = DEFINITIONAL_REPRESENTATION('',(#13167),#13171);
#13167 = LINE('',#13168,#13169);
#13168 = CARTESIAN_POINT('',(0.,0.));
#13169 = VECTOR('',#13170,1.);
#13170 = DIRECTION('',(1.,0.));
#13171 = ( GEOMETRIC_REPRESENTATION_CONTEXT(2) 
PARAMETRIC_REPRESENTATION_CONTEXT() REPRESENTATION_CONTEXT('2D SPACE',''
  ) );
#13172 = PCURVE('',#12181,#13173);
#13173 = DEFINITIONAL_REPRESENTATION('',(#13174),#13178);
#13174 = LINE('',#13175,#13176);
#13175 = CARTESIAN_POINT('',(0.,0.));
#13176 = VECTOR('',#13177,1.);
#13177 = DIRECTION('',(0.,1.));
#13178 = ( GEOMETRIC_REPRESENTATION_CONTEXT(2) 
PARAMETRIC_REPRESENTATION_CONTEXT() REPRESENTATION_CONTEXT('2D SPACE',''
  ) );
#13179 = ORIENTED_EDGE('',*,*,#12145,.F.);
#13180 = ORIENTED_EDGE('',*,*,#13181,.T.);
#13181 = EDGE_CURVE('',#12123,#13182,#13184,.T.);
#13182 = VERTEX_POINT('',#13183);
#13183 = CARTESIAN_POINT('',(-25.,-750.,2.034E+03));
#13184 = SURFACE_CURVE('',#13185,(#13189,#13195),.PCURVE_S1.);
#13185 = LINE('',#13186,#13187);
#13186 = CARTESIAN_POINT('',(-25.,-801.5,2.034E+03));
#13187 = VECTOR('',#13188,1.);
#13188 = DIRECTION('',(-0.,1.,0.));
#13189 = PCURVE('',#11983,#13190);
#13190 = DEFINITIONAL_REPRESENTATION('',(#13191),#13194);
#13191 = B_SPLINE_CURVE_WITH_KNOTS('',1,(#13192,#13193),.UNSPECIFIED.,
  .F.,.F.,(2,2),(1.5,51.5),.PIECEWISE_BEZIER_KNOTS.);
#13192 = CARTESIAN_POINT('',(3.,3.));
#13193 = CARTESIAN_POINT('',(3.,53.));
#13194 = ( GEOMETRIC_REPRESENTATION_CONTEXT(2) 
PARAMETRIC_REPRESENTATION_CONTEXT() REPRESENTATION_CONTEXT('2D SPACE',''
  ) );
#13195 = PCURVE('',#12846,#13196);
#13196 = DEFINITIONAL_REPRESENTATION('',(#13197),#13200);
#13197 = B_SPLINE_CURVE_WITH_KNOTS('',1,(#13198,#13199),.UNSPECIFIED.,
  .F.,.F.,(2,2),(1.5,51.5),.PIECEWISE_BEZIER_KNOTS.);
#13198 = CARTESIAN_POINT('',(1.,0.));
#13199 = CARTESIAN_POINT('',(1.,-50.));
#13200 = ( GEOMETRIC_REPRESENTATION_CONTEXT(2) 
PARAMETRIC_REPRESENTATION_CONTEXT() REPRESENTATION_CONTEXT('2D SPACE',''
  ) );
#13201 = ORIENTED_EDGE('',*,*,#13202,.F.);
#13202 = EDGE_CURVE('',#13203,#13182,#13205,.T.);
#13203 = VERTEX_POINT('',#13204);
#13204 = CARTESIAN_POINT('',(25.,-750.,2.034E+03));
#13205 = SURFACE_CURVE('',#13206,(#13210,#13216),.PCURVE_S1.);
#13206 = LINE('',#13207,#13208);
#13207 = CARTESIAN_POINT('',(-26.5,-750.,2.034E+03));
#13208 = VECTOR('',#13209,1.);
#13209 = DIRECTION('',(-1.,-0.,0.));
#13210 = PCURVE('',#11983,#13211);
#13211 = DEFINITIONAL_REPRESENTATION('',(#13212),#13215);
#13212 = B_SPLINE_CURVE_WITH_KNOTS('',1,(#13213,#13214),.UNSPECIFIED.,
  .F.,.F.,(2,2),(-51.5,-1.5),.PIECEWISE_BEZIER_KNOTS.);
#13213 = CARTESIAN_POINT('',(53.,53.));
#13214 = CARTESIAN_POINT('',(3.,53.));
#13215 = ( GEOMETRIC_REPRESENTATION_CONTEXT(2) 
PARAMETRIC_REPRESENTATION_CONTEXT() REPRESENTATION_CONTEXT('2D SPACE',''
  ) );
#13216 = PCURVE('',#12979,#13217);
#13217 = DEFINITIONAL_REPRESENTATION('',(#13218),#13221);
#13218 = B_SPLINE_CURVE_WITH_KNOTS('',1,(#13219,#13220),.UNSPECIFIED.,
  .F.,.F.,(2,2),(-51.5,-1.5),.PIECEWISE_BEZIER_KNOTS.);
#13219 = CARTESIAN_POINT('',(1.,50.));
#13220 = CARTESIAN_POINT('',(1.,0.));
#13221 = ( GEOMETRIC_REPRESENTATION_CONTEXT(2) 
PARAMETRIC_REPRESENTATION_CONTEXT() REPRESENTATION_CONTEXT('2D SPACE',''
  ) );
#13222 = ORIENTED_EDGE('',*,*,#13223,.F.);
#13223 = EDGE_CURVE('',#11946,#13203,#13224,.T.);
#13224 = SURFACE_CURVE('',#13225,(#13229,#13235),.PCURVE_S1.);
#13225 = LINE('',#13226,#13227);
#13226 = CARTESIAN_POINT('',(25.,-801.5,2.034E+03));
#13227 = VECTOR('',#13228,1.);
#13228 = DIRECTION('',(-0.,1.,0.));
#13229 = PCURVE('',#11983,#13230);
#13230 = DEFINITIONAL_REPRESENTATION('',(#13231),#13234);
#13231 = B_SPLINE_CURVE_WITH_KNOTS('',1,(#13232,#13233),.UNSPECIFIED.,
  .F.,.F.,(2,2),(1.5,51.5),.PIECEWISE_BEZIER_KNOTS.);
#13232 = CARTESIAN_POINT('',(53.,3.));
#13233 = CARTESIAN_POINT('',(53.,53.));
#13234 = ( GEOMETRIC_REPRESENTATION_CONTEXT(2) 
PARAMETRIC_REPRESENTATION_CONTEXT() REPRESENTATION_CONTEXT('2D SPACE',''
  ) );
#13235 = PCURVE('',#12817,#13236);
#13236 = DEFINITIONAL_REPRESENTATION('',(#13237),#13240);
#13237 = B_SPLINE_CURVE_WITH_KNOTS('',1,(#13238,#13239),.UNSPECIFIED.,
  .F.,.F.,(2,2),(1.5,51.5),.PIECEWISE_BEZIER_KNOTS.);
#13238 = CARTESIAN_POINT('',(1.,0.));
#13239 = CARTESIAN_POINT('',(1.,-50.));
#13240 = ( GEOMETRIC_REPRESENTATION_CONTEXT(2) 
PARAMETRIC_REPRESENTATION_CONTEXT() REPRESENTATION_CONTEXT('2D SPACE',''
  ) );
#13241 = ORIENTED_EDGE('',*,*,#11968,.T.);
#13242 = ORIENTED_EDGE('',*,*,#13062,.T.);
#13243 = ORIENTED_EDGE('',*,*,#13244,.T.);
#13244 = EDGE_CURVE('',#13063,#13114,#13245,.T.);
#13245 = SURFACE_CURVE('',#13246,(#13250,#13257),.PCURVE_S1.);
#13246 = LINE('',#13247,#13248);
#13247 = CARTESIAN_POINT('',(28.,-803.,2.034E+03));
#13248 = VECTOR('',#13249,1.);
#13249 = DIRECTION('',(-0.,1.,0.));
#13250 = PCURVE('',#11983,#13251);
#13251 = DEFINITIONAL_REPRESENTATION('',(#13252),#13256);
#13252 = LINE('',#13253,#13254);
#13253 = CARTESIAN_POINT('',(56.,0.));
#13254 = VECTOR('',#13255,1.);
#13255 = DIRECTION('',(0.,1.));
#13256 = ( GEOMETRIC_REPRESENTATION_CONTEXT(2) 
PARAMETRIC_REPRESENTATION_CONTEXT() REPRESENTATION_CONTEXT('2D SPACE',''
  ) );
#13257 = PCURVE('',#13047,#13258);
#13258 = DEFINITIONAL_REPRESENTATION('',(#13259),#13263);
#13259 = LINE('',#13260,#13261);
#13260 = CARTESIAN_POINT('',(0.,0.));
#13261 = VECTOR('',#13262,1.);
#13262 = DIRECTION('',(0.,-1.));
#13263 = ( GEOMETRIC_REPRESENTATION_CONTEXT(2) 
PARAMETRIC_REPRESENTATION_CONTEXT() REPRESENTATION_CONTEXT('2D SPACE',''
  ) );
#13264 = ADVANCED_FACE('',(#13265),#12181,.F.);
#13265 = FACE_BOUND('',#13266,.F.);
#13266 = EDGE_LOOP('',(#13267,#13268,#13289,#13290));
#13267 = ORIENTED_EDGE('',*,*,#13159,.F.);
#13268 = ORIENTED_EDGE('',*,*,#13269,.T.);
#13269 = EDGE_CURVE('',#13137,#12894,#13270,.T.);
#13270 = SURFACE_CURVE('',#13271,(#13275,#13282),.PCURVE_S1.);
#13271 = LINE('',#13272,#13273);
#13272 = CARTESIAN_POINT('',(-28.,-803.,2.034E+03));
#13273 = VECTOR('',#13274,1.);
#13274 = DIRECTION('',(0.,0.,1.));
#13275 = PCURVE('',#12181,#13276);
#13276 = DEFINITIONAL_REPRESENTATION('',(#13277),#13281);
#13277 = LINE('',#13278,#13279);
#13278 = CARTESIAN_POINT('',(0.,0.));
#13279 = VECTOR('',#13280,1.);
#13280 = DIRECTION('',(1.,0.));
#13281 = ( GEOMETRIC_REPRESENTATION_CONTEXT(2) 
PARAMETRIC_REPRESENTATION_CONTEXT() REPRESENTATION_CONTEXT('2D SPACE',''
  ) );
#13282 = PCURVE('',#12909,#13283);
#13283 = DEFINITIONAL_REPRESENTATION('',(#13284),#13288);
#13284 = LINE('',#13285,#13286);
#13285 = CARTESIAN_POINT('',(0.,0.));
#13286 = VECTOR('',#13287,1.);
#13287 = DIRECTION('',(1.,0.));
#13288 = ( GEOMETRIC_REPRESENTATION_CONTEXT(2) 
PARAMETRIC_REPRESENTATION_CONTEXT() REPRESENTATION_CONTEXT('2D SPACE',''
  ) );
#13289 = ORIENTED_EDGE('',*,*,#12921,.T.);
#13290 = ORIENTED_EDGE('',*,*,#12166,.F.);
#13291 = ADVANCED_FACE('',(#13292),#12298,.T.);
#13292 = FACE_BOUND('',#13293,.T.);
#13293 = EDGE_LOOP('',(#13294,#13295,#13321,#13322,#13323,#13324,#13350,
    #13351));
#13294 = ORIENTED_EDGE('',*,*,#12439,.F.);
#13295 = ORIENTED_EDGE('',*,*,#13296,.F.);
#13296 = EDGE_CURVE('',#12339,#12414,#13297,.T.);
#13297 = SURFACE_CURVE('',#13298,(#13302,#13309),.PCURVE_S1.);
#13298 = LINE('',#13299,#13300);
#13299 = CARTESIAN_POINT('',(25.,-800.,2.283E+03));
#13300 = VECTOR('',#13301,1.);
#13301 = DIRECTION('',(0.,0.,1.));
#13302 = PCURVE('',#12298,#13303);
#13303 = DEFINITIONAL_REPRESENTATION('',(#13304),#13308);
#13304 = LINE('',#13305,#13306);
#13305 = CARTESIAN_POINT('',(8.,50.));
#13306 = VECTOR('',#13307,1.);
#13307 = DIRECTION('',(1.,0.));
#13308 = ( GEOMETRIC_REPRESENTATION_CONTEXT(2) 
PARAMETRIC_REPRESENTATION_CONTEXT() REPRESENTATION_CONTEXT('2D SPACE',''
  ) );
#13309 = PCURVE('',#13310,#13315);
#13310 = PLANE('',#13311);
#13311 = AXIS2_PLACEMENT_3D('',#13312,#13313,#13314);
#13312 = CARTESIAN_POINT('',(25.,-800.,2.283E+03));
#13313 = DIRECTION('',(1.,0.,-0.));
#13314 = DIRECTION('',(0.,0.,1.));
#13315 = DEFINITIONAL_REPRESENTATION('',(#13316),#13320);
#13316 = LINE('',#13317,#13318);
#13317 = CARTESIAN_POINT('',(0.,0.));
#13318 = VECTOR('',#13319,1.);
#13319 = DIRECTION('',(1.,0.));
#13320 = ( GEOMETRIC_REPRESENTATION_CONTEXT(2) 
PARAMETRIC_REPRESENTATION_CONTEXT() REPRESENTATION_CONTEXT('2D SPACE',''
  ) );
#13321 = ORIENTED_EDGE('',*,*,#12338,.F.);
#13322 = ORIENTED_EDGE('',*,*,#12488,.F.);
#13323 = ORIENTED_EDGE('',*,*,#12515,.T.);
#13324 = ORIENTED_EDGE('',*,*,#13325,.T.);
#13325 = EDGE_CURVE('',#12516,#12586,#13326,.T.);
#13326 = SURFACE_CURVE('',#13327,(#13331,#13338),.PCURVE_S1.);
#13327 = LINE('',#13328,#13329);
#13328 = CARTESIAN_POINT('',(-25.,-800.,2.283E+03));
#13329 = VECTOR('',#13330,1.);
#13330 = DIRECTION('',(0.,0.,1.));
#13331 = PCURVE('',#12298,#13332);
#13332 = DEFINITIONAL_REPRESENTATION('',(#13333),#13337);
#13333 = LINE('',#13334,#13335);
#13334 = CARTESIAN_POINT('',(8.,0.));
#13335 = VECTOR('',#13336,1.);
#13336 = DIRECTION('',(1.,0.));
#13337 = ( GEOMETRIC_REPRESENTATION_CONTEXT(2) 
PARAMETRIC_REPRESENTATION_CONTEXT() REPRESENTATION_CONTEXT('2D SPACE',''
  ) );
#13338 = PCURVE('',#13339,#13344);
#13339 = PLANE('',#13340);
#13340 = AXIS2_PLACEMENT_3D('',#13341,#13342,#13343);
#13341 = CARTESIAN_POINT('',(-25.,-800.,2.283E+03));
#13342 = DIRECTION('',(1.,0.,-0.));
#13343 = DIRECTION('',(0.,0.,1.));
#13344 = DEFINITIONAL_REPRESENTATION('',(#13345),#13349);
#13345 = LINE('',#13346,#13347);
#13346 = CARTESIAN_POINT('',(0.,0.));
#13347 = VECTOR('',#13348,1.);
#13348 = DIRECTION('',(1.,0.));
#13349 = ( GEOMETRIC_REPRESENTATION_CONTEXT(2) 
PARAMETRIC_REPRESENTATION_CONTEXT() REPRESENTATION_CONTEXT('2D SPACE',''
  ) );
#13350 = ORIENTED_EDGE('',*,*,#12606,.T.);
#13351 = ORIENTED_EDGE('',*,*,#12284,.T.);
#13352 = ADVANCED_FACE('',(#13353),#12428,.T.);
#13353 = FACE_BOUND('',#13354,.T.);
#13354 = EDGE_LOOP('',(#13355,#13385,#13413,#13434,#13435,#13456,#13482,
    #13501,#13502,#13525));
#13355 = ORIENTED_EDGE('',*,*,#13356,.F.);
#13356 = EDGE_CURVE('',#13357,#13359,#13361,.T.);
#13357 = VERTEX_POINT('',#13358);
#13358 = CARTESIAN_POINT('',(-28.,-747.,2.296E+03));
#13359 = VERTEX_POINT('',#13360);
#13360 = CARTESIAN_POINT('',(28.,-747.,2.296E+03));
#13361 = SURFACE_CURVE('',#13362,(#13366,#13373),.PCURVE_S1.);
#13362 = LINE('',#13363,#13364);
#13363 = CARTESIAN_POINT('',(-28.,-747.,2.296E+03));
#13364 = VECTOR('',#13365,1.);
#13365 = DIRECTION('',(1.,0.,-0.));
#13366 = PCURVE('',#12428,#13367);
#13367 = DEFINITIONAL_REPRESENTATION('',(#13368),#13372);
#13368 = LINE('',#13369,#13370);
#13369 = CARTESIAN_POINT('',(0.,56.));
#13370 = VECTOR('',#13371,1.);
#13371 = DIRECTION('',(1.,0.));
#13372 = ( GEOMETRIC_REPRESENTATION_CONTEXT(2) 
PARAMETRIC_REPRESENTATION_CONTEXT() REPRESENTATION_CONTEXT('2D SPACE',''
  ) );
#13373 = PCURVE('',#13374,#13379);
#13374 = PLANE('',#13375);
#13375 = AXIS2_PLACEMENT_3D('',#13376,#13377,#13378);
#13376 = CARTESIAN_POINT('',(-28.,-747.,2.284E+03));
#13377 = DIRECTION('',(-0.,1.,0.));
#13378 = DIRECTION('',(0.,0.,1.));
#13379 = DEFINITIONAL_REPRESENTATION('',(#13380),#13384);
#13380 = LINE('',#13381,#13382);
#13381 = CARTESIAN_POINT('',(12.,0.));
#13382 = VECTOR('',#13383,1.);
#13383 = DIRECTION('',(0.,1.));
#13384 = ( GEOMETRIC_REPRESENTATION_CONTEXT(2) 
PARAMETRIC_REPRESENTATION_CONTEXT() REPRESENTATION_CONTEXT('2D SPACE',''
  ) );
#13385 = ORIENTED_EDGE('',*,*,#13386,.F.);
#13386 = EDGE_CURVE('',#13387,#13357,#13389,.T.);
#13387 = VERTEX_POINT('',#13388);
#13388 = CARTESIAN_POINT('',(-28.,-803.,2.296E+03));
#13389 = SURFACE_CURVE('',#13390,(#13394,#13401),.PCURVE_S1.);
#13390 = LINE('',#13391,#13392);
#13391 = CARTESIAN_POINT('',(-28.,-803.,2.296E+03));
#13392 = VECTOR('',#13393,1.);
#13393 = DIRECTION('',(-0.,1.,0.));
#13394 = PCURVE('',#12428,#13395);
#13395 = DEFINITIONAL_REPRESENTATION('',(#13396),#13400);
#13396 = LINE('',#13397,#13398);
#13397 = CARTESIAN_POINT('',(0.,0.));
#13398 = VECTOR('',#13399,1.);
#13399 = DIRECTION('',(0.,1.));
#13400 = ( GEOMETRIC_REPRESENTATION_CONTEXT(2) 
PARAMETRIC_REPRESENTATION_CONTEXT() REPRESENTATION_CONTEXT('2D SPACE',''
  ) );
#13401 = PCURVE('',#13402,#13407);
#13402 = PLANE('',#13403);
#13403 = AXIS2_PLACEMENT_3D('',#13404,#13405,#13406);
#13404 = CARTESIAN_POINT('',(-28.,-803.,2.284E+03));
#13405 = DIRECTION('',(1.,0.,-0.));
#13406 = DIRECTION('',(0.,0.,1.));
#13407 = DEFINITIONAL_REPRESENTATION('',(#13408),#13412);
#13408 = LINE('',#13409,#13410);
#13409 = CARTESIAN_POINT('',(12.,0.));
#13410 = VECTOR('',#13411,1.);
#13411 = DIRECTION('',(0.,-1.));
#13412 = ( GEOMETRIC_REPRESENTATION_CONTEXT(2) 
PARAMETRIC_REPRESENTATION_CONTEXT() REPRESENTATION_CONTEXT('2D SPACE',''
  ) );
#13413 = ORIENTED_EDGE('',*,*,#13414,.T.);
#13414 = EDGE_CURVE('',#13387,#12560,#13415,.T.);
#13415 = SURFACE_CURVE('',#13416,(#13420,#13427),.PCURVE_S1.);
#13416 = LINE('',#13417,#13418);
#13417 = CARTESIAN_POINT('',(-28.,-803.,2.296E+03));
#13418 = VECTOR('',#13419,1.);
#13419 = DIRECTION('',(1.,0.,-0.));
#13420 = PCURVE('',#12428,#13421);
#13421 = DEFINITIONAL_REPRESENTATION('',(#13422),#13426);
#13422 = LINE('',#13423,#13424);
#13423 = CARTESIAN_POINT('',(0.,0.));
#13424 = VECTOR('',#13425,1.);
#13425 = DIRECTION('',(1.,0.));
#13426 = ( GEOMETRIC_REPRESENTATION_CONTEXT(2) 
PARAMETRIC_REPRESENTATION_CONTEXT() REPRESENTATION_CONTEXT('2D SPACE',''
  ) );
#13427 = PCURVE('',#12574,#13428);
#13428 = DEFINITIONAL_REPRESENTATION('',(#13429),#13433);
#13429 = LINE('',#13430,#13431);
#13430 = CARTESIAN_POINT('',(12.,0.));
#13431 = VECTOR('',#13432,1.);
#13432 = DIRECTION('',(0.,1.));
#13433 = ( GEOMETRIC_REPRESENTATION_CONTEXT(2) 
PARAMETRIC_REPRESENTATION_CONTEXT() REPRESENTATION_CONTEXT('2D SPACE',''
  ) );
#13434 = ORIENTED_EDGE('',*,*,#12585,.F.);
#13435 = ORIENTED_EDGE('',*,*,#13436,.T.);
#13436 = EDGE_CURVE('',#12586,#13437,#13439,.T.);
#13437 = VERTEX_POINT('',#13438);
#13438 = CARTESIAN_POINT('',(-25.,-750.,2.296E+03));
#13439 = SURFACE_CURVE('',#13440,(#13444,#13450),.PCURVE_S1.);
#13440 = LINE('',#13441,#13442);
#13441 = CARTESIAN_POINT('',(-25.,-801.5,2.296E+03));
#13442 = VECTOR('',#13443,1.);
#13443 = DIRECTION('',(-0.,1.,0.));
#13444 = PCURVE('',#12428,#13445);
#13445 = DEFINITIONAL_REPRESENTATION('',(#13446),#13449);
#13446 = B_SPLINE_CURVE_WITH_KNOTS('',1,(#13447,#13448),.UNSPECIFIED.,
  .F.,.F.,(2,2),(1.5,51.5),.PIECEWISE_BEZIER_KNOTS.);
#13447 = CARTESIAN_POINT('',(3.,3.));
#13448 = CARTESIAN_POINT('',(3.,53.));
#13449 = ( GEOMETRIC_REPRESENTATION_CONTEXT(2) 
PARAMETRIC_REPRESENTATION_CONTEXT() REPRESENTATION_CONTEXT('2D SPACE',''
  ) );
#13450 = PCURVE('',#13339,#13451);
#13451 = DEFINITIONAL_REPRESENTATION('',(#13452),#13455);
#13452 = B_SPLINE_CURVE_WITH_KNOTS('',1,(#13453,#13454),.UNSPECIFIED.,
  .F.,.F.,(2,2),(1.5,51.5),.PIECEWISE_BEZIER_KNOTS.);
#13453 = CARTESIAN_POINT('',(13.,0.));
#13454 = CARTESIAN_POINT('',(13.,-50.));
#13455 = ( GEOMETRIC_REPRESENTATION_CONTEXT(2) 
PARAMETRIC_REPRESENTATION_CONTEXT() REPRESENTATION_CONTEXT('2D SPACE',''
  ) );
#13456 = ORIENTED_EDGE('',*,*,#13457,.F.);
#13457 = EDGE_CURVE('',#13458,#13437,#13460,.T.);
#13458 = VERTEX_POINT('',#13459);
#13459 = CARTESIAN_POINT('',(25.,-750.,2.296E+03));
#13460 = SURFACE_CURVE('',#13461,(#13465,#13471),.PCURVE_S1.);
#13461 = LINE('',#13462,#13463);
#13462 = CARTESIAN_POINT('',(-26.5,-750.,2.296E+03));
#13463 = VECTOR('',#13464,1.);
#13464 = DIRECTION('',(-1.,-0.,0.));
#13465 = PCURVE('',#12428,#13466);
#13466 = DEFINITIONAL_REPRESENTATION('',(#13467),#13470);
#13467 = B_SPLINE_CURVE_WITH_KNOTS('',1,(#13468,#13469),.UNSPECIFIED.,
  .F.,.F.,(2,2),(-51.5,-1.5),.PIECEWISE_BEZIER_KNOTS.);
#13468 = CARTESIAN_POINT('',(53.,53.));
#13469 = CARTESIAN_POINT('',(3.,53.));
#13470 = ( GEOMETRIC_REPRESENTATION_CONTEXT(2) 
PARAMETRIC_REPRESENTATION_CONTEXT() REPRESENTATION_CONTEXT('2D SPACE',''
  ) );
#13471 = PCURVE('',#13472,#13477);
#13472 = PLANE('',#13473);
#13473 = AXIS2_PLACEMENT_3D('',#13474,#13475,#13476);
#13474 = CARTESIAN_POINT('',(-25.,-750.,2.283E+03));
#13475 = DIRECTION('',(-0.,1.,0.));
#13476 = DIRECTION('',(0.,0.,1.));
#13477 = DEFINITIONAL_REPRESENTATION('',(#13478),#13481);
#13478 = B_SPLINE_CURVE_WITH_KNOTS('',1,(#13479,#13480),.UNSPECIFIED.,
  .F.,.F.,(2,2),(-51.5,-1.5),.PIECEWISE_BEZIER_KNOTS.);
#13479 = CARTESIAN_POINT('',(13.,50.));
#13480 = CARTESIAN_POINT('',(13.,0.));
#13481 = ( GEOMETRIC_REPRESENTATION_CONTEXT(2) 
PARAMETRIC_REPRESENTATION_CONTEXT() REPRESENTATION_CONTEXT('2D SPACE',''
  ) );
#13482 = ORIENTED_EDGE('',*,*,#13483,.F.);
#13483 = EDGE_CURVE('',#12414,#13458,#13484,.T.);
#13484 = SURFACE_CURVE('',#13485,(#13489,#13495),.PCURVE_S1.);
#13485 = LINE('',#13486,#13487);
#13486 = CARTESIAN_POINT('',(25.,-801.5,2.296E+03));
#13487 = VECTOR('',#13488,1.);
#13488 = DIRECTION('',(-0.,1.,0.));
#13489 = PCURVE('',#12428,#13490);
#13490 = DEFINITIONAL_REPRESENTATION('',(#13491),#13494);
#13491 = B_SPLINE_CURVE_WITH_KNOTS('',1,(#13492,#13493),.UNSPECIFIED.,
  .F.,.F.,(2,2),(1.5,51.5),.PIECEWISE_BEZIER_KNOTS.);
#13492 = CARTESIAN_POINT('',(53.,3.));
#13493 = CARTESIAN_POINT('',(53.,53.));
#13494 = ( GEOMETRIC_REPRESENTATION_CONTEXT(2) 
PARAMETRIC_REPRESENTATION_CONTEXT() REPRESENTATION_CONTEXT('2D SPACE',''
  ) );
#13495 = PCURVE('',#13310,#13496);
#13496 = DEFINITIONAL_REPRESENTATION('',(#13497),#13500);
#13497 = B_SPLINE_CURVE_WITH_KNOTS('',1,(#13498,#13499),.UNSPECIFIED.,
  .F.,.F.,(2,2),(1.5,51.5),.PIECEWISE_BEZIER_KNOTS.);
#13498 = CARTESIAN_POINT('',(13.,0.));
#13499 = CARTESIAN_POINT('',(13.,-50.));
#13500 = ( GEOMETRIC_REPRESENTATION_CONTEXT(2) 
PARAMETRIC_REPRESENTATION_CONTEXT() REPRESENTATION_CONTEXT('2D SPACE',''
  ) );
#13501 = ORIENTED_EDGE('',*,*,#12413,.T.);
#13502 = ORIENTED_EDGE('',*,*,#13503,.T.);
#13503 = EDGE_CURVE('',#12388,#13504,#13506,.T.);
#13504 = VERTEX_POINT('',#13505);
#13505 = CARTESIAN_POINT('',(28.,-803.,2.296E+03));
#13506 = SURFACE_CURVE('',#13507,(#13511,#13518),.PCURVE_S1.);
#13507 = LINE('',#13508,#13509);
#13508 = CARTESIAN_POINT('',(-28.,-803.,2.296E+03));
#13509 = VECTOR('',#13510,1.);
#13510 = DIRECTION('',(1.,0.,-0.));
#13511 = PCURVE('',#12428,#13512);
#13512 = DEFINITIONAL_REPRESENTATION('',(#13513),#13517);
#13513 = LINE('',#13514,#13515);
#13514 = CARTESIAN_POINT('',(0.,0.));
#13515 = VECTOR('',#13516,1.);
#13516 = DIRECTION('',(1.,0.));
#13517 = ( GEOMETRIC_REPRESENTATION_CONTEXT(2) 
PARAMETRIC_REPRESENTATION_CONTEXT() REPRESENTATION_CONTEXT('2D SPACE',''
  ) );
#13518 = PCURVE('',#12402,#13519);
#13519 = DEFINITIONAL_REPRESENTATION('',(#13520),#13524);
#13520 = LINE('',#13521,#13522);
#13521 = CARTESIAN_POINT('',(12.,0.));
#13522 = VECTOR('',#13523,1.);
#13523 = DIRECTION('',(0.,1.));
#13524 = ( GEOMETRIC_REPRESENTATION_CONTEXT(2) 
PARAMETRIC_REPRESENTATION_CONTEXT() REPRESENTATION_CONTEXT('2D SPACE',''
  ) );
#13525 = ORIENTED_EDGE('',*,*,#13526,.T.);
#13526 = EDGE_CURVE('',#13504,#13359,#13527,.T.);
#13527 = SURFACE_CURVE('',#13528,(#13532,#13539),.PCURVE_S1.);
#13528 = LINE('',#13529,#13530);
#13529 = CARTESIAN_POINT('',(28.,-803.,2.296E+03));
#13530 = VECTOR('',#13531,1.);
#13531 = DIRECTION('',(-0.,1.,0.));
#13532 = PCURVE('',#12428,#13533);
#13533 = DEFINITIONAL_REPRESENTATION('',(#13534),#13538);
#13534 = LINE('',#13535,#13536);
#13535 = CARTESIAN_POINT('',(56.,0.));
#13536 = VECTOR('',#13537,1.);
#13537 = DIRECTION('',(0.,1.));
#13538 = ( GEOMETRIC_REPRESENTATION_CONTEXT(2) 
PARAMETRIC_REPRESENTATION_CONTEXT() REPRESENTATION_CONTEXT('2D SPACE',''
  ) );
#13539 = PCURVE('',#13540,#13545);
#13540 = PLANE('',#13541);
#13541 = AXIS2_PLACEMENT_3D('',#13542,#13543,#13544);
#13542 = CARTESIAN_POINT('',(28.,-803.,2.284E+03));
#13543 = DIRECTION('',(1.,0.,-0.));
#13544 = DIRECTION('',(0.,0.,1.));
#13545 = DEFINITIONAL_REPRESENTATION('',(#13546),#13550);
#13546 = LINE('',#13547,#13548);
#13547 = CARTESIAN_POINT('',(12.,0.));
#13548 = VECTOR('',#13549,1.);
#13549 = DIRECTION('',(0.,-1.));
#13550 = ( GEOMETRIC_REPRESENTATION_CONTEXT(2) 
PARAMETRIC_REPRESENTATION_CONTEXT() REPRESENTATION_CONTEXT('2D SPACE',''
  ) );
#13551 = ADVANCED_FACE('',(#13552),#12402,.F.);
#13552 = FACE_BOUND('',#13553,.F.);
#13553 = EDGE_LOOP('',(#13554,#13577,#13578,#13579));
#13554 = ORIENTED_EDGE('',*,*,#13555,.F.);
#13555 = EDGE_CURVE('',#12362,#13556,#13558,.T.);
#13556 = VERTEX_POINT('',#13557);
#13557 = CARTESIAN_POINT('',(28.,-803.,2.284E+03));
#13558 = SURFACE_CURVE('',#13559,(#13563,#13570),.PCURVE_S1.);
#13559 = LINE('',#13560,#13561);
#13560 = CARTESIAN_POINT('',(-28.,-803.,2.284E+03));
#13561 = VECTOR('',#13562,1.);
#13562 = DIRECTION('',(1.,0.,-0.));
#13563 = PCURVE('',#12402,#13564);
#13564 = DEFINITIONAL_REPRESENTATION('',(#13565),#13569);
#13565 = LINE('',#13566,#13567);
#13566 = CARTESIAN_POINT('',(0.,0.));
#13567 = VECTOR('',#13568,1.);
#13568 = DIRECTION('',(0.,1.));
#13569 = ( GEOMETRIC_REPRESENTATION_CONTEXT(2) 
PARAMETRIC_REPRESENTATION_CONTEXT() REPRESENTATION_CONTEXT('2D SPACE',''
  ) );
#13570 = PCURVE('',#12376,#13571);
#13571 = DEFINITIONAL_REPRESENTATION('',(#13572),#13576);
#13572 = LINE('',#13573,#13574);
#13573 = CARTESIAN_POINT('',(0.,0.));
#13574 = VECTOR('',#13575,1.);
#13575 = DIRECTION('',(1.,0.));
#13576 = ( GEOMETRIC_REPRESENTATION_CONTEXT(2) 
PARAMETRIC_REPRESENTATION_CONTEXT() REPRESENTATION_CONTEXT('2D SPACE',''
  ) );
#13577 = ORIENTED_EDGE('',*,*,#12387,.T.);
#13578 = ORIENTED_EDGE('',*,*,#13503,.T.);
#13579 = ORIENTED_EDGE('',*,*,#13580,.F.);
#13580 = EDGE_CURVE('',#13556,#13504,#13581,.T.);
#13581 = SURFACE_CURVE('',#13582,(#13586,#13593),.PCURVE_S1.);
#13582 = LINE('',#13583,#13584);
#13583 = CARTESIAN_POINT('',(28.,-803.,2.284E+03));
#13584 = VECTOR('',#13585,1.);
#13585 = DIRECTION('',(0.,0.,1.));
#13586 = PCURVE('',#12402,#13587);
#13587 = DEFINITIONAL_REPRESENTATION('',(#13588),#13592);
#13588 = LINE('',#13589,#13590);
#13589 = CARTESIAN_POINT('',(0.,56.));
#13590 = VECTOR('',#13591,1.);
#13591 = DIRECTION('',(1.,0.));
#13592 = ( GEOMETRIC_REPRESENTATION_CONTEXT(2) 
PARAMETRIC_REPRESENTATION_CONTEXT() REPRESENTATION_CONTEXT('2D SPACE',''
  ) );
#13593 = PCURVE('',#13540,#13594);
#13594 = DEFINITIONAL_REPRESENTATION('',(#13595),#13599);
#13595 = LINE('',#13596,#13597);
#13596 = CARTESIAN_POINT('',(0.,0.));
#13597 = VECTOR('',#13598,1.);
#13598 = DIRECTION('',(1.,0.));
#13599 = ( GEOMETRIC_REPRESENTATION_CONTEXT(2) 
PARAMETRIC_REPRESENTATION_CONTEXT() REPRESENTATION_CONTEXT('2D SPACE',''
  ) );
#13600 = ADVANCED_FACE('',(#13601),#12376,.F.);
#13601 = FACE_BOUND('',#13602,.F.);
#13602 = EDGE_LOOP('',(#13603,#13628,#13651,#13672,#13673,#13694,#13715,
    #13734,#13735,#13736));
#13603 = ORIENTED_EDGE('',*,*,#13604,.F.);
#13604 = EDGE_CURVE('',#13605,#13607,#13609,.T.);
#13605 = VERTEX_POINT('',#13606);
#13606 = CARTESIAN_POINT('',(-28.,-747.,2.284E+03));
#13607 = VERTEX_POINT('',#13608);
#13608 = CARTESIAN_POINT('',(28.,-747.,2.284E+03));
#13609 = SURFACE_CURVE('',#13610,(#13614,#13621),.PCURVE_S1.);
#13610 = LINE('',#13611,#13612);
#13611 = CARTESIAN_POINT('',(-28.,-747.,2.284E+03));
#13612 = VECTOR('',#13613,1.);
#13613 = DIRECTION('',(1.,0.,-0.));
#13614 = PCURVE('',#12376,#13615);
#13615 = DEFINITIONAL_REPRESENTATION('',(#13616),#13620);
#13616 = LINE('',#13617,#13618);
#13617 = CARTESIAN_POINT('',(0.,56.));
#13618 = VECTOR('',#13619,1.);
#13619 = DIRECTION('',(1.,0.));
#13620 = ( GEOMETRIC_REPRESENTATION_CONTEXT(2) 
PARAMETRIC_REPRESENTATION_CONTEXT() REPRESENTATION_CONTEXT('2D SPACE',''
  ) );
#13621 = PCURVE('',#13374,#13622);
#13622 = DEFINITIONAL_REPRESENTATION('',(#13623),#13627);
#13623 = LINE('',#13624,#13625);
#13624 = CARTESIAN_POINT('',(0.,0.));
#13625 = VECTOR('',#13626,1.);
#13626 = DIRECTION('',(0.,1.));
#13627 = ( GEOMETRIC_REPRESENTATION_CONTEXT(2) 
PARAMETRIC_REPRESENTATION_CONTEXT() REPRESENTATION_CONTEXT('2D SPACE',''
  ) );
#13628 = ORIENTED_EDGE('',*,*,#13629,.F.);
#13629 = EDGE_CURVE('',#13630,#13605,#13632,.T.);
#13630 = VERTEX_POINT('',#13631);
#13631 = CARTESIAN_POINT('',(-28.,-803.,2.284E+03));
#13632 = SURFACE_CURVE('',#13633,(#13637,#13644),.PCURVE_S1.);
#13633 = LINE('',#13634,#13635);
#13634 = CARTESIAN_POINT('',(-28.,-803.,2.284E+03));
#13635 = VECTOR('',#13636,1.);
#13636 = DIRECTION('',(-0.,1.,0.));
#13637 = PCURVE('',#12376,#13638);
#13638 = DEFINITIONAL_REPRESENTATION('',(#13639),#13643);
#13639 = LINE('',#13640,#13641);
#13640 = CARTESIAN_POINT('',(0.,0.));
#13641 = VECTOR('',#13642,1.);
#13642 = DIRECTION('',(0.,1.));
#13643 = ( GEOMETRIC_REPRESENTATION_CONTEXT(2) 
PARAMETRIC_REPRESENTATION_CONTEXT() REPRESENTATION_CONTEXT('2D SPACE',''
  ) );
#13644 = PCURVE('',#13402,#13645);
#13645 = DEFINITIONAL_REPRESENTATION('',(#13646),#13650);
#13646 = LINE('',#13647,#13648);
#13647 = CARTESIAN_POINT('',(0.,0.));
#13648 = VECTOR('',#13649,1.);
#13649 = DIRECTION('',(0.,-1.));
#13650 = ( GEOMETRIC_REPRESENTATION_CONTEXT(2) 
PARAMETRIC_REPRESENTATION_CONTEXT() REPRESENTATION_CONTEXT('2D SPACE',''
  ) );
#13651 = ORIENTED_EDGE('',*,*,#13652,.T.);
#13652 = EDGE_CURVE('',#13630,#12539,#13653,.T.);
#13653 = SURFACE_CURVE('',#13654,(#13658,#13665),.PCURVE_S1.);
#13654 = LINE('',#13655,#13656);
#13655 = CARTESIAN_POINT('',(-28.,-803.,2.284E+03));
#13656 = VECTOR('',#13657,1.);
#13657 = DIRECTION('',(1.,0.,-0.));
#13658 = PCURVE('',#12376,#13659);
#13659 = DEFINITIONAL_REPRESENTATION('',(#13660),#13664);
#13660 = LINE('',#13661,#13662);
#13661 = CARTESIAN_POINT('',(0.,0.));
#13662 = VECTOR('',#13663,1.);
#13663 = DIRECTION('',(1.,0.));
#13664 = ( GEOMETRIC_REPRESENTATION_CONTEXT(2) 
PARAMETRIC_REPRESENTATION_CONTEXT() REPRESENTATION_CONTEXT('2D SPACE',''
  ) );
#13665 = PCURVE('',#12574,#13666);
#13666 = DEFINITIONAL_REPRESENTATION('',(#13667),#13671);
#13667 = LINE('',#13668,#13669);
#13668 = CARTESIAN_POINT('',(0.,0.));
#13669 = VECTOR('',#13670,1.);
#13670 = DIRECTION('',(0.,1.));
#13671 = ( GEOMETRIC_REPRESENTATION_CONTEXT(2) 
PARAMETRIC_REPRESENTATION_CONTEXT() REPRESENTATION_CONTEXT('2D SPACE',''
  ) );
#13672 = ORIENTED_EDGE('',*,*,#12538,.F.);
#13673 = ORIENTED_EDGE('',*,*,#13674,.T.);
#13674 = EDGE_CURVE('',#12516,#13675,#13677,.T.);
#13675 = VERTEX_POINT('',#13676);
#13676 = CARTESIAN_POINT('',(-25.,-750.,2.284E+03));
#13677 = SURFACE_CURVE('',#13678,(#13682,#13688),.PCURVE_S1.);
#13678 = LINE('',#13679,#13680);
#13679 = CARTESIAN_POINT('',(-25.,-801.5,2.284E+03));
#13680 = VECTOR('',#13681,1.);
#13681 = DIRECTION('',(-0.,1.,0.));
#13682 = PCURVE('',#12376,#13683);
#13683 = DEFINITIONAL_REPRESENTATION('',(#13684),#13687);
#13684 = B_SPLINE_CURVE_WITH_KNOTS('',1,(#13685,#13686),.UNSPECIFIED.,
  .F.,.F.,(2,2),(1.5,51.5),.PIECEWISE_BEZIER_KNOTS.);
#13685 = CARTESIAN_POINT('',(3.,3.));
#13686 = CARTESIAN_POINT('',(3.,53.));
#13687 = ( GEOMETRIC_REPRESENTATION_CONTEXT(2) 
PARAMETRIC_REPRESENTATION_CONTEXT() REPRESENTATION_CONTEXT('2D SPACE',''
  ) );
#13688 = PCURVE('',#13339,#13689);
#13689 = DEFINITIONAL_REPRESENTATION('',(#13690),#13693);
#13690 = B_SPLINE_CURVE_WITH_KNOTS('',1,(#13691,#13692),.UNSPECIFIED.,
  .F.,.F.,(2,2),(1.5,51.5),.PIECEWISE_BEZIER_KNOTS.);
#13691 = CARTESIAN_POINT('',(1.,0.));
#13692 = CARTESIAN_POINT('',(1.,-50.));
#13693 = ( GEOMETRIC_REPRESENTATION_CONTEXT(2) 
PARAMETRIC_REPRESENTATION_CONTEXT() REPRESENTATION_CONTEXT('2D SPACE',''
  ) );
#13694 = ORIENTED_EDGE('',*,*,#13695,.F.);
#13695 = EDGE_CURVE('',#13696,#13675,#13698,.T.);
#13696 = VERTEX_POINT('',#13697);
#13697 = CARTESIAN_POINT('',(25.,-750.,2.284E+03));
#13698 = SURFACE_CURVE('',#13699,(#13703,#13709),.PCURVE_S1.);
#13699 = LINE('',#13700,#13701);
#13700 = CARTESIAN_POINT('',(-26.5,-750.,2.284E+03));
#13701 = VECTOR('',#13702,1.);
#13702 = DIRECTION('',(-1.,-0.,0.));
#13703 = PCURVE('',#12376,#13704);
#13704 = DEFINITIONAL_REPRESENTATION('',(#13705),#13708);
#13705 = B_SPLINE_CURVE_WITH_KNOTS('',1,(#13706,#13707),.UNSPECIFIED.,
  .F.,.F.,(2,2),(-51.5,-1.5),.PIECEWISE_BEZIER_KNOTS.);
#13706 = CARTESIAN_POINT('',(53.,53.));
#13707 = CARTESIAN_POINT('',(3.,53.));
#13708 = ( GEOMETRIC_REPRESENTATION_CONTEXT(2) 
PARAMETRIC_REPRESENTATION_CONTEXT() REPRESENTATION_CONTEXT('2D SPACE',''
  ) );
#13709 = PCURVE('',#13472,#13710);
#13710 = DEFINITIONAL_REPRESENTATION('',(#13711),#13714);
#13711 = B_SPLINE_CURVE_WITH_KNOTS('',1,(#13712,#13713),.UNSPECIFIED.,
  .F.,.F.,(2,2),(-51.5,-1.5),.PIECEWISE_BEZIER_KNOTS.);
#13712 = CARTESIAN_POINT('',(1.,50.));
#13713 = CARTESIAN_POINT('',(1.,0.));
#13714 = ( GEOMETRIC_REPRESENTATION_CONTEXT(2) 
PARAMETRIC_REPRESENTATION_CONTEXT() REPRESENTATION_CONTEXT('2D SPACE',''
  ) );
#13715 = ORIENTED_EDGE('',*,*,#13716,.F.);
#13716 = EDGE_CURVE('',#12339,#13696,#13717,.T.);
#13717 = SURFACE_CURVE('',#13718,(#13722,#13728),.PCURVE_S1.);
#13718 = LINE('',#13719,#13720);
#13719 = CARTESIAN_POINT('',(25.,-801.5,2.284E+03));
#13720 = VECTOR('',#13721,1.);
#13721 = DIRECTION('',(-0.,1.,0.));
#13722 = PCURVE('',#12376,#13723);
#13723 = DEFINITIONAL_REPRESENTATION('',(#13724),#13727);
#13724 = B_SPLINE_CURVE_WITH_KNOTS('',1,(#13725,#13726),.UNSPECIFIED.,
  .F.,.F.,(2,2),(1.5,51.5),.PIECEWISE_BEZIER_KNOTS.);
#13725 = CARTESIAN_POINT('',(53.,3.));
#13726 = CARTESIAN_POINT('',(53.,53.));
#13727 = ( GEOMETRIC_REPRESENTATION_CONTEXT(2) 
PARAMETRIC_REPRESENTATION_CONTEXT() REPRESENTATION_CONTEXT('2D SPACE',''
  ) );
#13728 = PCURVE('',#13310,#13729);
#13729 = DEFINITIONAL_REPRESENTATION('',(#13730),#13733);
#13730 = B_SPLINE_CURVE_WITH_KNOTS('',1,(#13731,#13732),.UNSPECIFIED.,
  .F.,.F.,(2,2),(1.5,51.5),.PIECEWISE_BEZIER_KNOTS.);
#13731 = CARTESIAN_POINT('',(1.,0.));
#13732 = CARTESIAN_POINT('',(1.,-50.));
#13733 = ( GEOMETRIC_REPRESENTATION_CONTEXT(2) 
PARAMETRIC_REPRESENTATION_CONTEXT() REPRESENTATION_CONTEXT('2D SPACE',''
  ) );
#13734 = ORIENTED_EDGE('',*,*,#12361,.T.);
#13735 = ORIENTED_EDGE('',*,*,#13555,.T.);
#13736 = ORIENTED_EDGE('',*,*,#13737,.T.);
#13737 = EDGE_CURVE('',#13556,#13607,#13738,.T.);
#13738 = SURFACE_CURVE('',#13739,(#13743,#13750),.PCURVE_S1.);
#13739 = LINE('',#13740,#13741);
#13740 = CARTESIAN_POINT('',(28.,-803.,2.284E+03));
#13741 = VECTOR('',#13742,1.);
#13742 = DIRECTION('',(-0.,1.,0.));
#13743 = PCURVE('',#12376,#13744);
#13744 = DEFINITIONAL_REPRESENTATION('',(#13745),#13749);
#13745 = LINE('',#13746,#13747);
#13746 = CARTESIAN_POINT('',(56.,0.));
#13747 = VECTOR('',#13748,1.);
#13748 = DIRECTION('',(0.,1.));
#13749 = ( GEOMETRIC_REPRESENTATION_CONTEXT(2) 
PARAMETRIC_REPRESENTATION_CONTEXT() REPRESENTATION_CONTEXT('2D SPACE',''
  ) );
#13750 = PCURVE('',#13540,#13751);
#13751 = DEFINITIONAL_REPRESENTATION('',(#13752),#13756);
#13752 = LINE('',#13753,#13754);
#13753 = CARTESIAN_POINT('',(0.,0.));
#13754 = VECTOR('',#13755,1.);
#13755 = DIRECTION('',(0.,-1.));
#13756 = ( GEOMETRIC_REPRESENTATION_CONTEXT(2) 
PARAMETRIC_REPRESENTATION_CONTEXT() REPRESENTATION_CONTEXT('2D SPACE',''
  ) );
#13757 = ADVANCED_FACE('',(#13758),#12574,.F.);
#13758 = FACE_BOUND('',#13759,.F.);
#13759 = EDGE_LOOP('',(#13760,#13761,#13782,#13783));
#13760 = ORIENTED_EDGE('',*,*,#13652,.F.);
#13761 = ORIENTED_EDGE('',*,*,#13762,.T.);
#13762 = EDGE_CURVE('',#13630,#13387,#13763,.T.);
#13763 = SURFACE_CURVE('',#13764,(#13768,#13775),.PCURVE_S1.);
#13764 = LINE('',#13765,#13766);
#13765 = CARTESIAN_POINT('',(-28.,-803.,2.284E+03));
#13766 = VECTOR('',#13767,1.);
#13767 = DIRECTION('',(0.,0.,1.));
#13768 = PCURVE('',#12574,#13769);
#13769 = DEFINITIONAL_REPRESENTATION('',(#13770),#13774);
#13770 = LINE('',#13771,#13772);
#13771 = CARTESIAN_POINT('',(0.,0.));
#13772 = VECTOR('',#13773,1.);
#13773 = DIRECTION('',(1.,0.));
#13774 = ( GEOMETRIC_REPRESENTATION_CONTEXT(2) 
PARAMETRIC_REPRESENTATION_CONTEXT() REPRESENTATION_CONTEXT('2D SPACE',''
  ) );
#13775 = PCURVE('',#13402,#13776);
#13776 = DEFINITIONAL_REPRESENTATION('',(#13777),#13781);
#13777 = LINE('',#13778,#13779);
#13778 = CARTESIAN_POINT('',(0.,0.));
#13779 = VECTOR('',#13780,1.);
#13780 = DIRECTION('',(1.,0.));
#13781 = ( GEOMETRIC_REPRESENTATION_CONTEXT(2) 
PARAMETRIC_REPRESENTATION_CONTEXT() REPRESENTATION_CONTEXT('2D SPACE',''
  ) );
#13782 = ORIENTED_EDGE('',*,*,#13414,.T.);
#13783 = ORIENTED_EDGE('',*,*,#12559,.F.);
#13784 = ADVANCED_FACE('',(#13785),#12676,.F.);
#13785 = FACE_BOUND('',#13786,.T.);
#13786 = EDGE_LOOP('',(#13787));
#13787 = ORIENTED_EDGE('',*,*,#12661,.F.);
#13788 = ADVANCED_FACE('',(#13789),#12731,.F.);
#13789 = FACE_BOUND('',#13790,.T.);
#13790 = EDGE_LOOP('',(#13791));
#13791 = ORIENTED_EDGE('',*,*,#12716,.F.);
#13792 = ADVANCED_FACE('',(#13793),#12786,.F.);
#13793 = FACE_BOUND('',#13794,.T.);
#13794 = EDGE_LOOP('',(#13795));
#13795 = ORIENTED_EDGE('',*,*,#12771,.F.);
#13796 = ADVANCED_FACE('',(#13797),#12881,.T.);
#13797 = FACE_BOUND('',#13798,.T.);
#13798 = EDGE_LOOP('',(#13799,#13800,#13821,#13822));
#13799 = ORIENTED_EDGE('',*,*,#13111,.F.);
#13800 = ORIENTED_EDGE('',*,*,#13801,.T.);
#13801 = EDGE_CURVE('',#13112,#12864,#13802,.T.);
#13802 = SURFACE_CURVE('',#13803,(#13807,#13814),.PCURVE_S1.);
#13803 = LINE('',#13804,#13805);
#13804 = CARTESIAN_POINT('',(-28.,-747.,2.034E+03));
#13805 = VECTOR('',#13806,1.);
#13806 = DIRECTION('',(0.,0.,1.));
#13807 = PCURVE('',#12881,#13808);
#13808 = DEFINITIONAL_REPRESENTATION('',(#13809),#13813);
#13809 = LINE('',#13810,#13811);
#13810 = CARTESIAN_POINT('',(0.,0.));
#13811 = VECTOR('',#13812,1.);
#13812 = DIRECTION('',(1.,0.));
#13813 = ( GEOMETRIC_REPRESENTATION_CONTEXT(2) 
PARAMETRIC_REPRESENTATION_CONTEXT() REPRESENTATION_CONTEXT('2D SPACE',''
  ) );
#13814 = PCURVE('',#12909,#13815);
#13815 = DEFINITIONAL_REPRESENTATION('',(#13816),#13820);
#13816 = LINE('',#13817,#13818);
#13817 = CARTESIAN_POINT('',(0.,-56.));
#13818 = VECTOR('',#13819,1.);
#13819 = DIRECTION('',(1.,0.));
#13820 = ( GEOMETRIC_REPRESENTATION_CONTEXT(2) 
PARAMETRIC_REPRESENTATION_CONTEXT() REPRESENTATION_CONTEXT('2D SPACE',''
  ) );
#13821 = ORIENTED_EDGE('',*,*,#12863,.T.);
#13822 = ORIENTED_EDGE('',*,*,#13823,.F.);
#13823 = EDGE_CURVE('',#13114,#12866,#13824,.T.);
#13824 = SURFACE_CURVE('',#13825,(#13829,#13836),.PCURVE_S1.);
#13825 = LINE('',#13826,#13827);
#13826 = CARTESIAN_POINT('',(28.,-747.,2.034E+03));
#13827 = VECTOR('',#13828,1.);
#13828 = DIRECTION('',(0.,0.,1.));
#13829 = PCURVE('',#12881,#13830);
#13830 = DEFINITIONAL_REPRESENTATION('',(#13831),#13835);
#13831 = LINE('',#13832,#13833);
#13832 = CARTESIAN_POINT('',(0.,56.));
#13833 = VECTOR('',#13834,1.);
#13834 = DIRECTION('',(1.,0.));
#13835 = ( GEOMETRIC_REPRESENTATION_CONTEXT(2) 
PARAMETRIC_REPRESENTATION_CONTEXT() REPRESENTATION_CONTEXT('2D SPACE',''
  ) );
#13836 = PCURVE('',#13047,#13837);
#13837 = DEFINITIONAL_REPRESENTATION('',(#13838),#13842);
#13838 = LINE('',#13839,#13840);
#13839 = CARTESIAN_POINT('',(0.,-56.));
#13840 = VECTOR('',#13841,1.);
#13841 = DIRECTION('',(1.,0.));
#13842 = ( GEOMETRIC_REPRESENTATION_CONTEXT(2) 
PARAMETRIC_REPRESENTATION_CONTEXT() REPRESENTATION_CONTEXT('2D SPACE',''
  ) );
#13843 = ADVANCED_FACE('',(#13844),#13047,.T.);
#13844 = FACE_BOUND('',#13845,.T.);
#13845 = EDGE_LOOP('',(#13846,#13847,#13848,#13849));
#13846 = ORIENTED_EDGE('',*,*,#13087,.F.);
#13847 = ORIENTED_EDGE('',*,*,#13244,.T.);
#13848 = ORIENTED_EDGE('',*,*,#13823,.T.);
#13849 = ORIENTED_EDGE('',*,*,#13033,.F.);
#13850 = ADVANCED_FACE('',(#13851),#12817,.F.);
#13851 = FACE_BOUND('',#13852,.F.);
#13852 = EDGE_LOOP('',(#13853,#13854,#13855,#13876));
#13853 = ORIENTED_EDGE('',*,*,#12803,.F.);
#13854 = ORIENTED_EDGE('',*,*,#13223,.T.);
#13855 = ORIENTED_EDGE('',*,*,#13856,.T.);
#13856 = EDGE_CURVE('',#13203,#12965,#13857,.T.);
#13857 = SURFACE_CURVE('',#13858,(#13862,#13869),.PCURVE_S1.);
#13858 = LINE('',#13859,#13860);
#13859 = CARTESIAN_POINT('',(25.,-750.,2.033E+03));
#13860 = VECTOR('',#13861,1.);
#13861 = DIRECTION('',(0.,0.,1.));
#13862 = PCURVE('',#12817,#13863);
#13863 = DEFINITIONAL_REPRESENTATION('',(#13864),#13868);
#13864 = LINE('',#13865,#13866);
#13865 = CARTESIAN_POINT('',(0.,-50.));
#13866 = VECTOR('',#13867,1.);
#13867 = DIRECTION('',(1.,0.));
#13868 = ( GEOMETRIC_REPRESENTATION_CONTEXT(2) 
PARAMETRIC_REPRESENTATION_CONTEXT() REPRESENTATION_CONTEXT('2D SPACE',''
  ) );
#13869 = PCURVE('',#12979,#13870);
#13870 = DEFINITIONAL_REPRESENTATION('',(#13871),#13875);
#13871 = LINE('',#13872,#13873);
#13872 = CARTESIAN_POINT('',(0.,50.));
#13873 = VECTOR('',#13874,1.);
#13874 = DIRECTION('',(1.,0.));
#13875 = ( GEOMETRIC_REPRESENTATION_CONTEXT(2) 
PARAMETRIC_REPRESENTATION_CONTEXT() REPRESENTATION_CONTEXT('2D SPACE',''
  ) );
#13876 = ORIENTED_EDGE('',*,*,#12990,.F.);
#13877 = ADVANCED_FACE('',(#13878),#12979,.F.);
#13878 = FACE_BOUND('',#13879,.F.);
#13879 = EDGE_LOOP('',(#13880,#13881,#13882,#13903));
#13880 = ORIENTED_EDGE('',*,*,#13856,.F.);
#13881 = ORIENTED_EDGE('',*,*,#13202,.T.);
#13882 = ORIENTED_EDGE('',*,*,#13883,.T.);
#13883 = EDGE_CURVE('',#13182,#12944,#13884,.T.);
#13884 = SURFACE_CURVE('',#13885,(#13889,#13896),.PCURVE_S1.);
#13885 = LINE('',#13886,#13887);
#13886 = CARTESIAN_POINT('',(-25.,-750.,2.033E+03));
#13887 = VECTOR('',#13888,1.);
#13888 = DIRECTION('',(0.,0.,1.));
#13889 = PCURVE('',#12979,#13890);
#13890 = DEFINITIONAL_REPRESENTATION('',(#13891),#13895);
#13891 = LINE('',#13892,#13893);
#13892 = CARTESIAN_POINT('',(0.,0.));
#13893 = VECTOR('',#13894,1.);
#13894 = DIRECTION('',(1.,0.));
#13895 = ( GEOMETRIC_REPRESENTATION_CONTEXT(2) 
PARAMETRIC_REPRESENTATION_CONTEXT() REPRESENTATION_CONTEXT('2D SPACE',''
  ) );
#13896 = PCURVE('',#12846,#13897);
#13897 = DEFINITIONAL_REPRESENTATION('',(#13898),#13902);
#13898 = LINE('',#13899,#13900);
#13899 = CARTESIAN_POINT('',(0.,-50.));
#13900 = VECTOR('',#13901,1.);
#13901 = DIRECTION('',(1.,0.));
#13902 = ( GEOMETRIC_REPRESENTATION_CONTEXT(2) 
PARAMETRIC_REPRESENTATION_CONTEXT() REPRESENTATION_CONTEXT('2D SPACE',''
  ) );
#13903 = ORIENTED_EDGE('',*,*,#12964,.F.);
#13904 = ADVANCED_FACE('',(#13905),#12846,.T.);
#13905 = FACE_BOUND('',#13906,.T.);
#13906 = EDGE_LOOP('',(#13907,#13908,#13909,#13910));
#13907 = ORIENTED_EDGE('',*,*,#12832,.F.);
#13908 = ORIENTED_EDGE('',*,*,#13181,.T.);
#13909 = ORIENTED_EDGE('',*,*,#13883,.T.);
#13910 = ORIENTED_EDGE('',*,*,#12943,.F.);
#13911 = ADVANCED_FACE('',(#13912),#12909,.F.);
#13912 = FACE_BOUND('',#13913,.F.);
#13913 = EDGE_LOOP('',(#13914,#13915,#13916,#13917));
#13914 = ORIENTED_EDGE('',*,*,#13269,.F.);
#13915 = ORIENTED_EDGE('',*,*,#13136,.T.);
#13916 = ORIENTED_EDGE('',*,*,#13801,.T.);
#13917 = ORIENTED_EDGE('',*,*,#12893,.F.);
#13918 = ADVANCED_FACE('',(#13919),#13374,.T.);
#13919 = FACE_BOUND('',#13920,.T.);
#13920 = EDGE_LOOP('',(#13921,#13922,#13943,#13944));
#13921 = ORIENTED_EDGE('',*,*,#13604,.F.);
#13922 = ORIENTED_EDGE('',*,*,#13923,.T.);
#13923 = EDGE_CURVE('',#13605,#13357,#13924,.T.);
#13924 = SURFACE_CURVE('',#13925,(#13929,#13936),.PCURVE_S1.);
#13925 = LINE('',#13926,#13927);
#13926 = CARTESIAN_POINT('',(-28.,-747.,2.284E+03));
#13927 = VECTOR('',#13928,1.);
#13928 = DIRECTION('',(0.,0.,1.));
#13929 = PCURVE('',#13374,#13930);
#13930 = DEFINITIONAL_REPRESENTATION('',(#13931),#13935);
#13931 = LINE('',#13932,#13933);
#13932 = CARTESIAN_POINT('',(0.,0.));
#13933 = VECTOR('',#13934,1.);
#13934 = DIRECTION('',(1.,0.));
#13935 = ( GEOMETRIC_REPRESENTATION_CONTEXT(2) 
PARAMETRIC_REPRESENTATION_CONTEXT() REPRESENTATION_CONTEXT('2D SPACE',''
  ) );
#13936 = PCURVE('',#13402,#13937);
#13937 = DEFINITIONAL_REPRESENTATION('',(#13938),#13942);
#13938 = LINE('',#13939,#13940);
#13939 = CARTESIAN_POINT('',(0.,-56.));
#13940 = VECTOR('',#13941,1.);
#13941 = DIRECTION('',(1.,0.));
#13942 = ( GEOMETRIC_REPRESENTATION_CONTEXT(2) 
PARAMETRIC_REPRESENTATION_CONTEXT() REPRESENTATION_CONTEXT('2D SPACE',''
  ) );
#13943 = ORIENTED_EDGE('',*,*,#13356,.T.);
#13944 = ORIENTED_EDGE('',*,*,#13945,.F.);
#13945 = EDGE_CURVE('',#13607,#13359,#13946,.T.);
#13946 = SURFACE_CURVE('',#13947,(#13951,#13958),.PCURVE_S1.);
#13947 = LINE('',#13948,#13949);
#13948 = CARTESIAN_POINT('',(28.,-747.,2.284E+03));
#13949 = VECTOR('',#13950,1.);
#13950 = DIRECTION('',(0.,0.,1.));
#13951 = PCURVE('',#13374,#13952);
#13952 = DEFINITIONAL_REPRESENTATION('',(#13953),#13957);
#13953 = LINE('',#13954,#13955);
#13954 = CARTESIAN_POINT('',(0.,56.));
#13955 = VECTOR('',#13956,1.);
#13956 = DIRECTION('',(1.,0.));
#13957 = ( GEOMETRIC_REPRESENTATION_CONTEXT(2) 
PARAMETRIC_REPRESENTATION_CONTEXT() REPRESENTATION_CONTEXT('2D SPACE',''
  ) );
#13958 = PCURVE('',#13540,#13959);
#13959 = DEFINITIONAL_REPRESENTATION('',(#13960),#13964);
#13960 = LINE('',#13961,#13962);
#13961 = CARTESIAN_POINT('',(0.,-56.));
#13962 = VECTOR('',#13963,1.);
#13963 = DIRECTION('',(1.,0.));
#13964 = ( GEOMETRIC_REPRESENTATION_CONTEXT(2) 
PARAMETRIC_REPRESENTATION_CONTEXT() REPRESENTATION_CONTEXT('2D SPACE',''
  ) );
#13965 = ADVANCED_FACE('',(#13966),#13540,.T.);
#13966 = FACE_BOUND('',#13967,.T.);
#13967 = EDGE_LOOP('',(#13968,#13969,#13970,#13971));
#13968 = ORIENTED_EDGE('',*,*,#13580,.F.);
#13969 = ORIENTED_EDGE('',*,*,#13737,.T.);
#13970 = ORIENTED_EDGE('',*,*,#13945,.T.);
#13971 = ORIENTED_EDGE('',*,*,#13526,.F.);
#13972 = ADVANCED_FACE('',(#13973),#13310,.F.);
#13973 = FACE_BOUND('',#13974,.F.);
#13974 = EDGE_LOOP('',(#13975,#13976,#13977,#13998));
#13975 = ORIENTED_EDGE('',*,*,#13296,.F.);
#13976 = ORIENTED_EDGE('',*,*,#13716,.T.);
#13977 = ORIENTED_EDGE('',*,*,#13978,.T.);
#13978 = EDGE_CURVE('',#13696,#13458,#13979,.T.);
#13979 = SURFACE_CURVE('',#13980,(#13984,#13991),.PCURVE_S1.);
#13980 = LINE('',#13981,#13982);
#13981 = CARTESIAN_POINT('',(25.,-750.,2.283E+03));
#13982 = VECTOR('',#13983,1.);
#13983 = DIRECTION('',(0.,0.,1.));
#13984 = PCURVE('',#13310,#13985);
#13985 = DEFINITIONAL_REPRESENTATION('',(#13986),#13990);
#13986 = LINE('',#13987,#13988);
#13987 = CARTESIAN_POINT('',(0.,-50.));
#13988 = VECTOR('',#13989,1.);
#13989 = DIRECTION('',(1.,0.));
#13990 = ( GEOMETRIC_REPRESENTATION_CONTEXT(2) 
PARAMETRIC_REPRESENTATION_CONTEXT() REPRESENTATION_CONTEXT('2D SPACE',''
  ) );
#13991 = PCURVE('',#13472,#13992);
#13992 = DEFINITIONAL_REPRESENTATION('',(#13993),#13997);
#13993 = LINE('',#13994,#13995);
#13994 = CARTESIAN_POINT('',(0.,50.));
#13995 = VECTOR('',#13996,1.);
#13996 = DIRECTION('',(1.,0.));
#13997 = ( GEOMETRIC_REPRESENTATION_CONTEXT(2) 
PARAMETRIC_REPRESENTATION_CONTEXT() REPRESENTATION_CONTEXT('2D SPACE',''
  ) );
#13998 = ORIENTED_EDGE('',*,*,#13483,.F.);
#13999 = ADVANCED_FACE('',(#14000),#13472,.F.);
#14000 = FACE_BOUND('',#14001,.F.);
#14001 = EDGE_LOOP('',(#14002,#14003,#14004,#14025));
#14002 = ORIENTED_EDGE('',*,*,#13978,.F.);
#14003 = ORIENTED_EDGE('',*,*,#13695,.T.);
#14004 = ORIENTED_EDGE('',*,*,#14005,.T.);
#14005 = EDGE_CURVE('',#13675,#13437,#14006,.T.);
#14006 = SURFACE_CURVE('',#14007,(#14011,#14018),.PCURVE_S1.);
#14007 = LINE('',#14008,#14009);
#14008 = CARTESIAN_POINT('',(-25.,-750.,2.283E+03));
#14009 = VECTOR('',#14010,1.);
#14010 = DIRECTION('',(0.,0.,1.));
#14011 = PCURVE('',#13472,#14012);
#14012 = DEFINITIONAL_REPRESENTATION('',(#14013),#14017);
#14013 = LINE('',#14014,#14015);
#14014 = CARTESIAN_POINT('',(0.,0.));
#14015 = VECTOR('',#14016,1.);
#14016 = DIRECTION('',(1.,0.));
#14017 = ( GEOMETRIC_REPRESENTATION_CONTEXT(2) 
PARAMETRIC_REPRESENTATION_CONTEXT() REPRESENTATION_CONTEXT('2D SPACE',''
  ) );
#14018 = PCURVE('',#13339,#14019);
#14019 = DEFINITIONAL_REPRESENTATION('',(#14020),#14024);
#14020 = LINE('',#14021,#14022);
#14021 = CARTESIAN_POINT('',(0.,-50.));
#14022 = VECTOR('',#14023,1.);
#14023 = DIRECTION('',(1.,0.));
#14024 = ( GEOMETRIC_REPRESENTATION_CONTEXT(2) 
PARAMETRIC_REPRESENTATION_CONTEXT() REPRESENTATION_CONTEXT('2D SPACE',''
  ) );
#14025 = ORIENTED_EDGE('',*,*,#13457,.F.);
#14026 = ADVANCED_FACE('',(#14027),#13339,.T.);
#14027 = FACE_BOUND('',#14028,.T.);
#14028 = EDGE_LOOP('',(#14029,#14030,#14031,#14032));
#14029 = ORIENTED_EDGE('',*,*,#13325,.F.);
#14030 = ORIENTED_EDGE('',*,*,#13674,.T.);
#14031 = ORIENTED_EDGE('',*,*,#14005,.T.);
#14032 = ORIENTED_EDGE('',*,*,#13436,.F.);
#14033 = ADVANCED_FACE('',(#14034),#13402,.F.);
#14034 = FACE_BOUND('',#14035,.F.);
#14035 = EDGE_LOOP('',(#14036,#14037,#14038,#14039));
#14036 = ORIENTED_EDGE('',*,*,#13762,.F.);
#14037 = ORIENTED_EDGE('',*,*,#13629,.T.);
#14038 = ORIENTED_EDGE('',*,*,#13923,.T.);
#14039 = ORIENTED_EDGE('',*,*,#13386,.F.);
#14040 = ( GEOMETRIC_REPRESENTATION_CONTEXT(3) 
GLOBAL_UNCERTAINTY_ASSIGNED_CONTEXT((#14044)) 
GLOBAL_UNIT_ASSIGNED_CONTEXT((#14041,#14042,#14043)) 
REPRESENTATION_CONTEXT('Context #1',
  '3D Context with UNIT and UNCERTAINTY') );
#14041 = ( LENGTH_UNIT() NAMED_UNIT(*) SI_UNIT(.MILLI.,.METRE.) );
#14042 = ( NAMED_UNIT(*) PLANE_ANGLE_UNIT() SI_UNIT($,.RADIAN.) );
#14043 = ( NAMED_UNIT(*) SI_UNIT($,.STERADIAN.) SOLID_ANGLE_UNIT() );
#14044 = UNCERTAINTY_MEASURE_WITH_UNIT(LENGTH_MEASURE(2.E-07),#14041,
  'distance_accuracy_value','confusion accuracy');
#14045 = CONTEXT_DEPENDENT_SHAPE_REPRESENTATION(#14046,#14048);
#14046 = ( REPRESENTATION_RELATIONSHIP('','',#10295,#10) 
REPRESENTATION_RELATIONSHIP_WITH_TRANSFORMATION(#14047) 
SHAPE_REPRESENTATION_RELATIONSHIP() );
#14047 = ITEM_DEFINED_TRANSFORMATION('','',#11,#43);
#14048 = PRODUCT_DEFINITION_SHAPE('Placement','Placement of an item',
  #14049);
#14049 = NEXT_ASSEMBLY_USAGE_OCCURRENCE('20','=>[0:1:1:9]','',#5,#10290,
  $);
#14050 = PRODUCT_RELATED_PRODUCT_CATEGORY('part',$,(#10292));
#14051 = SHAPE_DEFINITION_REPRESENTATION(#14052,#14058);
#14052 = PRODUCT_DEFINITION_SHAPE('','',#14053);
#14053 = PRODUCT_DEFINITION('design','',#14054,#14057);
#14054 = PRODUCT_DEFINITION_FORMATION('','',#14055);
#14055 = PRODUCT('COMPOUND','COMPOUND','',(#14056));
#14056 = PRODUCT_CONTEXT('',#2,'mechanical');
#14057 = PRODUCT_DEFINITION_CONTEXT('part definition',#2,'design');
#14058 = SHAPE_REPRESENTATION('',(#11,#14059,#15013),#15967);
#14059 = MANIFOLD_SOLID_BREP('',#14060);
#14060 = CLOSED_SHELL('',(#14061,#14405,#14481,#14530,#14601,#14650,
    #14677,#14844,#14871,#14898,#14925,#14952,#14979,#15006));
#14061 = ADVANCED_FACE('',(#14062),#14076,.F.);
#14062 = FACE_BOUND('',#14063,.F.);
#14063 = EDGE_LOOP('',(#14064,#14099,#14127,#14155,#14183,#14211,#14239,
    #14267,#14295,#14323,#14351,#14379));
#14064 = ORIENTED_EDGE('',*,*,#14065,.F.);
#14065 = EDGE_CURVE('',#14066,#14068,#14070,.T.);
#14066 = VERTEX_POINT('',#14067);
#14067 = CARTESIAN_POINT('',(-400.,-685.,1.2E+03));
#14068 = VERTEX_POINT('',#14069);
#14069 = CARTESIAN_POINT('',(-400.,-685.,1.2127E+03));
#14070 = SURFACE_CURVE('',#14071,(#14075,#14087),.PCURVE_S1.);
#14071 = LINE('',#14072,#14073);
#14072 = CARTESIAN_POINT('',(-400.,-685.,1.2E+03));
#14073 = VECTOR('',#14074,1.);
#14074 = DIRECTION('',(0.,0.,1.));
#14075 = PCURVE('',#14076,#14081);
#14076 = PLANE('',#14077);
#14077 = AXIS2_PLACEMENT_3D('',#14078,#14079,#14080);
#14078 = CARTESIAN_POINT('',(-400.,-685.,1.2E+03));
#14079 = DIRECTION('',(1.,0.,-0.));
#14080 = DIRECTION('',(0.,0.,1.));
#14081 = DEFINITIONAL_REPRESENTATION('',(#14082),#14086);
#14082 = LINE('',#14083,#14084);
#14083 = CARTESIAN_POINT('',(0.,0.));
#14084 = VECTOR('',#14085,1.);
#14085 = DIRECTION('',(1.,0.));
#14086 = ( GEOMETRIC_REPRESENTATION_CONTEXT(2) 
PARAMETRIC_REPRESENTATION_CONTEXT() REPRESENTATION_CONTEXT('2D SPACE',''
  ) );
#14087 = PCURVE('',#14088,#14093);
#14088 = PLANE('',#14089);
#14089 = AXIS2_PLACEMENT_3D('',#14090,#14091,#14092);
#14090 = CARTESIAN_POINT('',(-400.,-685.,1.2E+03));
#14091 = DIRECTION('',(-0.,1.,0.));
#14092 = DIRECTION('',(0.,0.,1.));
#14093 = DEFINITIONAL_REPRESENTATION('',(#14094),#14098);
#14094 = LINE('',#14095,#14096);
#14095 = CARTESIAN_POINT('',(0.,0.));
#14096 = VECTOR('',#14097,1.);
#14097 = DIRECTION('',(1.,0.));
#14098 = ( GEOMETRIC_REPRESENTATION_CONTEXT(2) 
PARAMETRIC_REPRESENTATION_CONTEXT() REPRESENTATION_CONTEXT('2D SPACE',''
  ) );
#14099 = ORIENTED_EDGE('',*,*,#14100,.T.);
#14100 = EDGE_CURVE('',#14066,#14101,#14103,.T.);
#14101 = VERTEX_POINT('',#14102);
#14102 = CARTESIAN_POINT('',(-400.,-515.,1.2E+03));
#14103 = SURFACE_CURVE('',#14104,(#14108,#14115),.PCURVE_S1.);
#14104 = LINE('',#14105,#14106);
#14105 = CARTESIAN_POINT('',(-400.,-685.,1.2E+03));
#14106 = VECTOR('',#14107,1.);
#14107 = DIRECTION('',(-0.,1.,0.));
#14108 = PCURVE('',#14076,#14109);
#14109 = DEFINITIONAL_REPRESENTATION('',(#14110),#14114);
#14110 = LINE('',#14111,#14112);
#14111 = CARTESIAN_POINT('',(0.,0.));
#14112 = VECTOR('',#14113,1.);
#14113 = DIRECTION('',(0.,-1.));
#14114 = ( GEOMETRIC_REPRESENTATION_CONTEXT(2) 
PARAMETRIC_REPRESENTATION_CONTEXT() REPRESENTATION_CONTEXT('2D SPACE',''
  ) );
#14115 = PCURVE('',#14116,#14121);
#14116 = PLANE('',#14117);
#14117 = AXIS2_PLACEMENT_3D('',#14118,#14119,#14120);
#14118 = CARTESIAN_POINT('',(-400.,-685.,1.2E+03));
#14119 = DIRECTION('',(0.,0.,1.));
#14120 = DIRECTION('',(1.,0.,-0.));
#14121 = DEFINITIONAL_REPRESENTATION('',(#14122),#14126);
#14122 = LINE('',#14123,#14124);
#14123 = CARTESIAN_POINT('',(0.,0.));
#14124 = VECTOR('',#14125,1.);
#14125 = DIRECTION('',(0.,1.));
#14126 = ( GEOMETRIC_REPRESENTATION_CONTEXT(2) 
PARAMETRIC_REPRESENTATION_CONTEXT() REPRESENTATION_CONTEXT('2D SPACE',''
  ) );
#14127 = ORIENTED_EDGE('',*,*,#14128,.T.);
#14128 = EDGE_CURVE('',#14101,#14129,#14131,.T.);
#14129 = VERTEX_POINT('',#14130);
#14130 = CARTESIAN_POINT('',(-400.,-515.,1.2127E+03));
#14131 = SURFACE_CURVE('',#14132,(#14136,#14143),.PCURVE_S1.);
#14132 = LINE('',#14133,#14134);
#14133 = CARTESIAN_POINT('',(-400.,-515.,1.2E+03));
#14134 = VECTOR('',#14135,1.);
#14135 = DIRECTION('',(0.,0.,1.));
#14136 = PCURVE('',#14076,#14137);
#14137 = DEFINITIONAL_REPRESENTATION('',(#14138),#14142);
#14138 = LINE('',#14139,#14140);
#14139 = CARTESIAN_POINT('',(0.,-170.));
#14140 = VECTOR('',#14141,1.);
#14141 = DIRECTION('',(1.,0.));
#14142 = ( GEOMETRIC_REPRESENTATION_CONTEXT(2) 
PARAMETRIC_REPRESENTATION_CONTEXT() REPRESENTATION_CONTEXT('2D SPACE',''
  ) );
#14143 = PCURVE('',#14144,#14149);
#14144 = PLANE('',#14145);
#14145 = AXIS2_PLACEMENT_3D('',#14146,#14147,#14148);
#14146 = CARTESIAN_POINT('',(-400.,-515.,1.2E+03));
#14147 = DIRECTION('',(-0.,1.,0.));
#14148 = DIRECTION('',(0.,0.,1.));
#14149 = DEFINITIONAL_REPRESENTATION('',(#14150),#14154);
#14150 = LINE('',#14151,#14152);
#14151 = CARTESIAN_POINT('',(0.,0.));
#14152 = VECTOR('',#14153,1.);
#14153 = DIRECTION('',(1.,0.));
#14154 = ( GEOMETRIC_REPRESENTATION_CONTEXT(2) 
PARAMETRIC_REPRESENTATION_CONTEXT() REPRESENTATION_CONTEXT('2D SPACE',''
  ) );
#14155 = ORIENTED_EDGE('',*,*,#14156,.F.);
#14156 = EDGE_CURVE('',#14157,#14129,#14159,.T.);
#14157 = VERTEX_POINT('',#14158);
#14158 = CARTESIAN_POINT('',(-400.,-596.,1.2127E+03));
#14159 = SURFACE_CURVE('',#14160,(#14164,#14171),.PCURVE_S1.);
#14160 = LINE('',#14161,#14162);
#14161 = CARTESIAN_POINT('',(-400.,-685.,1.2127E+03));
#14162 = VECTOR('',#14163,1.);
#14163 = DIRECTION('',(-0.,1.,0.));
#14164 = PCURVE('',#14076,#14165);
#14165 = DEFINITIONAL_REPRESENTATION('',(#14166),#14170);
#14166 = LINE('',#14167,#14168);
#14167 = CARTESIAN_POINT('',(12.7,0.));
#14168 = VECTOR('',#14169,1.);
#14169 = DIRECTION('',(0.,-1.));
#14170 = ( GEOMETRIC_REPRESENTATION_CONTEXT(2) 
PARAMETRIC_REPRESENTATION_CONTEXT() REPRESENTATION_CONTEXT('2D SPACE',''
  ) );
#14171 = PCURVE('',#14172,#14177);
#14172 = PLANE('',#14173);
#14173 = AXIS2_PLACEMENT_3D('',#14174,#14175,#14176);
#14174 = CARTESIAN_POINT('',(-400.,-685.,1.2127E+03));
#14175 = DIRECTION('',(0.,0.,1.));
#14176 = DIRECTION('',(1.,0.,-0.));
#14177 = DEFINITIONAL_REPRESENTATION('',(#14178),#14182);
#14178 = LINE('',#14179,#14180);
#14179 = CARTESIAN_POINT('',(0.,0.));
#14180 = VECTOR('',#14181,1.);
#14181 = DIRECTION('',(0.,1.));
#14182 = ( GEOMETRIC_REPRESENTATION_CONTEXT(2) 
PARAMETRIC_REPRESENTATION_CONTEXT() REPRESENTATION_CONTEXT('2D SPACE',''
  ) );
#14183 = ORIENTED_EDGE('',*,*,#14184,.T.);
#14184 = EDGE_CURVE('',#14157,#14185,#14187,.T.);
#14185 = VERTEX_POINT('',#14186);
#14186 = CARTESIAN_POINT('',(-400.,-596.,1.5473E+03));
#14187 = SURFACE_CURVE('',#14188,(#14192,#14199),.PCURVE_S1.);
#14188 = LINE('',#14189,#14190);
#14189 = CARTESIAN_POINT('',(-400.,-596.,1.2127E+03));
#14190 = VECTOR('',#14191,1.);
#14191 = DIRECTION('',(0.,0.,1.));
#14192 = PCURVE('',#14076,#14193);
#14193 = DEFINITIONAL_REPRESENTATION('',(#14194),#14198);
#14194 = LINE('',#14195,#14196);
#14195 = CARTESIAN_POINT('',(12.7,-89.));
#14196 = VECTOR('',#14197,1.);
#14197 = DIRECTION('',(1.,0.));
#14198 = ( GEOMETRIC_REPRESENTATION_CONTEXT(2) 
PARAMETRIC_REPRESENTATION_CONTEXT() REPRESENTATION_CONTEXT('2D SPACE',''
  ) );
#14199 = PCURVE('',#14200,#14205);
#14200 = PLANE('',#14201);
#14201 = AXIS2_PLACEMENT_3D('',#14202,#14203,#14204);
#14202 = CARTESIAN_POINT('',(-400.,-596.,1.2127E+03));
#14203 = DIRECTION('',(-0.,1.,0.));
#14204 = DIRECTION('',(0.,0.,1.));
#14205 = DEFINITIONAL_REPRESENTATION('',(#14206),#14210);
#14206 = LINE('',#14207,#14208);
#14207 = CARTESIAN_POINT('',(0.,0.));
#14208 = VECTOR('',#14209,1.);
#14209 = DIRECTION('',(1.,0.));
#14210 = ( GEOMETRIC_REPRESENTATION_CONTEXT(2) 
PARAMETRIC_REPRESENTATION_CONTEXT() REPRESENTATION_CONTEXT('2D SPACE',''
  ) );
#14211 = ORIENTED_EDGE('',*,*,#14212,.T.);
#14212 = EDGE_CURVE('',#14185,#14213,#14215,.T.);
#14213 = VERTEX_POINT('',#14214);
#14214 = CARTESIAN_POINT('',(-400.,-515.,1.5473E+03));
#14215 = SURFACE_CURVE('',#14216,(#14220,#14227),.PCURVE_S1.);
#14216 = LINE('',#14217,#14218);
#14217 = CARTESIAN_POINT('',(-400.,-685.,1.5473E+03));
#14218 = VECTOR('',#14219,1.);
#14219 = DIRECTION('',(-0.,1.,0.));
#14220 = PCURVE('',#14076,#14221);
#14221 = DEFINITIONAL_REPRESENTATION('',(#14222),#14226);
#14222 = LINE('',#14223,#14224);
#14223 = CARTESIAN_POINT('',(347.3,0.));
#14224 = VECTOR('',#14225,1.);
#14225 = DIRECTION('',(0.,-1.));
#14226 = ( GEOMETRIC_REPRESENTATION_CONTEXT(2) 
PARAMETRIC_REPRESENTATION_CONTEXT() REPRESENTATION_CONTEXT('2D SPACE',''
  ) );
#14227 = PCURVE('',#14228,#14233);
#14228 = PLANE('',#14229);
#14229 = AXIS2_PLACEMENT_3D('',#14230,#14231,#14232);
#14230 = CARTESIAN_POINT('',(-400.,-685.,1.5473E+03));
#14231 = DIRECTION('',(0.,0.,1.));
#14232 = DIRECTION('',(1.,0.,-0.));
#14233 = DEFINITIONAL_REPRESENTATION('',(#14234),#14238);
#14234 = LINE('',#14235,#14236);
#14235 = CARTESIAN_POINT('',(0.,0.));
#14236 = VECTOR('',#14237,1.);
#14237 = DIRECTION('',(0.,1.));
#14238 = ( GEOMETRIC_REPRESENTATION_CONTEXT(2) 
PARAMETRIC_REPRESENTATION_CONTEXT() REPRESENTATION_CONTEXT('2D SPACE',''
  ) );
#14239 = ORIENTED_EDGE('',*,*,#14240,.T.);
#14240 = EDGE_CURVE('',#14213,#14241,#14243,.T.);
#14241 = VERTEX_POINT('',#14242);
#14242 = CARTESIAN_POINT('',(-400.,-515.,1.56E+03));
#14243 = SURFACE_CURVE('',#14244,(#14248,#14255),.PCURVE_S1.);
#14244 = LINE('',#14245,#14246);
#14245 = CARTESIAN_POINT('',(-400.,-515.,1.5473E+03));
#14246 = VECTOR('',#14247,1.);
#14247 = DIRECTION('',(0.,0.,1.));
#14248 = PCURVE('',#14076,#14249);
#14249 = DEFINITIONAL_REPRESENTATION('',(#14250),#14254);
#14250 = LINE('',#14251,#14252);
#14251 = CARTESIAN_POINT('',(347.3,-170.));
#14252 = VECTOR('',#14253,1.);
#14253 = DIRECTION('',(1.,0.));
#14254 = ( GEOMETRIC_REPRESENTATION_CONTEXT(2) 
PARAMETRIC_REPRESENTATION_CONTEXT() REPRESENTATION_CONTEXT('2D SPACE',''
  ) );
#14255 = PCURVE('',#14256,#14261);
#14256 = PLANE('',#14257);
#14257 = AXIS2_PLACEMENT_3D('',#14258,#14259,#14260);
#14258 = CARTESIAN_POINT('',(-400.,-515.,1.5473E+03));
#14259 = DIRECTION('',(-0.,1.,0.));
#14260 = DIRECTION('',(0.,0.,1.));
#14261 = DEFINITIONAL_REPRESENTATION('',(#14262),#14266);
#14262 = LINE('',#14263,#14264);
#14263 = CARTESIAN_POINT('',(0.,0.));
#14264 = VECTOR('',#14265,1.);
#14265 = DIRECTION('',(1.,0.));
#14266 = ( GEOMETRIC_REPRESENTATION_CONTEXT(2) 
PARAMETRIC_REPRESENTATION_CONTEXT() REPRESENTATION_CONTEXT('2D SPACE',''
  ) );
#14267 = ORIENTED_EDGE('',*,*,#14268,.F.);
#14268 = EDGE_CURVE('',#14269,#14241,#14271,.T.);
#14269 = VERTEX_POINT('',#14270);
#14270 = CARTESIAN_POINT('',(-400.,-685.,1.56E+03));
#14271 = SURFACE_CURVE('',#14272,(#14276,#14283),.PCURVE_S1.);
#14272 = LINE('',#14273,#14274);
#14273 = CARTESIAN_POINT('',(-400.,-685.,1.56E+03));
#14274 = VECTOR('',#14275,1.);
#14275 = DIRECTION('',(-0.,1.,0.));
#14276 = PCURVE('',#14076,#14277);
#14277 = DEFINITIONAL_REPRESENTATION('',(#14278),#14282);
#14278 = LINE('',#14279,#14280);
#14279 = CARTESIAN_POINT('',(360.,0.));
#14280 = VECTOR('',#14281,1.);
#14281 = DIRECTION('',(0.,-1.));
#14282 = ( GEOMETRIC_REPRESENTATION_CONTEXT(2) 
PARAMETRIC_REPRESENTATION_CONTEXT() REPRESENTATION_CONTEXT('2D SPACE',''
  ) );
#14283 = PCURVE('',#14284,#14289);
#14284 = PLANE('',#14285);
#14285 = AXIS2_PLACEMENT_3D('',#14286,#14287,#14288);
#14286 = CARTESIAN_POINT('',(-400.,-685.,1.56E+03));
#14287 = DIRECTION('',(0.,0.,1.));
#14288 = DIRECTION('',(1.,0.,-0.));
#14289 = DEFINITIONAL_REPRESENTATION('',(#14290),#14294);
#14290 = LINE('',#14291,#14292);
#14291 = CARTESIAN_POINT('',(0.,0.));
#14292 = VECTOR('',#14293,1.);
#14293 = DIRECTION('',(0.,1.));
#14294 = ( GEOMETRIC_REPRESENTATION_CONTEXT(2) 
PARAMETRIC_REPRESENTATION_CONTEXT() REPRESENTATION_CONTEXT('2D SPACE',''
  ) );
#14295 = ORIENTED_EDGE('',*,*,#14296,.F.);
#14296 = EDGE_CURVE('',#14297,#14269,#14299,.T.);
#14297 = VERTEX_POINT('',#14298);
#14298 = CARTESIAN_POINT('',(-400.,-685.,1.5473E+03));
#14299 = SURFACE_CURVE('',#14300,(#14304,#14311),.PCURVE_S1.);
#14300 = LINE('',#14301,#14302);
#14301 = CARTESIAN_POINT('',(-400.,-685.,1.5473E+03));
#14302 = VECTOR('',#14303,1.);
#14303 = DIRECTION('',(0.,0.,1.));
#14304 = PCURVE('',#14076,#14305);
#14305 = DEFINITIONAL_REPRESENTATION('',(#14306),#14310);
#14306 = LINE('',#14307,#14308);
#14307 = CARTESIAN_POINT('',(347.3,0.));
#14308 = VECTOR('',#14309,1.);
#14309 = DIRECTION('',(1.,0.));
#14310 = ( GEOMETRIC_REPRESENTATION_CONTEXT(2) 
PARAMETRIC_REPRESENTATION_CONTEXT() REPRESENTATION_CONTEXT('2D SPACE',''
  ) );
#14311 = PCURVE('',#14312,#14317);
#14312 = PLANE('',#14313);
#14313 = AXIS2_PLACEMENT_3D('',#14314,#14315,#14316);
#14314 = CARTESIAN_POINT('',(-400.,-685.,1.5473E+03));
#14315 = DIRECTION('',(-0.,1.,0.));
#14316 = DIRECTION('',(0.,0.,1.));
#14317 = DEFINITIONAL_REPRESENTATION('',(#14318),#14322);
#14318 = LINE('',#14319,#14320);
#14319 = CARTESIAN_POINT('',(0.,0.));
#14320 = VECTOR('',#14321,1.);
#14321 = DIRECTION('',(1.,0.));
#14322 = ( GEOMETRIC_REPRESENTATION_CONTEXT(2) 
PARAMETRIC_REPRESENTATION_CONTEXT() REPRESENTATION_CONTEXT('2D SPACE',''
  ) );
#14323 = ORIENTED_EDGE('',*,*,#14324,.T.);
#14324 = EDGE_CURVE('',#14297,#14325,#14327,.T.);
#14325 = VERTEX_POINT('',#14326);
#14326 = CARTESIAN_POINT('',(-400.,-604.,1.5473E+03));
#14327 = SURFACE_CURVE('',#14328,(#14332,#14339),.PCURVE_S1.);
#14328 = LINE('',#14329,#14330);
#14329 = CARTESIAN_POINT('',(-400.,-685.,1.5473E+03));
#14330 = VECTOR('',#14331,1.);
#14331 = DIRECTION('',(-0.,1.,0.));
#14332 = PCURVE('',#14076,#14333);
#14333 = DEFINITIONAL_REPRESENTATION('',(#14334),#14338);
#14334 = LINE('',#14335,#14336);
#14335 = CARTESIAN_POINT('',(347.3,0.));
#14336 = VECTOR('',#14337,1.);
#14337 = DIRECTION('',(0.,-1.));
#14338 = ( GEOMETRIC_REPRESENTATION_CONTEXT(2) 
PARAMETRIC_REPRESENTATION_CONTEXT() REPRESENTATION_CONTEXT('2D SPACE',''
  ) );
#14339 = PCURVE('',#14340,#14345);
#14340 = PLANE('',#14341);
#14341 = AXIS2_PLACEMENT_3D('',#14342,#14343,#14344);
#14342 = CARTESIAN_POINT('',(-400.,-685.,1.5473E+03));
#14343 = DIRECTION('',(0.,0.,1.));
#14344 = DIRECTION('',(1.,0.,-0.));
#14345 = DEFINITIONAL_REPRESENTATION('',(#14346),#14350);
#14346 = LINE('',#14347,#14348);
#14347 = CARTESIAN_POINT('',(0.,0.));
#14348 = VECTOR('',#14349,1.);
#14349 = DIRECTION('',(0.,1.));
#14350 = ( GEOMETRIC_REPRESENTATION_CONTEXT(2) 
PARAMETRIC_REPRESENTATION_CONTEXT() REPRESENTATION_CONTEXT('2D SPACE',''
  ) );
#14351 = ORIENTED_EDGE('',*,*,#14352,.F.);
#14352 = EDGE_CURVE('',#14353,#14325,#14355,.T.);
#14353 = VERTEX_POINT('',#14354);
#14354 = CARTESIAN_POINT('',(-400.,-604.,1.2127E+03));
#14355 = SURFACE_CURVE('',#14356,(#14360,#14367),.PCURVE_S1.);
#14356 = LINE('',#14357,#14358);
#14357 = CARTESIAN_POINT('',(-400.,-604.,1.2127E+03));
#14358 = VECTOR('',#14359,1.);
#14359 = DIRECTION('',(0.,0.,1.));
#14360 = PCURVE('',#14076,#14361);
#14361 = DEFINITIONAL_REPRESENTATION('',(#14362),#14366);
#14362 = LINE('',#14363,#14364);
#14363 = CARTESIAN_POINT('',(12.7,-81.));
#14364 = VECTOR('',#14365,1.);
#14365 = DIRECTION('',(1.,0.));
#14366 = ( GEOMETRIC_REPRESENTATION_CONTEXT(2) 
PARAMETRIC_REPRESENTATION_CONTEXT() REPRESENTATION_CONTEXT('2D SPACE',''
  ) );
#14367 = PCURVE('',#14368,#14373);
#14368 = PLANE('',#14369);
#14369 = AXIS2_PLACEMENT_3D('',#14370,#14371,#14372);
#14370 = CARTESIAN_POINT('',(-400.,-604.,1.2127E+03));
#14371 = DIRECTION('',(-0.,1.,0.));
#14372 = DIRECTION('',(0.,0.,1.));
#14373 = DEFINITIONAL_REPRESENTATION('',(#14374),#14378);
#14374 = LINE('',#14375,#14376);
#14375 = CARTESIAN_POINT('',(0.,0.));
#14376 = VECTOR('',#14377,1.);
#14377 = DIRECTION('',(1.,0.));
#14378 = ( GEOMETRIC_REPRESENTATION_CONTEXT(2) 
PARAMETRIC_REPRESENTATION_CONTEXT() REPRESENTATION_CONTEXT('2D SPACE',''
  ) );
#14379 = ORIENTED_EDGE('',*,*,#14380,.F.);
#14380 = EDGE_CURVE('',#14068,#14353,#14381,.T.);
#14381 = SURFACE_CURVE('',#14382,(#14386,#14393),.PCURVE_S1.);
#14382 = LINE('',#14383,#14384);
#14383 = CARTESIAN_POINT('',(-400.,-685.,1.2127E+03));
#14384 = VECTOR('',#14385,1.);
#14385 = DIRECTION('',(-0.,1.,0.));
#14386 = PCURVE('',#14076,#14387);
#14387 = DEFINITIONAL_REPRESENTATION('',(#14388),#14392);
#14388 = LINE('',#14389,#14390);
#14389 = CARTESIAN_POINT('',(12.7,0.));
#14390 = VECTOR('',#14391,1.);
#14391 = DIRECTION('',(0.,-1.));
#14392 = ( GEOMETRIC_REPRESENTATION_CONTEXT(2) 
PARAMETRIC_REPRESENTATION_CONTEXT() REPRESENTATION_CONTEXT('2D SPACE',''
  ) );
#14393 = PCURVE('',#14394,#14399);
#14394 = PLANE('',#14395);
#14395 = AXIS2_PLACEMENT_3D('',#14396,#14397,#14398);
#14396 = CARTESIAN_POINT('',(-400.,-685.,1.2127E+03));
#14397 = DIRECTION('',(0.,0.,1.));
#14398 = DIRECTION('',(1.,0.,-0.));
#14399 = DEFINITIONAL_REPRESENTATION('',(#14400),#14404);
#14400 = LINE('',#14401,#14402);
#14401 = CARTESIAN_POINT('',(0.,0.));
#14402 = VECTOR('',#14403,1.);
#14403 = DIRECTION('',(0.,1.));
#14404 = ( GEOMETRIC_REPRESENTATION_CONTEXT(2) 
PARAMETRIC_REPRESENTATION_CONTEXT() REPRESENTATION_CONTEXT('2D SPACE',''
  ) );
#14405 = ADVANCED_FACE('',(#14406),#14088,.F.);
#14406 = FACE_BOUND('',#14407,.F.);
#14407 = EDGE_LOOP('',(#14408,#14431,#14432,#14455));
#14408 = ORIENTED_EDGE('',*,*,#14409,.F.);
#14409 = EDGE_CURVE('',#14066,#14410,#14412,.T.);
#14410 = VERTEX_POINT('',#14411);
#14411 = CARTESIAN_POINT('',(400.,-685.,1.2E+03));
#14412 = SURFACE_CURVE('',#14413,(#14417,#14424),.PCURVE_S1.);
#14413 = LINE('',#14414,#14415);
#14414 = CARTESIAN_POINT('',(-400.,-685.,1.2E+03));
#14415 = VECTOR('',#14416,1.);
#14416 = DIRECTION('',(1.,0.,-0.));
#14417 = PCURVE('',#14088,#14418);
#14418 = DEFINITIONAL_REPRESENTATION('',(#14419),#14423);
#14419 = LINE('',#14420,#14421);
#14420 = CARTESIAN_POINT('',(0.,0.));
#14421 = VECTOR('',#14422,1.);
#14422 = DIRECTION('',(0.,1.));
#14423 = ( GEOMETRIC_REPRESENTATION_CONTEXT(2) 
PARAMETRIC_REPRESENTATION_CONTEXT() REPRESENTATION_CONTEXT('2D SPACE',''
  ) );
#14424 = PCURVE('',#14116,#14425);
#14425 = DEFINITIONAL_REPRESENTATION('',(#14426),#14430);
#14426 = LINE('',#14427,#14428);
#14427 = CARTESIAN_POINT('',(0.,0.));
#14428 = VECTOR('',#14429,1.);
#14429 = DIRECTION('',(1.,0.));
#14430 = ( GEOMETRIC_REPRESENTATION_CONTEXT(2) 
PARAMETRIC_REPRESENTATION_CONTEXT() REPRESENTATION_CONTEXT('2D SPACE',''
  ) );
#14431 = ORIENTED_EDGE('',*,*,#14065,.T.);
#14432 = ORIENTED_EDGE('',*,*,#14433,.T.);
#14433 = EDGE_CURVE('',#14068,#14434,#14436,.T.);
#14434 = VERTEX_POINT('',#14435);
#14435 = CARTESIAN_POINT('',(400.,-685.,1.2127E+03));
#14436 = SURFACE_CURVE('',#14437,(#14441,#14448),.PCURVE_S1.);
#14437 = LINE('',#14438,#14439);
#14438 = CARTESIAN_POINT('',(-400.,-685.,1.2127E+03));
#14439 = VECTOR('',#14440,1.);
#14440 = DIRECTION('',(1.,0.,-0.));
#14441 = PCURVE('',#14088,#14442);
#14442 = DEFINITIONAL_REPRESENTATION('',(#14443),#14447);
#14443 = LINE('',#14444,#14445);
#14444 = CARTESIAN_POINT('',(12.7,0.));
#14445 = VECTOR('',#14446,1.);
#14446 = DIRECTION('',(0.,1.));
#14447 = ( GEOMETRIC_REPRESENTATION_CONTEXT(2) 
PARAMETRIC_REPRESENTATION_CONTEXT() REPRESENTATION_CONTEXT('2D SPACE',''
  ) );
#14448 = PCURVE('',#14394,#14449);
#14449 = DEFINITIONAL_REPRESENTATION('',(#14450),#14454);
#14450 = LINE('',#14451,#14452);
#14451 = CARTESIAN_POINT('',(0.,0.));
#14452 = VECTOR('',#14453,1.);
#14453 = DIRECTION('',(1.,0.));
#14454 = ( GEOMETRIC_REPRESENTATION_CONTEXT(2) 
PARAMETRIC_REPRESENTATION_CONTEXT() REPRESENTATION_CONTEXT('2D SPACE',''
  ) );
#14455 = ORIENTED_EDGE('',*,*,#14456,.F.);
#14456 = EDGE_CURVE('',#14410,#14434,#14457,.T.);
#14457 = SURFACE_CURVE('',#14458,(#14462,#14469),.PCURVE_S1.);
#14458 = LINE('',#14459,#14460);
#14459 = CARTESIAN_POINT('',(400.,-685.,1.2E+03));
#14460 = VECTOR('',#14461,1.);
#14461 = DIRECTION('',(0.,0.,1.));
#14462 = PCURVE('',#14088,#14463);
#14463 = DEFINITIONAL_REPRESENTATION('',(#14464),#14468);
#14464 = LINE('',#14465,#14466);
#14465 = CARTESIAN_POINT('',(0.,800.));
#14466 = VECTOR('',#14467,1.);
#14467 = DIRECTION('',(1.,0.));
#14468 = ( GEOMETRIC_REPRESENTATION_CONTEXT(2) 
PARAMETRIC_REPRESENTATION_CONTEXT() REPRESENTATION_CONTEXT('2D SPACE',''
  ) );
#14469 = PCURVE('',#14470,#14475);
#14470 = PLANE('',#14471);
#14471 = AXIS2_PLACEMENT_3D('',#14472,#14473,#14474);
#14472 = CARTESIAN_POINT('',(400.,-685.,1.2E+03));
#14473 = DIRECTION('',(1.,0.,-0.));
#14474 = DIRECTION('',(0.,0.,1.));
#14475 = DEFINITIONAL_REPRESENTATION('',(#14476),#14480);
#14476 = LINE('',#14477,#14478);
#14477 = CARTESIAN_POINT('',(0.,0.));
#14478 = VECTOR('',#14479,1.);
#14479 = DIRECTION('',(1.,0.));
#14480 = ( GEOMETRIC_REPRESENTATION_CONTEXT(2) 
PARAMETRIC_REPRESENTATION_CONTEXT() REPRESENTATION_CONTEXT('2D SPACE',''
  ) );
#14481 = ADVANCED_FACE('',(#14482),#14394,.T.);
#14482 = FACE_BOUND('',#14483,.T.);
#14483 = EDGE_LOOP('',(#14484,#14485,#14486,#14509));
#14484 = ORIENTED_EDGE('',*,*,#14380,.F.);
#14485 = ORIENTED_EDGE('',*,*,#14433,.T.);
#14486 = ORIENTED_EDGE('',*,*,#14487,.T.);
#14487 = EDGE_CURVE('',#14434,#14488,#14490,.T.);
#14488 = VERTEX_POINT('',#14489);
#14489 = CARTESIAN_POINT('',(400.,-604.,1.2127E+03));
#14490 = SURFACE_CURVE('',#14491,(#14495,#14502),.PCURVE_S1.);
#14491 = LINE('',#14492,#14493);
#14492 = CARTESIAN_POINT('',(400.,-685.,1.2127E+03));
#14493 = VECTOR('',#14494,1.);
#14494 = DIRECTION('',(-0.,1.,0.));
#14495 = PCURVE('',#14394,#14496);
#14496 = DEFINITIONAL_REPRESENTATION('',(#14497),#14501);
#14497 = LINE('',#14498,#14499);
#14498 = CARTESIAN_POINT('',(800.,0.));
#14499 = VECTOR('',#14500,1.);
#14500 = DIRECTION('',(0.,1.));
#14501 = ( GEOMETRIC_REPRESENTATION_CONTEXT(2) 
PARAMETRIC_REPRESENTATION_CONTEXT() REPRESENTATION_CONTEXT('2D SPACE',''
  ) );
#14502 = PCURVE('',#14470,#14503);
#14503 = DEFINITIONAL_REPRESENTATION('',(#14504),#14508);
#14504 = LINE('',#14505,#14506);
#14505 = CARTESIAN_POINT('',(12.7,0.));
#14506 = VECTOR('',#14507,1.);
#14507 = DIRECTION('',(0.,-1.));
#14508 = ( GEOMETRIC_REPRESENTATION_CONTEXT(2) 
PARAMETRIC_REPRESENTATION_CONTEXT() REPRESENTATION_CONTEXT('2D SPACE',''
  ) );
#14509 = ORIENTED_EDGE('',*,*,#14510,.F.);
#14510 = EDGE_CURVE('',#14353,#14488,#14511,.T.);
#14511 = SURFACE_CURVE('',#14512,(#14516,#14523),.PCURVE_S1.);
#14512 = LINE('',#14513,#14514);
#14513 = CARTESIAN_POINT('',(-400.,-604.,1.2127E+03));
#14514 = VECTOR('',#14515,1.);
#14515 = DIRECTION('',(1.,0.,-0.));
#14516 = PCURVE('',#14394,#14517);
#14517 = DEFINITIONAL_REPRESENTATION('',(#14518),#14522);
#14518 = LINE('',#14519,#14520);
#14519 = CARTESIAN_POINT('',(0.,81.));
#14520 = VECTOR('',#14521,1.);
#14521 = DIRECTION('',(1.,0.));
#14522 = ( GEOMETRIC_REPRESENTATION_CONTEXT(2) 
PARAMETRIC_REPRESENTATION_CONTEXT() REPRESENTATION_CONTEXT('2D SPACE',''
  ) );
#14523 = PCURVE('',#14368,#14524);
#14524 = DEFINITIONAL_REPRESENTATION('',(#14525),#14529);
#14525 = LINE('',#14526,#14527);
#14526 = CARTESIAN_POINT('',(0.,0.));
#14527 = VECTOR('',#14528,1.);
#14528 = DIRECTION('',(0.,1.));
#14529 = ( GEOMETRIC_REPRESENTATION_CONTEXT(2) 
PARAMETRIC_REPRESENTATION_CONTEXT() REPRESENTATION_CONTEXT('2D SPACE',''
  ) );
#14530 = ADVANCED_FACE('',(#14531),#14172,.T.);
#14531 = FACE_BOUND('',#14532,.T.);
#14532 = EDGE_LOOP('',(#14533,#14534,#14557,#14580));
#14533 = ORIENTED_EDGE('',*,*,#14156,.F.);
#14534 = ORIENTED_EDGE('',*,*,#14535,.T.);
#14535 = EDGE_CURVE('',#14157,#14536,#14538,.T.);
#14536 = VERTEX_POINT('',#14537);
#14537 = CARTESIAN_POINT('',(400.,-596.,1.2127E+03));
#14538 = SURFACE_CURVE('',#14539,(#14543,#14550),.PCURVE_S1.);
#14539 = LINE('',#14540,#14541);
#14540 = CARTESIAN_POINT('',(-400.,-596.,1.2127E+03));
#14541 = VECTOR('',#14542,1.);
#14542 = DIRECTION('',(1.,0.,-0.));
#14543 = PCURVE('',#14172,#14544);
#14544 = DEFINITIONAL_REPRESENTATION('',(#14545),#14549);
#14545 = LINE('',#14546,#14547);
#14546 = CARTESIAN_POINT('',(0.,89.));
#14547 = VECTOR('',#14548,1.);
#14548 = DIRECTION('',(1.,0.));
#14549 = ( GEOMETRIC_REPRESENTATION_CONTEXT(2) 
PARAMETRIC_REPRESENTATION_CONTEXT() REPRESENTATION_CONTEXT('2D SPACE',''
  ) );
#14550 = PCURVE('',#14200,#14551);
#14551 = DEFINITIONAL_REPRESENTATION('',(#14552),#14556);
#14552 = LINE('',#14553,#14554);
#14553 = CARTESIAN_POINT('',(0.,0.));
#14554 = VECTOR('',#14555,1.);
#14555 = DIRECTION('',(0.,1.));
#14556 = ( GEOMETRIC_REPRESENTATION_CONTEXT(2) 
PARAMETRIC_REPRESENTATION_CONTEXT() REPRESENTATION_CONTEXT('2D SPACE',''
  ) );
#14557 = ORIENTED_EDGE('',*,*,#14558,.T.);
#14558 = EDGE_CURVE('',#14536,#14559,#14561,.T.);
#14559 = VERTEX_POINT('',#14560);
#14560 = CARTESIAN_POINT('',(400.,-515.,1.2127E+03));
#14561 = SURFACE_CURVE('',#14562,(#14566,#14573),.PCURVE_S1.);
#14562 = LINE('',#14563,#14564);
#14563 = CARTESIAN_POINT('',(400.,-685.,1.2127E+03));
#14564 = VECTOR('',#14565,1.);
#14565 = DIRECTION('',(-0.,1.,0.));
#14566 = PCURVE('',#14172,#14567);
#14567 = DEFINITIONAL_REPRESENTATION('',(#14568),#14572);
#14568 = LINE('',#14569,#14570);
#14569 = CARTESIAN_POINT('',(800.,0.));
#14570 = VECTOR('',#14571,1.);
#14571 = DIRECTION('',(0.,1.));
#14572 = ( GEOMETRIC_REPRESENTATION_CONTEXT(2) 
PARAMETRIC_REPRESENTATION_CONTEXT() REPRESENTATION_CONTEXT('2D SPACE',''
  ) );
#14573 = PCURVE('',#14470,#14574);
#14574 = DEFINITIONAL_REPRESENTATION('',(#14575),#14579);
#14575 = LINE('',#14576,#14577);
#14576 = CARTESIAN_POINT('',(12.7,0.));
#14577 = VECTOR('',#14578,1.);
#14578 = DIRECTION('',(0.,-1.));
#14579 = ( GEOMETRIC_REPRESENTATION_CONTEXT(2) 
PARAMETRIC_REPRESENTATION_CONTEXT() REPRESENTATION_CONTEXT('2D SPACE',''
  ) );
#14580 = ORIENTED_EDGE('',*,*,#14581,.F.);
#14581 = EDGE_CURVE('',#14129,#14559,#14582,.T.);
#14582 = SURFACE_CURVE('',#14583,(#14587,#14594),.PCURVE_S1.);
#14583 = LINE('',#14584,#14585);
#14584 = CARTESIAN_POINT('',(-400.,-515.,1.2127E+03));
#14585 = VECTOR('',#14586,1.);
#14586 = DIRECTION('',(1.,0.,-0.));
#14587 = PCURVE('',#14172,#14588);
#14588 = DEFINITIONAL_REPRESENTATION('',(#14589),#14593);
#14589 = LINE('',#14590,#14591);
#14590 = CARTESIAN_POINT('',(0.,170.));
#14591 = VECTOR('',#14592,1.);
#14592 = DIRECTION('',(1.,0.));
#14593 = ( GEOMETRIC_REPRESENTATION_CONTEXT(2) 
PARAMETRIC_REPRESENTATION_CONTEXT() REPRESENTATION_CONTEXT('2D SPACE',''
  ) );
#14594 = PCURVE('',#14144,#14595);
#14595 = DEFINITIONAL_REPRESENTATION('',(#14596),#14600);
#14596 = LINE('',#14597,#14598);
#14597 = CARTESIAN_POINT('',(12.7,0.));
#14598 = VECTOR('',#14599,1.);
#14599 = DIRECTION('',(0.,1.));
#14600 = ( GEOMETRIC_REPRESENTATION_CONTEXT(2) 
PARAMETRIC_REPRESENTATION_CONTEXT() REPRESENTATION_CONTEXT('2D SPACE',''
  ) );
#14601 = ADVANCED_FACE('',(#14602),#14144,.T.);
#14602 = FACE_BOUND('',#14603,.T.);
#14603 = EDGE_LOOP('',(#14604,#14627,#14628,#14629));
#14604 = ORIENTED_EDGE('',*,*,#14605,.F.);
#14605 = EDGE_CURVE('',#14101,#14606,#14608,.T.);
#14606 = VERTEX_POINT('',#14607);
#14607 = CARTESIAN_POINT('',(400.,-515.,1.2E+03));
#14608 = SURFACE_CURVE('',#14609,(#14613,#14620),.PCURVE_S1.);
#14609 = LINE('',#14610,#14611);
#14610 = CARTESIAN_POINT('',(-400.,-515.,1.2E+03));
#14611 = VECTOR('',#14612,1.);
#14612 = DIRECTION('',(1.,0.,-0.));
#14613 = PCURVE('',#14144,#14614);
#14614 = DEFINITIONAL_REPRESENTATION('',(#14615),#14619);
#14615 = LINE('',#14616,#14617);
#14616 = CARTESIAN_POINT('',(0.,0.));
#14617 = VECTOR('',#14618,1.);
#14618 = DIRECTION('',(0.,1.));
#14619 = ( GEOMETRIC_REPRESENTATION_CONTEXT(2) 
PARAMETRIC_REPRESENTATION_CONTEXT() REPRESENTATION_CONTEXT('2D SPACE',''
  ) );
#14620 = PCURVE('',#14116,#14621);
#14621 = DEFINITIONAL_REPRESENTATION('',(#14622),#14626);
#14622 = LINE('',#14623,#14624);
#14623 = CARTESIAN_POINT('',(0.,170.));
#14624 = VECTOR('',#14625,1.);
#14625 = DIRECTION('',(1.,0.));
#14626 = ( GEOMETRIC_REPRESENTATION_CONTEXT(2) 
PARAMETRIC_REPRESENTATION_CONTEXT() REPRESENTATION_CONTEXT('2D SPACE',''
  ) );
#14627 = ORIENTED_EDGE('',*,*,#14128,.T.);
#14628 = ORIENTED_EDGE('',*,*,#14581,.T.);
#14629 = ORIENTED_EDGE('',*,*,#14630,.F.);
#14630 = EDGE_CURVE('',#14606,#14559,#14631,.T.);
#14631 = SURFACE_CURVE('',#14632,(#14636,#14643),.PCURVE_S1.);
#14632 = LINE('',#14633,#14634);
#14633 = CARTESIAN_POINT('',(400.,-515.,1.2E+03));
#14634 = VECTOR('',#14635,1.);
#14635 = DIRECTION('',(0.,0.,1.));
#14636 = PCURVE('',#14144,#14637);
#14637 = DEFINITIONAL_REPRESENTATION('',(#14638),#14642);
#14638 = LINE('',#14639,#14640);
#14639 = CARTESIAN_POINT('',(0.,800.));
#14640 = VECTOR('',#14641,1.);
#14641 = DIRECTION('',(1.,0.));
#14642 = ( GEOMETRIC_REPRESENTATION_CONTEXT(2) 
PARAMETRIC_REPRESENTATION_CONTEXT() REPRESENTATION_CONTEXT('2D SPACE',''
  ) );
#14643 = PCURVE('',#14470,#14644);
#14644 = DEFINITIONAL_REPRESENTATION('',(#14645),#14649);
#14645 = LINE('',#14646,#14647);
#14646 = CARTESIAN_POINT('',(0.,-170.));
#14647 = VECTOR('',#14648,1.);
#14648 = DIRECTION('',(1.,0.));
#14649 = ( GEOMETRIC_REPRESENTATION_CONTEXT(2) 
PARAMETRIC_REPRESENTATION_CONTEXT() REPRESENTATION_CONTEXT('2D SPACE',''
  ) );
#14650 = ADVANCED_FACE('',(#14651),#14116,.F.);
#14651 = FACE_BOUND('',#14652,.F.);
#14652 = EDGE_LOOP('',(#14653,#14654,#14655,#14676));
#14653 = ORIENTED_EDGE('',*,*,#14100,.F.);
#14654 = ORIENTED_EDGE('',*,*,#14409,.T.);
#14655 = ORIENTED_EDGE('',*,*,#14656,.T.);
#14656 = EDGE_CURVE('',#14410,#14606,#14657,.T.);
#14657 = SURFACE_CURVE('',#14658,(#14662,#14669),.PCURVE_S1.);
#14658 = LINE('',#14659,#14660);
#14659 = CARTESIAN_POINT('',(400.,-685.,1.2E+03));
#14660 = VECTOR('',#14661,1.);
#14661 = DIRECTION('',(-0.,1.,0.));
#14662 = PCURVE('',#14116,#14663);
#14663 = DEFINITIONAL_REPRESENTATION('',(#14664),#14668);
#14664 = LINE('',#14665,#14666);
#14665 = CARTESIAN_POINT('',(800.,0.));
#14666 = VECTOR('',#14667,1.);
#14667 = DIRECTION('',(0.,1.));
#14668 = ( GEOMETRIC_REPRESENTATION_CONTEXT(2) 
PARAMETRIC_REPRESENTATION_CONTEXT() REPRESENTATION_CONTEXT('2D SPACE',''
  ) );
#14669 = PCURVE('',#14470,#14670);
#14670 = DEFINITIONAL_REPRESENTATION('',(#14671),#14675);
#14671 = LINE('',#14672,#14673);
#14672 = CARTESIAN_POINT('',(0.,0.));
#14673 = VECTOR('',#14674,1.);
#14674 = DIRECTION('',(0.,-1.));
#14675 = ( GEOMETRIC_REPRESENTATION_CONTEXT(2) 
PARAMETRIC_REPRESENTATION_CONTEXT() REPRESENTATION_CONTEXT('2D SPACE',''
  ) );
#14676 = ORIENTED_EDGE('',*,*,#14605,.F.);
#14677 = ADVANCED_FACE('',(#14678),#14470,.T.);
#14678 = FACE_BOUND('',#14679,.T.);
#14679 = EDGE_LOOP('',(#14680,#14681,#14682,#14683,#14684,#14707,#14730,
    #14753,#14776,#14799,#14822,#14843));
#14680 = ORIENTED_EDGE('',*,*,#14456,.F.);
#14681 = ORIENTED_EDGE('',*,*,#14656,.T.);
#14682 = ORIENTED_EDGE('',*,*,#14630,.T.);
#14683 = ORIENTED_EDGE('',*,*,#14558,.F.);
#14684 = ORIENTED_EDGE('',*,*,#14685,.T.);
#14685 = EDGE_CURVE('',#14536,#14686,#14688,.T.);
#14686 = VERTEX_POINT('',#14687);
#14687 = CARTESIAN_POINT('',(400.,-596.,1.5473E+03));
#14688 = SURFACE_CURVE('',#14689,(#14693,#14700),.PCURVE_S1.);
#14689 = LINE('',#14690,#14691);
#14690 = CARTESIAN_POINT('',(400.,-596.,1.2127E+03));
#14691 = VECTOR('',#14692,1.);
#14692 = DIRECTION('',(0.,0.,1.));
#14693 = PCURVE('',#14470,#14694);
#14694 = DEFINITIONAL_REPRESENTATION('',(#14695),#14699);
#14695 = LINE('',#14696,#14697);
#14696 = CARTESIAN_POINT('',(12.7,-89.));
#14697 = VECTOR('',#14698,1.);
#14698 = DIRECTION('',(1.,0.));
#14699 = ( GEOMETRIC_REPRESENTATION_CONTEXT(2) 
PARAMETRIC_REPRESENTATION_CONTEXT() REPRESENTATION_CONTEXT('2D SPACE',''
  ) );
#14700 = PCURVE('',#14200,#14701);
#14701 = DEFINITIONAL_REPRESENTATION('',(#14702),#14706);
#14702 = LINE('',#14703,#14704);
#14703 = CARTESIAN_POINT('',(0.,800.));
#14704 = VECTOR('',#14705,1.);
#14705 = DIRECTION('',(1.,0.));
#14706 = ( GEOMETRIC_REPRESENTATION_CONTEXT(2) 
PARAMETRIC_REPRESENTATION_CONTEXT() REPRESENTATION_CONTEXT('2D SPACE',''
  ) );
#14707 = ORIENTED_EDGE('',*,*,#14708,.T.);
#14708 = EDGE_CURVE('',#14686,#14709,#14711,.T.);
#14709 = VERTEX_POINT('',#14710);
#14710 = CARTESIAN_POINT('',(400.,-515.,1.5473E+03));
#14711 = SURFACE_CURVE('',#14712,(#14716,#14723),.PCURVE_S1.);
#14712 = LINE('',#14713,#14714);
#14713 = CARTESIAN_POINT('',(400.,-685.,1.5473E+03));
#14714 = VECTOR('',#14715,1.);
#14715 = DIRECTION('',(-0.,1.,0.));
#14716 = PCURVE('',#14470,#14717);
#14717 = DEFINITIONAL_REPRESENTATION('',(#14718),#14722);
#14718 = LINE('',#14719,#14720);
#14719 = CARTESIAN_POINT('',(347.3,0.));
#14720 = VECTOR('',#14721,1.);
#14721 = DIRECTION('',(0.,-1.));
#14722 = ( GEOMETRIC_REPRESENTATION_CONTEXT(2) 
PARAMETRIC_REPRESENTATION_CONTEXT() REPRESENTATION_CONTEXT('2D SPACE',''
  ) );
#14723 = PCURVE('',#14228,#14724);
#14724 = DEFINITIONAL_REPRESENTATION('',(#14725),#14729);
#14725 = LINE('',#14726,#14727);
#14726 = CARTESIAN_POINT('',(800.,0.));
#14727 = VECTOR('',#14728,1.);
#14728 = DIRECTION('',(0.,1.));
#14729 = ( GEOMETRIC_REPRESENTATION_CONTEXT(2) 
PARAMETRIC_REPRESENTATION_CONTEXT() REPRESENTATION_CONTEXT('2D SPACE',''
  ) );
#14730 = ORIENTED_EDGE('',*,*,#14731,.T.);
#14731 = EDGE_CURVE('',#14709,#14732,#14734,.T.);
#14732 = VERTEX_POINT('',#14733);
#14733 = CARTESIAN_POINT('',(400.,-515.,1.56E+03));
#14734 = SURFACE_CURVE('',#14735,(#14739,#14746),.PCURVE_S1.);
#14735 = LINE('',#14736,#14737);
#14736 = CARTESIAN_POINT('',(400.,-515.,1.5473E+03));
#14737 = VECTOR('',#14738,1.);
#14738 = DIRECTION('',(0.,0.,1.));
#14739 = PCURVE('',#14470,#14740);
#14740 = DEFINITIONAL_REPRESENTATION('',(#14741),#14745);
#14741 = LINE('',#14742,#14743);
#14742 = CARTESIAN_POINT('',(347.3,-170.));
#14743 = VECTOR('',#14744,1.);
#14744 = DIRECTION('',(1.,0.));
#14745 = ( GEOMETRIC_REPRESENTATION_CONTEXT(2) 
PARAMETRIC_REPRESENTATION_CONTEXT() REPRESENTATION_CONTEXT('2D SPACE',''
  ) );
#14746 = PCURVE('',#14256,#14747);
#14747 = DEFINITIONAL_REPRESENTATION('',(#14748),#14752);
#14748 = LINE('',#14749,#14750);
#14749 = CARTESIAN_POINT('',(0.,800.));
#14750 = VECTOR('',#14751,1.);
#14751 = DIRECTION('',(1.,0.));
#14752 = ( GEOMETRIC_REPRESENTATION_CONTEXT(2) 
PARAMETRIC_REPRESENTATION_CONTEXT() REPRESENTATION_CONTEXT('2D SPACE',''
  ) );
#14753 = ORIENTED_EDGE('',*,*,#14754,.F.);
#14754 = EDGE_CURVE('',#14755,#14732,#14757,.T.);
#14755 = VERTEX_POINT('',#14756);
#14756 = CARTESIAN_POINT('',(400.,-685.,1.56E+03));
#14757 = SURFACE_CURVE('',#14758,(#14762,#14769),.PCURVE_S1.);
#14758 = LINE('',#14759,#14760);
#14759 = CARTESIAN_POINT('',(400.,-685.,1.56E+03));
#14760 = VECTOR('',#14761,1.);
#14761 = DIRECTION('',(-0.,1.,0.));
#14762 = PCURVE('',#14470,#14763);
#14763 = DEFINITIONAL_REPRESENTATION('',(#14764),#14768);
#14764 = LINE('',#14765,#14766);
#14765 = CARTESIAN_POINT('',(360.,0.));
#14766 = VECTOR('',#14767,1.);
#14767 = DIRECTION('',(0.,-1.));
#14768 = ( GEOMETRIC_REPRESENTATION_CONTEXT(2) 
PARAMETRIC_REPRESENTATION_CONTEXT() REPRESENTATION_CONTEXT('2D SPACE',''
  ) );
#14769 = PCURVE('',#14284,#14770);
#14770 = DEFINITIONAL_REPRESENTATION('',(#14771),#14775);
#14771 = LINE('',#14772,#14773);
#14772 = CARTESIAN_POINT('',(800.,0.));
#14773 = VECTOR('',#14774,1.);
#14774 = DIRECTION('',(0.,1.));
#14775 = ( GEOMETRIC_REPRESENTATION_CONTEXT(2) 
PARAMETRIC_REPRESENTATION_CONTEXT() REPRESENTATION_CONTEXT('2D SPACE',''
  ) );
#14776 = ORIENTED_EDGE('',*,*,#14777,.F.);
#14777 = EDGE_CURVE('',#14778,#14755,#14780,.T.);
#14778 = VERTEX_POINT('',#14779);
#14779 = CARTESIAN_POINT('',(400.,-685.,1.5473E+03));
#14780 = SURFACE_CURVE('',#14781,(#14785,#14792),.PCURVE_S1.);
#14781 = LINE('',#14782,#14783);
#14782 = CARTESIAN_POINT('',(400.,-685.,1.5473E+03));
#14783 = VECTOR('',#14784,1.);
#14784 = DIRECTION('',(0.,0.,1.));
#14785 = PCURVE('',#14470,#14786);
#14786 = DEFINITIONAL_REPRESENTATION('',(#14787),#14791);
#14787 = LINE('',#14788,#14789);
#14788 = CARTESIAN_POINT('',(347.3,0.));
#14789 = VECTOR('',#14790,1.);
#14790 = DIRECTION('',(1.,0.));
#14791 = ( GEOMETRIC_REPRESENTATION_CONTEXT(2) 
PARAMETRIC_REPRESENTATION_CONTEXT() REPRESENTATION_CONTEXT('2D SPACE',''
  ) );
#14792 = PCURVE('',#14312,#14793);
#14793 = DEFINITIONAL_REPRESENTATION('',(#14794),#14798);
#14794 = LINE('',#14795,#14796);
#14795 = CARTESIAN_POINT('',(0.,800.));
#14796 = VECTOR('',#14797,1.);
#14797 = DIRECTION('',(1.,0.));
#14798 = ( GEOMETRIC_REPRESENTATION_CONTEXT(2) 
PARAMETRIC_REPRESENTATION_CONTEXT() REPRESENTATION_CONTEXT('2D SPACE',''
  ) );
#14799 = ORIENTED_EDGE('',*,*,#14800,.T.);
#14800 = EDGE_CURVE('',#14778,#14801,#14803,.T.);
#14801 = VERTEX_POINT('',#14802);
#14802 = CARTESIAN_POINT('',(400.,-604.,1.5473E+03));
#14803 = SURFACE_CURVE('',#14804,(#14808,#14815),.PCURVE_S1.);
#14804 = LINE('',#14805,#14806);
#14805 = CARTESIAN_POINT('',(400.,-685.,1.5473E+03));
#14806 = VECTOR('',#14807,1.);
#14807 = DIRECTION('',(-0.,1.,0.));
#14808 = PCURVE('',#14470,#14809);
#14809 = DEFINITIONAL_REPRESENTATION('',(#14810),#14814);
#14810 = LINE('',#14811,#14812);
#14811 = CARTESIAN_POINT('',(347.3,0.));
#14812 = VECTOR('',#14813,1.);
#14813 = DIRECTION('',(0.,-1.));
#14814 = ( GEOMETRIC_REPRESENTATION_CONTEXT(2) 
PARAMETRIC_REPRESENTATION_CONTEXT() REPRESENTATION_CONTEXT('2D SPACE',''
  ) );
#14815 = PCURVE('',#14340,#14816);
#14816 = DEFINITIONAL_REPRESENTATION('',(#14817),#14821);
#14817 = LINE('',#14818,#14819);
#14818 = CARTESIAN_POINT('',(800.,0.));
#14819 = VECTOR('',#14820,1.);
#14820 = DIRECTION('',(0.,1.));
#14821 = ( GEOMETRIC_REPRESENTATION_CONTEXT(2) 
PARAMETRIC_REPRESENTATION_CONTEXT() REPRESENTATION_CONTEXT('2D SPACE',''
  ) );
#14822 = ORIENTED_EDGE('',*,*,#14823,.F.);
#14823 = EDGE_CURVE('',#14488,#14801,#14824,.T.);
#14824 = SURFACE_CURVE('',#14825,(#14829,#14836),.PCURVE_S1.);
#14825 = LINE('',#14826,#14827);
#14826 = CARTESIAN_POINT('',(400.,-604.,1.2127E+03));
#14827 = VECTOR('',#14828,1.);
#14828 = DIRECTION('',(0.,0.,1.));
#14829 = PCURVE('',#14470,#14830);
#14830 = DEFINITIONAL_REPRESENTATION('',(#14831),#14835);
#14831 = LINE('',#14832,#14833);
#14832 = CARTESIAN_POINT('',(12.7,-81.));
#14833 = VECTOR('',#14834,1.);
#14834 = DIRECTION('',(1.,0.));
#14835 = ( GEOMETRIC_REPRESENTATION_CONTEXT(2) 
PARAMETRIC_REPRESENTATION_CONTEXT() REPRESENTATION_CONTEXT('2D SPACE',''
  ) );
#14836 = PCURVE('',#14368,#14837);
#14837 = DEFINITIONAL_REPRESENTATION('',(#14838),#14842);
#14838 = LINE('',#14839,#14840);
#14839 = CARTESIAN_POINT('',(0.,800.));
#14840 = VECTOR('',#14841,1.);
#14841 = DIRECTION('',(1.,0.));
#14842 = ( GEOMETRIC_REPRESENTATION_CONTEXT(2) 
PARAMETRIC_REPRESENTATION_CONTEXT() REPRESENTATION_CONTEXT('2D SPACE',''
  ) );
#14843 = ORIENTED_EDGE('',*,*,#14487,.F.);
#14844 = ADVANCED_FACE('',(#14845),#14368,.F.);
#14845 = FACE_BOUND('',#14846,.F.);
#14846 = EDGE_LOOP('',(#14847,#14848,#14849,#14870));
#14847 = ORIENTED_EDGE('',*,*,#14510,.F.);
#14848 = ORIENTED_EDGE('',*,*,#14352,.T.);
#14849 = ORIENTED_EDGE('',*,*,#14850,.T.);
#14850 = EDGE_CURVE('',#14325,#14801,#14851,.T.);
#14851 = SURFACE_CURVE('',#14852,(#14856,#14863),.PCURVE_S1.);
#14852 = LINE('',#14853,#14854);
#14853 = CARTESIAN_POINT('',(-400.,-604.,1.5473E+03));
#14854 = VECTOR('',#14855,1.);
#14855 = DIRECTION('',(1.,0.,-0.));
#14856 = PCURVE('',#14368,#14857);
#14857 = DEFINITIONAL_REPRESENTATION('',(#14858),#14862);
#14858 = LINE('',#14859,#14860);
#14859 = CARTESIAN_POINT('',(334.6,0.));
#14860 = VECTOR('',#14861,1.);
#14861 = DIRECTION('',(0.,1.));
#14862 = ( GEOMETRIC_REPRESENTATION_CONTEXT(2) 
PARAMETRIC_REPRESENTATION_CONTEXT() REPRESENTATION_CONTEXT('2D SPACE',''
  ) );
#14863 = PCURVE('',#14340,#14864);
#14864 = DEFINITIONAL_REPRESENTATION('',(#14865),#14869);
#14865 = LINE('',#14866,#14867);
#14866 = CARTESIAN_POINT('',(0.,81.));
#14867 = VECTOR('',#14868,1.);
#14868 = DIRECTION('',(1.,0.));
#14869 = ( GEOMETRIC_REPRESENTATION_CONTEXT(2) 
PARAMETRIC_REPRESENTATION_CONTEXT() REPRESENTATION_CONTEXT('2D SPACE',''
  ) );
#14870 = ORIENTED_EDGE('',*,*,#14823,.F.);
#14871 = ADVANCED_FACE('',(#14872),#14200,.T.);
#14872 = FACE_BOUND('',#14873,.T.);
#14873 = EDGE_LOOP('',(#14874,#14875,#14876,#14897));
#14874 = ORIENTED_EDGE('',*,*,#14535,.F.);
#14875 = ORIENTED_EDGE('',*,*,#14184,.T.);
#14876 = ORIENTED_EDGE('',*,*,#14877,.T.);
#14877 = EDGE_CURVE('',#14185,#14686,#14878,.T.);
#14878 = SURFACE_CURVE('',#14879,(#14883,#14890),.PCURVE_S1.);
#14879 = LINE('',#14880,#14881);
#14880 = CARTESIAN_POINT('',(-400.,-596.,1.5473E+03));
#14881 = VECTOR('',#14882,1.);
#14882 = DIRECTION('',(1.,0.,-0.));
#14883 = PCURVE('',#14200,#14884);
#14884 = DEFINITIONAL_REPRESENTATION('',(#14885),#14889);
#14885 = LINE('',#14886,#14887);
#14886 = CARTESIAN_POINT('',(334.6,0.));
#14887 = VECTOR('',#14888,1.);
#14888 = DIRECTION('',(0.,1.));
#14889 = ( GEOMETRIC_REPRESENTATION_CONTEXT(2) 
PARAMETRIC_REPRESENTATION_CONTEXT() REPRESENTATION_CONTEXT('2D SPACE',''
  ) );
#14890 = PCURVE('',#14228,#14891);
#14891 = DEFINITIONAL_REPRESENTATION('',(#14892),#14896);
#14892 = LINE('',#14893,#14894);
#14893 = CARTESIAN_POINT('',(0.,89.));
#14894 = VECTOR('',#14895,1.);
#14895 = DIRECTION('',(1.,0.));
#14896 = ( GEOMETRIC_REPRESENTATION_CONTEXT(2) 
PARAMETRIC_REPRESENTATION_CONTEXT() REPRESENTATION_CONTEXT('2D SPACE',''
  ) );
#14897 = ORIENTED_EDGE('',*,*,#14685,.F.);
#14898 = ADVANCED_FACE('',(#14899),#14340,.F.);
#14899 = FACE_BOUND('',#14900,.F.);
#14900 = EDGE_LOOP('',(#14901,#14902,#14923,#14924));
#14901 = ORIENTED_EDGE('',*,*,#14324,.F.);
#14902 = ORIENTED_EDGE('',*,*,#14903,.T.);
#14903 = EDGE_CURVE('',#14297,#14778,#14904,.T.);
#14904 = SURFACE_CURVE('',#14905,(#14909,#14916),.PCURVE_S1.);
#14905 = LINE('',#14906,#14907);
#14906 = CARTESIAN_POINT('',(-400.,-685.,1.5473E+03));
#14907 = VECTOR('',#14908,1.);
#14908 = DIRECTION('',(1.,0.,-0.));
#14909 = PCURVE('',#14340,#14910);
#14910 = DEFINITIONAL_REPRESENTATION('',(#14911),#14915);
#14911 = LINE('',#14912,#14913);
#14912 = CARTESIAN_POINT('',(0.,0.));
#14913 = VECTOR('',#14914,1.);
#14914 = DIRECTION('',(1.,0.));
#14915 = ( GEOMETRIC_REPRESENTATION_CONTEXT(2) 
PARAMETRIC_REPRESENTATION_CONTEXT() REPRESENTATION_CONTEXT('2D SPACE',''
  ) );
#14916 = PCURVE('',#14312,#14917);
#14917 = DEFINITIONAL_REPRESENTATION('',(#14918),#14922);
#14918 = LINE('',#14919,#14920);
#14919 = CARTESIAN_POINT('',(0.,0.));
#14920 = VECTOR('',#14921,1.);
#14921 = DIRECTION('',(0.,1.));
#14922 = ( GEOMETRIC_REPRESENTATION_CONTEXT(2) 
PARAMETRIC_REPRESENTATION_CONTEXT() REPRESENTATION_CONTEXT('2D SPACE',''
  ) );
#14923 = ORIENTED_EDGE('',*,*,#14800,.T.);
#14924 = ORIENTED_EDGE('',*,*,#14850,.F.);
#14925 = ADVANCED_FACE('',(#14926),#14312,.F.);
#14926 = FACE_BOUND('',#14927,.F.);
#14927 = EDGE_LOOP('',(#14928,#14929,#14930,#14951));
#14928 = ORIENTED_EDGE('',*,*,#14903,.F.);
#14929 = ORIENTED_EDGE('',*,*,#14296,.T.);
#14930 = ORIENTED_EDGE('',*,*,#14931,.T.);
#14931 = EDGE_CURVE('',#14269,#14755,#14932,.T.);
#14932 = SURFACE_CURVE('',#14933,(#14937,#14944),.PCURVE_S1.);
#14933 = LINE('',#14934,#14935);
#14934 = CARTESIAN_POINT('',(-400.,-685.,1.56E+03));
#14935 = VECTOR('',#14936,1.);
#14936 = DIRECTION('',(1.,0.,-0.));
#14937 = PCURVE('',#14312,#14938);
#14938 = DEFINITIONAL_REPRESENTATION('',(#14939),#14943);
#14939 = LINE('',#14940,#14941);
#14940 = CARTESIAN_POINT('',(12.7,0.));
#14941 = VECTOR('',#14942,1.);
#14942 = DIRECTION('',(0.,1.));
#14943 = ( GEOMETRIC_REPRESENTATION_CONTEXT(2) 
PARAMETRIC_REPRESENTATION_CONTEXT() REPRESENTATION_CONTEXT('2D SPACE',''
  ) );
#14944 = PCURVE('',#14284,#14945);
#14945 = DEFINITIONAL_REPRESENTATION('',(#14946),#14950);
#14946 = LINE('',#14947,#14948);
#14947 = CARTESIAN_POINT('',(0.,0.));
#14948 = VECTOR('',#14949,1.);
#14949 = DIRECTION('',(1.,0.));
#14950 = ( GEOMETRIC_REPRESENTATION_CONTEXT(2) 
PARAMETRIC_REPRESENTATION_CONTEXT() REPRESENTATION_CONTEXT('2D SPACE',''
  ) );
#14951 = ORIENTED_EDGE('',*,*,#14777,.F.);
#14952 = ADVANCED_FACE('',(#14953),#14284,.T.);
#14953 = FACE_BOUND('',#14954,.T.);
#14954 = EDGE_LOOP('',(#14955,#14956,#14957,#14958));
#14955 = ORIENTED_EDGE('',*,*,#14268,.F.);
#14956 = ORIENTED_EDGE('',*,*,#14931,.T.);
#14957 = ORIENTED_EDGE('',*,*,#14754,.T.);
#14958 = ORIENTED_EDGE('',*,*,#14959,.F.);
#14959 = EDGE_CURVE('',#14241,#14732,#14960,.T.);
#14960 = SURFACE_CURVE('',#14961,(#14965,#14972),.PCURVE_S1.);
#14961 = LINE('',#14962,#14963);
#14962 = CARTESIAN_POINT('',(-400.,-515.,1.56E+03));
#14963 = VECTOR('',#14964,1.);
#14964 = DIRECTION('',(1.,0.,-0.));
#14965 = PCURVE('',#14284,#14966);
#14966 = DEFINITIONAL_REPRESENTATION('',(#14967),#14971);
#14967 = LINE('',#14968,#14969);
#14968 = CARTESIAN_POINT('',(0.,170.));
#14969 = VECTOR('',#14970,1.);
#14970 = DIRECTION('',(1.,0.));
#14971 = ( GEOMETRIC_REPRESENTATION_CONTEXT(2) 
PARAMETRIC_REPRESENTATION_CONTEXT() REPRESENTATION_CONTEXT('2D SPACE',''
  ) );
#14972 = PCURVE('',#14256,#14973);
#14973 = DEFINITIONAL_REPRESENTATION('',(#14974),#14978);
#14974 = LINE('',#14975,#14976);
#14975 = CARTESIAN_POINT('',(12.7,0.));
#14976 = VECTOR('',#14977,1.);
#14977 = DIRECTION('',(0.,1.));
#14978 = ( GEOMETRIC_REPRESENTATION_CONTEXT(2) 
PARAMETRIC_REPRESENTATION_CONTEXT() REPRESENTATION_CONTEXT('2D SPACE',''
  ) );
#14979 = ADVANCED_FACE('',(#14980),#14256,.T.);
#14980 = FACE_BOUND('',#14981,.T.);
#14981 = EDGE_LOOP('',(#14982,#15003,#15004,#15005));
#14982 = ORIENTED_EDGE('',*,*,#14983,.F.);
#14983 = EDGE_CURVE('',#14213,#14709,#14984,.T.);
#14984 = SURFACE_CURVE('',#14985,(#14989,#14996),.PCURVE_S1.);
#14985 = LINE('',#14986,#14987);
#14986 = CARTESIAN_POINT('',(-400.,-515.,1.5473E+03));
#14987 = VECTOR('',#14988,1.);
#14988 = DIRECTION('',(1.,0.,-0.));
#14989 = PCURVE('',#14256,#14990);
#14990 = DEFINITIONAL_REPRESENTATION('',(#14991),#14995);
#14991 = LINE('',#14992,#14993);
#14992 = CARTESIAN_POINT('',(0.,0.));
#14993 = VECTOR('',#14994,1.);
#14994 = DIRECTION('',(0.,1.));
#14995 = ( GEOMETRIC_REPRESENTATION_CONTEXT(2) 
PARAMETRIC_REPRESENTATION_CONTEXT() REPRESENTATION_CONTEXT('2D SPACE',''
  ) );
#14996 = PCURVE('',#14228,#14997);
#14997 = DEFINITIONAL_REPRESENTATION('',(#14998),#15002);
#14998 = LINE('',#14999,#15000);
#14999 = CARTESIAN_POINT('',(0.,170.));
#15000 = VECTOR('',#15001,1.);
#15001 = DIRECTION('',(1.,0.));
#15002 = ( GEOMETRIC_REPRESENTATION_CONTEXT(2) 
PARAMETRIC_REPRESENTATION_CONTEXT() REPRESENTATION_CONTEXT('2D SPACE',''
  ) );
#15003 = ORIENTED_EDGE('',*,*,#14240,.T.);
#15004 = ORIENTED_EDGE('',*,*,#14959,.T.);
#15005 = ORIENTED_EDGE('',*,*,#14731,.F.);
#15006 = ADVANCED_FACE('',(#15007),#14228,.F.);
#15007 = FACE_BOUND('',#15008,.F.);
#15008 = EDGE_LOOP('',(#15009,#15010,#15011,#15012));
#15009 = ORIENTED_EDGE('',*,*,#14212,.F.);
#15010 = ORIENTED_EDGE('',*,*,#14877,.T.);
#15011 = ORIENTED_EDGE('',*,*,#14708,.T.);
#15012 = ORIENTED_EDGE('',*,*,#14983,.F.);
#15013 = MANIFOLD_SOLID_BREP('',#15014);
#15014 = CLOSED_SHELL('',(#15015,#15359,#15435,#15484,#15555,#15604,
    #15631,#15798,#15825,#15852,#15879,#15906,#15933,#15960));
#15015 = ADVANCED_FACE('',(#15016),#15030,.F.);
#15016 = FACE_BOUND('',#15017,.F.);
#15017 = EDGE_LOOP('',(#15018,#15053,#15081,#15109,#15137,#15165,#15193,
    #15221,#15249,#15277,#15305,#15333));
#15018 = ORIENTED_EDGE('',*,*,#15019,.F.);
#15019 = EDGE_CURVE('',#15020,#15022,#15024,.T.);
#15020 = VERTEX_POINT('',#15021);
#15021 = CARTESIAN_POINT('',(-400.,515.,1.2E+03));
#15022 = VERTEX_POINT('',#15023);
#15023 = CARTESIAN_POINT('',(-400.,515.,1.2127E+03));
#15024 = SURFACE_CURVE('',#15025,(#15029,#15041),.PCURVE_S1.);
#15025 = LINE('',#15026,#15027);
#15026 = CARTESIAN_POINT('',(-400.,515.,1.2E+03));
#15027 = VECTOR('',#15028,1.);
#15028 = DIRECTION('',(0.,0.,1.));
#15029 = PCURVE('',#15030,#15035);
#15030 = PLANE('',#15031);
#15031 = AXIS2_PLACEMENT_3D('',#15032,#15033,#15034);
#15032 = CARTESIAN_POINT('',(-400.,515.,1.2E+03));
#15033 = DIRECTION('',(1.,0.,-0.));
#15034 = DIRECTION('',(0.,0.,1.));
#15035 = DEFINITIONAL_REPRESENTATION('',(#15036),#15040);
#15036 = LINE('',#15037,#15038);
#15037 = CARTESIAN_POINT('',(0.,0.));
#15038 = VECTOR('',#15039,1.);
#15039 = DIRECTION('',(1.,0.));
#15040 = ( GEOMETRIC_REPRESENTATION_CONTEXT(2) 
PARAMETRIC_REPRESENTATION_CONTEXT() REPRESENTATION_CONTEXT('2D SPACE',''
  ) );
#15041 = PCURVE('',#15042,#15047);
#15042 = PLANE('',#15043);
#15043 = AXIS2_PLACEMENT_3D('',#15044,#15045,#15046);
#15044 = CARTESIAN_POINT('',(-400.,515.,1.2E+03));
#15045 = DIRECTION('',(-0.,1.,0.));
#15046 = DIRECTION('',(0.,0.,1.));
#15047 = DEFINITIONAL_REPRESENTATION('',(#15048),#15052);
#15048 = LINE('',#15049,#15050);
#15049 = CARTESIAN_POINT('',(0.,0.));
#15050 = VECTOR('',#15051,1.);
#15051 = DIRECTION('',(1.,0.));
#15052 = ( GEOMETRIC_REPRESENTATION_CONTEXT(2) 
PARAMETRIC_REPRESENTATION_CONTEXT() REPRESENTATION_CONTEXT('2D SPACE',''
  ) );
#15053 = ORIENTED_EDGE('',*,*,#15054,.T.);
#15054 = EDGE_CURVE('',#15020,#15055,#15057,.T.);
#15055 = VERTEX_POINT('',#15056);
#15056 = CARTESIAN_POINT('',(-400.,685.,1.2E+03));
#15057 = SURFACE_CURVE('',#15058,(#15062,#15069),.PCURVE_S1.);
#15058 = LINE('',#15059,#15060);
#15059 = CARTESIAN_POINT('',(-400.,515.,1.2E+03));
#15060 = VECTOR('',#15061,1.);
#15061 = DIRECTION('',(-0.,1.,0.));
#15062 = PCURVE('',#15030,#15063);
#15063 = DEFINITIONAL_REPRESENTATION('',(#15064),#15068);
#15064 = LINE('',#15065,#15066);
#15065 = CARTESIAN_POINT('',(0.,0.));
#15066 = VECTOR('',#15067,1.);
#15067 = DIRECTION('',(0.,-1.));
#15068 = ( GEOMETRIC_REPRESENTATION_CONTEXT(2) 
PARAMETRIC_REPRESENTATION_CONTEXT() REPRESENTATION_CONTEXT('2D SPACE',''
  ) );
#15069 = PCURVE('',#15070,#15075);
#15070 = PLANE('',#15071);
#15071 = AXIS2_PLACEMENT_3D('',#15072,#15073,#15074);
#15072 = CARTESIAN_POINT('',(-400.,515.,1.2E+03));
#15073 = DIRECTION('',(0.,0.,1.));
#15074 = DIRECTION('',(1.,0.,-0.));
#15075 = DEFINITIONAL_REPRESENTATION('',(#15076),#15080);
#15076 = LINE('',#15077,#15078);
#15077 = CARTESIAN_POINT('',(0.,0.));
#15078 = VECTOR('',#15079,1.);
#15079 = DIRECTION('',(0.,1.));
#15080 = ( GEOMETRIC_REPRESENTATION_CONTEXT(2) 
PARAMETRIC_REPRESENTATION_CONTEXT() REPRESENTATION_CONTEXT('2D SPACE',''
  ) );
#15081 = ORIENTED_EDGE('',*,*,#15082,.T.);
#15082 = EDGE_CURVE('',#15055,#15083,#15085,.T.);
#15083 = VERTEX_POINT('',#15084);
#15084 = CARTESIAN_POINT('',(-400.,685.,1.2127E+03));
#15085 = SURFACE_CURVE('',#15086,(#15090,#15097),.PCURVE_S1.);
#15086 = LINE('',#15087,#15088);
#15087 = CARTESIAN_POINT('',(-400.,685.,1.2E+03));
#15088 = VECTOR('',#15089,1.);
#15089 = DIRECTION('',(0.,0.,1.));
#15090 = PCURVE('',#15030,#15091);
#15091 = DEFINITIONAL_REPRESENTATION('',(#15092),#15096);
#15092 = LINE('',#15093,#15094);
#15093 = CARTESIAN_POINT('',(0.,-170.));
#15094 = VECTOR('',#15095,1.);
#15095 = DIRECTION('',(1.,0.));
#15096 = ( GEOMETRIC_REPRESENTATION_CONTEXT(2) 
PARAMETRIC_REPRESENTATION_CONTEXT() REPRESENTATION_CONTEXT('2D SPACE',''
  ) );
#15097 = PCURVE('',#15098,#15103);
#15098 = PLANE('',#15099);
#15099 = AXIS2_PLACEMENT_3D('',#15100,#15101,#15102);
#15100 = CARTESIAN_POINT('',(-400.,685.,1.2E+03));
#15101 = DIRECTION('',(-0.,1.,0.));
#15102 = DIRECTION('',(0.,0.,1.));
#15103 = DEFINITIONAL_REPRESENTATION('',(#15104),#15108);
#15104 = LINE('',#15105,#15106);
#15105 = CARTESIAN_POINT('',(0.,0.));
#15106 = VECTOR('',#15107,1.);
#15107 = DIRECTION('',(1.,0.));
#15108 = ( GEOMETRIC_REPRESENTATION_CONTEXT(2) 
PARAMETRIC_REPRESENTATION_CONTEXT() REPRESENTATION_CONTEXT('2D SPACE',''
  ) );
#15109 = ORIENTED_EDGE('',*,*,#15110,.F.);
#15110 = EDGE_CURVE('',#15111,#15083,#15113,.T.);
#15111 = VERTEX_POINT('',#15112);
#15112 = CARTESIAN_POINT('',(-400.,604.,1.2127E+03));
#15113 = SURFACE_CURVE('',#15114,(#15118,#15125),.PCURVE_S1.);
#15114 = LINE('',#15115,#15116);
#15115 = CARTESIAN_POINT('',(-400.,515.,1.2127E+03));
#15116 = VECTOR('',#15117,1.);
#15117 = DIRECTION('',(-0.,1.,0.));
#15118 = PCURVE('',#15030,#15119);
#15119 = DEFINITIONAL_REPRESENTATION('',(#15120),#15124);
#15120 = LINE('',#15121,#15122);
#15121 = CARTESIAN_POINT('',(12.7,0.));
#15122 = VECTOR('',#15123,1.);
#15123 = DIRECTION('',(0.,-1.));
#15124 = ( GEOMETRIC_REPRESENTATION_CONTEXT(2) 
PARAMETRIC_REPRESENTATION_CONTEXT() REPRESENTATION_CONTEXT('2D SPACE',''
  ) );
#15125 = PCURVE('',#15126,#15131);
#15126 = PLANE('',#15127);
#15127 = AXIS2_PLACEMENT_3D('',#15128,#15129,#15130);
#15128 = CARTESIAN_POINT('',(-400.,515.,1.2127E+03));
#15129 = DIRECTION('',(0.,0.,1.));
#15130 = DIRECTION('',(1.,0.,-0.));
#15131 = DEFINITIONAL_REPRESENTATION('',(#15132),#15136);
#15132 = LINE('',#15133,#15134);
#15133 = CARTESIAN_POINT('',(0.,0.));
#15134 = VECTOR('',#15135,1.);
#15135 = DIRECTION('',(0.,1.));
#15136 = ( GEOMETRIC_REPRESENTATION_CONTEXT(2) 
PARAMETRIC_REPRESENTATION_CONTEXT() REPRESENTATION_CONTEXT('2D SPACE',''
  ) );
#15137 = ORIENTED_EDGE('',*,*,#15138,.T.);
#15138 = EDGE_CURVE('',#15111,#15139,#15141,.T.);
#15139 = VERTEX_POINT('',#15140);
#15140 = CARTESIAN_POINT('',(-400.,604.,1.5473E+03));
#15141 = SURFACE_CURVE('',#15142,(#15146,#15153),.PCURVE_S1.);
#15142 = LINE('',#15143,#15144);
#15143 = CARTESIAN_POINT('',(-400.,604.,1.2127E+03));
#15144 = VECTOR('',#15145,1.);
#15145 = DIRECTION('',(0.,0.,1.));
#15146 = PCURVE('',#15030,#15147);
#15147 = DEFINITIONAL_REPRESENTATION('',(#15148),#15152);
#15148 = LINE('',#15149,#15150);
#15149 = CARTESIAN_POINT('',(12.7,-89.));
#15150 = VECTOR('',#15151,1.);
#15151 = DIRECTION('',(1.,0.));
#15152 = ( GEOMETRIC_REPRESENTATION_CONTEXT(2) 
PARAMETRIC_REPRESENTATION_CONTEXT() REPRESENTATION_CONTEXT('2D SPACE',''
  ) );
#15153 = PCURVE('',#15154,#15159);
#15154 = PLANE('',#15155);
#15155 = AXIS2_PLACEMENT_3D('',#15156,#15157,#15158);
#15156 = CARTESIAN_POINT('',(-400.,604.,1.2127E+03));
#15157 = DIRECTION('',(-0.,1.,0.));
#15158 = DIRECTION('',(0.,0.,1.));
#15159 = DEFINITIONAL_REPRESENTATION('',(#15160),#15164);
#15160 = LINE('',#15161,#15162);
#15161 = CARTESIAN_POINT('',(0.,0.));
#15162 = VECTOR('',#15163,1.);
#15163 = DIRECTION('',(1.,0.));
#15164 = ( GEOMETRIC_REPRESENTATION_CONTEXT(2) 
PARAMETRIC_REPRESENTATION_CONTEXT() REPRESENTATION_CONTEXT('2D SPACE',''
  ) );
#15165 = ORIENTED_EDGE('',*,*,#15166,.T.);
#15166 = EDGE_CURVE('',#15139,#15167,#15169,.T.);
#15167 = VERTEX_POINT('',#15168);
#15168 = CARTESIAN_POINT('',(-400.,685.,1.5473E+03));
#15169 = SURFACE_CURVE('',#15170,(#15174,#15181),.PCURVE_S1.);
#15170 = LINE('',#15171,#15172);
#15171 = CARTESIAN_POINT('',(-400.,515.,1.5473E+03));
#15172 = VECTOR('',#15173,1.);
#15173 = DIRECTION('',(-0.,1.,0.));
#15174 = PCURVE('',#15030,#15175);
#15175 = DEFINITIONAL_REPRESENTATION('',(#15176),#15180);
#15176 = LINE('',#15177,#15178);
#15177 = CARTESIAN_POINT('',(347.3,0.));
#15178 = VECTOR('',#15179,1.);
#15179 = DIRECTION('',(0.,-1.));
#15180 = ( GEOMETRIC_REPRESENTATION_CONTEXT(2) 
PARAMETRIC_REPRESENTATION_CONTEXT() REPRESENTATION_CONTEXT('2D SPACE',''
  ) );
#15181 = PCURVE('',#15182,#15187);
#15182 = PLANE('',#15183);
#15183 = AXIS2_PLACEMENT_3D('',#15184,#15185,#15186);
#15184 = CARTESIAN_POINT('',(-400.,515.,1.5473E+03));
#15185 = DIRECTION('',(0.,0.,1.));
#15186 = DIRECTION('',(1.,0.,-0.));
#15187 = DEFINITIONAL_REPRESENTATION('',(#15188),#15192);
#15188 = LINE('',#15189,#15190);
#15189 = CARTESIAN_POINT('',(0.,0.));
#15190 = VECTOR('',#15191,1.);
#15191 = DIRECTION('',(0.,1.));
#15192 = ( GEOMETRIC_REPRESENTATION_CONTEXT(2) 
PARAMETRIC_REPRESENTATION_CONTEXT() REPRESENTATION_CONTEXT('2D SPACE',''
  ) );
#15193 = ORIENTED_EDGE('',*,*,#15194,.T.);
#15194 = EDGE_CURVE('',#15167,#15195,#15197,.T.);
#15195 = VERTEX_POINT('',#15196);
#15196 = CARTESIAN_POINT('',(-400.,685.,1.56E+03));
#15197 = SURFACE_CURVE('',#15198,(#15202,#15209),.PCURVE_S1.);
#15198 = LINE('',#15199,#15200);
#15199 = CARTESIAN_POINT('',(-400.,685.,1.5473E+03));
#15200 = VECTOR('',#15201,1.);
#15201 = DIRECTION('',(0.,0.,1.));
#15202 = PCURVE('',#15030,#15203);
#15203 = DEFINITIONAL_REPRESENTATION('',(#15204),#15208);
#15204 = LINE('',#15205,#15206);
#15205 = CARTESIAN_POINT('',(347.3,-170.));
#15206 = VECTOR('',#15207,1.);
#15207 = DIRECTION('',(1.,0.));
#15208 = ( GEOMETRIC_REPRESENTATION_CONTEXT(2) 
PARAMETRIC_REPRESENTATION_CONTEXT() REPRESENTATION_CONTEXT('2D SPACE',''
  ) );
#15209 = PCURVE('',#15210,#15215);
#15210 = PLANE('',#15211);
#15211 = AXIS2_PLACEMENT_3D('',#15212,#15213,#15214);
#15212 = CARTESIAN_POINT('',(-400.,685.,1.5473E+03));
#15213 = DIRECTION('',(-0.,1.,0.));
#15214 = DIRECTION('',(0.,0.,1.));
#15215 = DEFINITIONAL_REPRESENTATION('',(#15216),#15220);
#15216 = LINE('',#15217,#15218);
#15217 = CARTESIAN_POINT('',(0.,0.));
#15218 = VECTOR('',#15219,1.);
#15219 = DIRECTION('',(1.,0.));
#15220 = ( GEOMETRIC_REPRESENTATION_CONTEXT(2) 
PARAMETRIC_REPRESENTATION_CONTEXT() REPRESENTATION_CONTEXT('2D SPACE',''
  ) );
#15221 = ORIENTED_EDGE('',*,*,#15222,.F.);
#15222 = EDGE_CURVE('',#15223,#15195,#15225,.T.);
#15223 = VERTEX_POINT('',#15224);
#15224 = CARTESIAN_POINT('',(-400.,515.,1.56E+03));
#15225 = SURFACE_CURVE('',#15226,(#15230,#15237),.PCURVE_S1.);
#15226 = LINE('',#15227,#15228);
#15227 = CARTESIAN_POINT('',(-400.,515.,1.56E+03));
#15228 = VECTOR('',#15229,1.);
#15229 = DIRECTION('',(-0.,1.,0.));
#15230 = PCURVE('',#15030,#15231);
#15231 = DEFINITIONAL_REPRESENTATION('',(#15232),#15236);
#15232 = LINE('',#15233,#15234);
#15233 = CARTESIAN_POINT('',(360.,0.));
#15234 = VECTOR('',#15235,1.);
#15235 = DIRECTION('',(0.,-1.));
#15236 = ( GEOMETRIC_REPRESENTATION_CONTEXT(2) 
PARAMETRIC_REPRESENTATION_CONTEXT() REPRESENTATION_CONTEXT('2D SPACE',''
  ) );
#15237 = PCURVE('',#15238,#15243);
#15238 = PLANE('',#15239);
#15239 = AXIS2_PLACEMENT_3D('',#15240,#15241,#15242);
#15240 = CARTESIAN_POINT('',(-400.,515.,1.56E+03));
#15241 = DIRECTION('',(0.,0.,1.));
#15242 = DIRECTION('',(1.,0.,-0.));
#15243 = DEFINITIONAL_REPRESENTATION('',(#15244),#15248);
#15244 = LINE('',#15245,#15246);
#15245 = CARTESIAN_POINT('',(0.,0.));
#15246 = VECTOR('',#15247,1.);
#15247 = DIRECTION('',(0.,1.));
#15248 = ( GEOMETRIC_REPRESENTATION_CONTEXT(2) 
PARAMETRIC_REPRESENTATION_CONTEXT() REPRESENTATION_CONTEXT('2D SPACE',''
  ) );
#15249 = ORIENTED_EDGE('',*,*,#15250,.F.);
#15250 = EDGE_CURVE('',#15251,#15223,#15253,.T.);
#15251 = VERTEX_POINT('',#15252);
#15252 = CARTESIAN_POINT('',(-400.,515.,1.5473E+03));
#15253 = SURFACE_CURVE('',#15254,(#15258,#15265),.PCURVE_S1.);
#15254 = LINE('',#15255,#15256);
#15255 = CARTESIAN_POINT('',(-400.,515.,1.5473E+03));
#15256 = VECTOR('',#15257,1.);
#15257 = DIRECTION('',(0.,0.,1.));
#15258 = PCURVE('',#15030,#15259);
#15259 = DEFINITIONAL_REPRESENTATION('',(#15260),#15264);
#15260 = LINE('',#15261,#15262);
#15261 = CARTESIAN_POINT('',(347.3,0.));
#15262 = VECTOR('',#15263,1.);
#15263 = DIRECTION('',(1.,0.));
#15264 = ( GEOMETRIC_REPRESENTATION_CONTEXT(2) 
PARAMETRIC_REPRESENTATION_CONTEXT() REPRESENTATION_CONTEXT('2D SPACE',''
  ) );
#15265 = PCURVE('',#15266,#15271);
#15266 = PLANE('',#15267);
#15267 = AXIS2_PLACEMENT_3D('',#15268,#15269,#15270);
#15268 = CARTESIAN_POINT('',(-400.,515.,1.5473E+03));
#15269 = DIRECTION('',(-0.,1.,0.));
#15270 = DIRECTION('',(0.,0.,1.));
#15271 = DEFINITIONAL_REPRESENTATION('',(#15272),#15276);
#15272 = LINE('',#15273,#15274);
#15273 = CARTESIAN_POINT('',(0.,0.));
#15274 = VECTOR('',#15275,1.);
#15275 = DIRECTION('',(1.,0.));
#15276 = ( GEOMETRIC_REPRESENTATION_CONTEXT(2) 
PARAMETRIC_REPRESENTATION_CONTEXT() REPRESENTATION_CONTEXT('2D SPACE',''
  ) );
#15277 = ORIENTED_EDGE('',*,*,#15278,.T.);
#15278 = EDGE_CURVE('',#15251,#15279,#15281,.T.);
#15279 = VERTEX_POINT('',#15280);
#15280 = CARTESIAN_POINT('',(-400.,596.,1.5473E+03));
#15281 = SURFACE_CURVE('',#15282,(#15286,#15293),.PCURVE_S1.);
#15282 = LINE('',#15283,#15284);
#15283 = CARTESIAN_POINT('',(-400.,515.,1.5473E+03));
#15284 = VECTOR('',#15285,1.);
#15285 = DIRECTION('',(-0.,1.,0.));
#15286 = PCURVE('',#15030,#15287);
#15287 = DEFINITIONAL_REPRESENTATION('',(#15288),#15292);
#15288 = LINE('',#15289,#15290);
#15289 = CARTESIAN_POINT('',(347.3,0.));
#15290 = VECTOR('',#15291,1.);
#15291 = DIRECTION('',(0.,-1.));
#15292 = ( GEOMETRIC_REPRESENTATION_CONTEXT(2) 
PARAMETRIC_REPRESENTATION_CONTEXT() REPRESENTATION_CONTEXT('2D SPACE',''
  ) );
#15293 = PCURVE('',#15294,#15299);
#15294 = PLANE('',#15295);
#15295 = AXIS2_PLACEMENT_3D('',#15296,#15297,#15298);
#15296 = CARTESIAN_POINT('',(-400.,515.,1.5473E+03));
#15297 = DIRECTION('',(0.,0.,1.));
#15298 = DIRECTION('',(1.,0.,-0.));
#15299 = DEFINITIONAL_REPRESENTATION('',(#15300),#15304);
#15300 = LINE('',#15301,#15302);
#15301 = CARTESIAN_POINT('',(0.,0.));
#15302 = VECTOR('',#15303,1.);
#15303 = DIRECTION('',(0.,1.));
#15304 = ( GEOMETRIC_REPRESENTATION_CONTEXT(2) 
PARAMETRIC_REPRESENTATION_CONTEXT() REPRESENTATION_CONTEXT('2D SPACE',''
  ) );
#15305 = ORIENTED_EDGE('',*,*,#15306,.F.);
#15306 = EDGE_CURVE('',#15307,#15279,#15309,.T.);
#15307 = VERTEX_POINT('',#15308);
#15308 = CARTESIAN_POINT('',(-400.,596.,1.2127E+03));
#15309 = SURFACE_CURVE('',#15310,(#15314,#15321),.PCURVE_S1.);
#15310 = LINE('',#15311,#15312);
#15311 = CARTESIAN_POINT('',(-400.,596.,1.2127E+03));
#15312 = VECTOR('',#15313,1.);
#15313 = DIRECTION('',(0.,0.,1.));
#15314 = PCURVE('',#15030,#15315);
#15315 = DEFINITIONAL_REPRESENTATION('',(#15316),#15320);
#15316 = LINE('',#15317,#15318);
#15317 = CARTESIAN_POINT('',(12.7,-81.));
#15318 = VECTOR('',#15319,1.);
#15319 = DIRECTION('',(1.,0.));
#15320 = ( GEOMETRIC_REPRESENTATION_CONTEXT(2) 
PARAMETRIC_REPRESENTATION_CONTEXT() REPRESENTATION_CONTEXT('2D SPACE',''
  ) );
#15321 = PCURVE('',#15322,#15327);
#15322 = PLANE('',#15323);
#15323 = AXIS2_PLACEMENT_3D('',#15324,#15325,#15326);
#15324 = CARTESIAN_POINT('',(-400.,596.,1.2127E+03));
#15325 = DIRECTION('',(-0.,1.,0.));
#15326 = DIRECTION('',(0.,0.,1.));
#15327 = DEFINITIONAL_REPRESENTATION('',(#15328),#15332);
#15328 = LINE('',#15329,#15330);
#15329 = CARTESIAN_POINT('',(0.,0.));
#15330 = VECTOR('',#15331,1.);
#15331 = DIRECTION('',(1.,0.));
#15332 = ( GEOMETRIC_REPRESENTATION_CONTEXT(2) 
PARAMETRIC_REPRESENTATION_CONTEXT() REPRESENTATION_CONTEXT('2D SPACE',''
  ) );
#15333 = ORIENTED_EDGE('',*,*,#15334,.F.);
#15334 = EDGE_CURVE('',#15022,#15307,#15335,.T.);
#15335 = SURFACE_CURVE('',#15336,(#15340,#15347),.PCURVE_S1.);
#15336 = LINE('',#15337,#15338);
#15337 = CARTESIAN_POINT('',(-400.,515.,1.2127E+03));
#15338 = VECTOR('',#15339,1.);
#15339 = DIRECTION('',(-0.,1.,0.));
#15340 = PCURVE('',#15030,#15341);
#15341 = DEFINITIONAL_REPRESENTATION('',(#15342),#15346);
#15342 = LINE('',#15343,#15344);
#15343 = CARTESIAN_POINT('',(12.7,0.));
#15344 = VECTOR('',#15345,1.);
#15345 = DIRECTION('',(0.,-1.));
#15346 = ( GEOMETRIC_REPRESENTATION_CONTEXT(2) 
PARAMETRIC_REPRESENTATION_CONTEXT() REPRESENTATION_CONTEXT('2D SPACE',''
  ) );
#15347 = PCURVE('',#15348,#15353);
#15348 = PLANE('',#15349);
#15349 = AXIS2_PLACEMENT_3D('',#15350,#15351,#15352);
#15350 = CARTESIAN_POINT('',(-400.,515.,1.2127E+03));
#15351 = DIRECTION('',(0.,0.,1.));
#15352 = DIRECTION('',(1.,0.,-0.));
#15353 = DEFINITIONAL_REPRESENTATION('',(#15354),#15358);
#15354 = LINE('',#15355,#15356);
#15355 = CARTESIAN_POINT('',(0.,0.));
#15356 = VECTOR('',#15357,1.);
#15357 = DIRECTION('',(0.,1.));
#15358 = ( GEOMETRIC_REPRESENTATION_CONTEXT(2) 
PARAMETRIC_REPRESENTATION_CONTEXT() REPRESENTATION_CONTEXT('2D SPACE',''
  ) );
#15359 = ADVANCED_FACE('',(#15360),#15042,.F.);
#15360 = FACE_BOUND('',#15361,.F.);
#15361 = EDGE_LOOP('',(#15362,#15385,#15386,#15409));
#15362 = ORIENTED_EDGE('',*,*,#15363,.F.);
#15363 = EDGE_CURVE('',#15020,#15364,#15366,.T.);
#15364 = VERTEX_POINT('',#15365);
#15365 = CARTESIAN_POINT('',(400.,515.,1.2E+03));
#15366 = SURFACE_CURVE('',#15367,(#15371,#15378),.PCURVE_S1.);
#15367 = LINE('',#15368,#15369);
#15368 = CARTESIAN_POINT('',(-400.,515.,1.2E+03));
#15369 = VECTOR('',#15370,1.);
#15370 = DIRECTION('',(1.,0.,-0.));
#15371 = PCURVE('',#15042,#15372);
#15372 = DEFINITIONAL_REPRESENTATION('',(#15373),#15377);
#15373 = LINE('',#15374,#15375);
#15374 = CARTESIAN_POINT('',(0.,0.));
#15375 = VECTOR('',#15376,1.);
#15376 = DIRECTION('',(0.,1.));
#15377 = ( GEOMETRIC_REPRESENTATION_CONTEXT(2) 
PARAMETRIC_REPRESENTATION_CONTEXT() REPRESENTATION_CONTEXT('2D SPACE',''
  ) );
#15378 = PCURVE('',#15070,#15379);
#15379 = DEFINITIONAL_REPRESENTATION('',(#15380),#15384);
#15380 = LINE('',#15381,#15382);
#15381 = CARTESIAN_POINT('',(0.,0.));
#15382 = VECTOR('',#15383,1.);
#15383 = DIRECTION('',(1.,0.));
#15384 = ( GEOMETRIC_REPRESENTATION_CONTEXT(2) 
PARAMETRIC_REPRESENTATION_CONTEXT() REPRESENTATION_CONTEXT('2D SPACE',''
  ) );
#15385 = ORIENTED_EDGE('',*,*,#15019,.T.);
#15386 = ORIENTED_EDGE('',*,*,#15387,.T.);
#15387 = EDGE_CURVE('',#15022,#15388,#15390,.T.);
#15388 = VERTEX_POINT('',#15389);
#15389 = CARTESIAN_POINT('',(400.,515.,1.2127E+03));
#15390 = SURFACE_CURVE('',#15391,(#15395,#15402),.PCURVE_S1.);
#15391 = LINE('',#15392,#15393);
#15392 = CARTESIAN_POINT('',(-400.,515.,1.2127E+03));
#15393 = VECTOR('',#15394,1.);
#15394 = DIRECTION('',(1.,0.,-0.));
#15395 = PCURVE('',#15042,#15396);
#15396 = DEFINITIONAL_REPRESENTATION('',(#15397),#15401);
#15397 = LINE('',#15398,#15399);
#15398 = CARTESIAN_POINT('',(12.7,0.));
#15399 = VECTOR('',#15400,1.);
#15400 = DIRECTION('',(0.,1.));
#15401 = ( GEOMETRIC_REPRESENTATION_CONTEXT(2) 
PARAMETRIC_REPRESENTATION_CONTEXT() REPRESENTATION_CONTEXT('2D SPACE',''
  ) );
#15402 = PCURVE('',#15348,#15403);
#15403 = DEFINITIONAL_REPRESENTATION('',(#15404),#15408);
#15404 = LINE('',#15405,#15406);
#15405 = CARTESIAN_POINT('',(0.,0.));
#15406 = VECTOR('',#15407,1.);
#15407 = DIRECTION('',(1.,0.));
#15408 = ( GEOMETRIC_REPRESENTATION_CONTEXT(2) 
PARAMETRIC_REPRESENTATION_CONTEXT() REPRESENTATION_CONTEXT('2D SPACE',''
  ) );
#15409 = ORIENTED_EDGE('',*,*,#15410,.F.);
#15410 = EDGE_CURVE('',#15364,#15388,#15411,.T.);
#15411 = SURFACE_CURVE('',#15412,(#15416,#15423),.PCURVE_S1.);
#15412 = LINE('',#15413,#15414);
#15413 = CARTESIAN_POINT('',(400.,515.,1.2E+03));
#15414 = VECTOR('',#15415,1.);
#15415 = DIRECTION('',(0.,0.,1.));
#15416 = PCURVE('',#15042,#15417);
#15417 = DEFINITIONAL_REPRESENTATION('',(#15418),#15422);
#15418 = LINE('',#15419,#15420);
#15419 = CARTESIAN_POINT('',(0.,800.));
#15420 = VECTOR('',#15421,1.);
#15421 = DIRECTION('',(1.,0.));
#15422 = ( GEOMETRIC_REPRESENTATION_CONTEXT(2) 
PARAMETRIC_REPRESENTATION_CONTEXT() REPRESENTATION_CONTEXT('2D SPACE',''
  ) );
#15423 = PCURVE('',#15424,#15429);
#15424 = PLANE('',#15425);
#15425 = AXIS2_PLACEMENT_3D('',#15426,#15427,#15428);
#15426 = CARTESIAN_POINT('',(400.,515.,1.2E+03));
#15427 = DIRECTION('',(1.,0.,-0.));
#15428 = DIRECTION('',(0.,0.,1.));
#15429 = DEFINITIONAL_REPRESENTATION('',(#15430),#15434);
#15430 = LINE('',#15431,#15432);
#15431 = CARTESIAN_POINT('',(0.,0.));
#15432 = VECTOR('',#15433,1.);
#15433 = DIRECTION('',(1.,0.));
#15434 = ( GEOMETRIC_REPRESENTATION_CONTEXT(2) 
PARAMETRIC_REPRESENTATION_CONTEXT() REPRESENTATION_CONTEXT('2D SPACE',''
  ) );
#15435 = ADVANCED_FACE('',(#15436),#15348,.T.);
#15436 = FACE_BOUND('',#15437,.T.);
#15437 = EDGE_LOOP('',(#15438,#15439,#15440,#15463));
#15438 = ORIENTED_EDGE('',*,*,#15334,.F.);
#15439 = ORIENTED_EDGE('',*,*,#15387,.T.);
#15440 = ORIENTED_EDGE('',*,*,#15441,.T.);
#15441 = EDGE_CURVE('',#15388,#15442,#15444,.T.);
#15442 = VERTEX_POINT('',#15443);
#15443 = CARTESIAN_POINT('',(400.,596.,1.2127E+03));
#15444 = SURFACE_CURVE('',#15445,(#15449,#15456),.PCURVE_S1.);
#15445 = LINE('',#15446,#15447);
#15446 = CARTESIAN_POINT('',(400.,515.,1.2127E+03));
#15447 = VECTOR('',#15448,1.);
#15448 = DIRECTION('',(-0.,1.,0.));
#15449 = PCURVE('',#15348,#15450);
#15450 = DEFINITIONAL_REPRESENTATION('',(#15451),#15455);
#15451 = LINE('',#15452,#15453);
#15452 = CARTESIAN_POINT('',(800.,0.));
#15453 = VECTOR('',#15454,1.);
#15454 = DIRECTION('',(0.,1.));
#15455 = ( GEOMETRIC_REPRESENTATION_CONTEXT(2) 
PARAMETRIC_REPRESENTATION_CONTEXT() REPRESENTATION_CONTEXT('2D SPACE',''
  ) );
#15456 = PCURVE('',#15424,#15457);
#15457 = DEFINITIONAL_REPRESENTATION('',(#15458),#15462);
#15458 = LINE('',#15459,#15460);
#15459 = CARTESIAN_POINT('',(12.7,0.));
#15460 = VECTOR('',#15461,1.);
#15461 = DIRECTION('',(0.,-1.));
#15462 = ( GEOMETRIC_REPRESENTATION_CONTEXT(2) 
PARAMETRIC_REPRESENTATION_CONTEXT() REPRESENTATION_CONTEXT('2D SPACE',''
  ) );
#15463 = ORIENTED_EDGE('',*,*,#15464,.F.);
#15464 = EDGE_CURVE('',#15307,#15442,#15465,.T.);
#15465 = SURFACE_CURVE('',#15466,(#15470,#15477),.PCURVE_S1.);
#15466 = LINE('',#15467,#15468);
#15467 = CARTESIAN_POINT('',(-400.,596.,1.2127E+03));
#15468 = VECTOR('',#15469,1.);
#15469 = DIRECTION('',(1.,0.,-0.));
#15470 = PCURVE('',#15348,#15471);
#15471 = DEFINITIONAL_REPRESENTATION('',(#15472),#15476);
#15472 = LINE('',#15473,#15474);
#15473 = CARTESIAN_POINT('',(0.,81.));
#15474 = VECTOR('',#15475,1.);
#15475 = DIRECTION('',(1.,0.));
#15476 = ( GEOMETRIC_REPRESENTATION_CONTEXT(2) 
PARAMETRIC_REPRESENTATION_CONTEXT() REPRESENTATION_CONTEXT('2D SPACE',''
  ) );
#15477 = PCURVE('',#15322,#15478);
#15478 = DEFINITIONAL_REPRESENTATION('',(#15479),#15483);
#15479 = LINE('',#15480,#15481);
#15480 = CARTESIAN_POINT('',(0.,0.));
#15481 = VECTOR('',#15482,1.);
#15482 = DIRECTION('',(0.,1.));
#15483 = ( GEOMETRIC_REPRESENTATION_CONTEXT(2) 
PARAMETRIC_REPRESENTATION_CONTEXT() REPRESENTATION_CONTEXT('2D SPACE',''
  ) );
#15484 = ADVANCED_FACE('',(#15485),#15126,.T.);
#15485 = FACE_BOUND('',#15486,.T.);
#15486 = EDGE_LOOP('',(#15487,#15488,#15511,#15534));
#15487 = ORIENTED_EDGE('',*,*,#15110,.F.);
#15488 = ORIENTED_EDGE('',*,*,#15489,.T.);
#15489 = EDGE_CURVE('',#15111,#15490,#15492,.T.);
#15490 = VERTEX_POINT('',#15491);
#15491 = CARTESIAN_POINT('',(400.,604.,1.2127E+03));
#15492 = SURFACE_CURVE('',#15493,(#15497,#15504),.PCURVE_S1.);
#15493 = LINE('',#15494,#15495);
#15494 = CARTESIAN_POINT('',(-400.,604.,1.2127E+03));
#15495 = VECTOR('',#15496,1.);
#15496 = DIRECTION('',(1.,0.,-0.));
#15497 = PCURVE('',#15126,#15498);
#15498 = DEFINITIONAL_REPRESENTATION('',(#15499),#15503);
#15499 = LINE('',#15500,#15501);
#15500 = CARTESIAN_POINT('',(0.,89.));
#15501 = VECTOR('',#15502,1.);
#15502 = DIRECTION('',(1.,0.));
#15503 = ( GEOMETRIC_REPRESENTATION_CONTEXT(2) 
PARAMETRIC_REPRESENTATION_CONTEXT() REPRESENTATION_CONTEXT('2D SPACE',''
  ) );
#15504 = PCURVE('',#15154,#15505);
#15505 = DEFINITIONAL_REPRESENTATION('',(#15506),#15510);
#15506 = LINE('',#15507,#15508);
#15507 = CARTESIAN_POINT('',(0.,0.));
#15508 = VECTOR('',#15509,1.);
#15509 = DIRECTION('',(0.,1.));
#15510 = ( GEOMETRIC_REPRESENTATION_CONTEXT(2) 
PARAMETRIC_REPRESENTATION_CONTEXT() REPRESENTATION_CONTEXT('2D SPACE',''
  ) );
#15511 = ORIENTED_EDGE('',*,*,#15512,.T.);
#15512 = EDGE_CURVE('',#15490,#15513,#15515,.T.);
#15513 = VERTEX_POINT('',#15514);
#15514 = CARTESIAN_POINT('',(400.,685.,1.2127E+03));
#15515 = SURFACE_CURVE('',#15516,(#15520,#15527),.PCURVE_S1.);
#15516 = LINE('',#15517,#15518);
#15517 = CARTESIAN_POINT('',(400.,515.,1.2127E+03));
#15518 = VECTOR('',#15519,1.);
#15519 = DIRECTION('',(-0.,1.,0.));
#15520 = PCURVE('',#15126,#15521);
#15521 = DEFINITIONAL_REPRESENTATION('',(#15522),#15526);
#15522 = LINE('',#15523,#15524);
#15523 = CARTESIAN_POINT('',(800.,0.));
#15524 = VECTOR('',#15525,1.);
#15525 = DIRECTION('',(0.,1.));
#15526 = ( GEOMETRIC_REPRESENTATION_CONTEXT(2) 
PARAMETRIC_REPRESENTATION_CONTEXT() REPRESENTATION_CONTEXT('2D SPACE',''
  ) );
#15527 = PCURVE('',#15424,#15528);
#15528 = DEFINITIONAL_REPRESENTATION('',(#15529),#15533);
#15529 = LINE('',#15530,#15531);
#15530 = CARTESIAN_POINT('',(12.7,0.));
#15531 = VECTOR('',#15532,1.);
#15532 = DIRECTION('',(0.,-1.));
#15533 = ( GEOMETRIC_REPRESENTATION_CONTEXT(2) 
PARAMETRIC_REPRESENTATION_CONTEXT() REPRESENTATION_CONTEXT('2D SPACE',''
  ) );
#15534 = ORIENTED_EDGE('',*,*,#15535,.F.);
#15535 = EDGE_CURVE('',#15083,#15513,#15536,.T.);
#15536 = SURFACE_CURVE('',#15537,(#15541,#15548),.PCURVE_S1.);
#15537 = LINE('',#15538,#15539);
#15538 = CARTESIAN_POINT('',(-400.,685.,1.2127E+03));
#15539 = VECTOR('',#15540,1.);
#15540 = DIRECTION('',(1.,0.,-0.));
#15541 = PCURVE('',#15126,#15542);
#15542 = DEFINITIONAL_REPRESENTATION('',(#15543),#15547);
#15543 = LINE('',#15544,#15545);
#15544 = CARTESIAN_POINT('',(0.,170.));
#15545 = VECTOR('',#15546,1.);
#15546 = DIRECTION('',(1.,0.));
#15547 = ( GEOMETRIC_REPRESENTATION_CONTEXT(2) 
PARAMETRIC_REPRESENTATION_CONTEXT() REPRESENTATION_CONTEXT('2D SPACE',''
  ) );
#15548 = PCURVE('',#15098,#15549);
#15549 = DEFINITIONAL_REPRESENTATION('',(#15550),#15554);
#15550 = LINE('',#15551,#15552);
#15551 = CARTESIAN_POINT('',(12.7,0.));
#15552 = VECTOR('',#15553,1.);
#15553 = DIRECTION('',(0.,1.));
#15554 = ( GEOMETRIC_REPRESENTATION_CONTEXT(2) 
PARAMETRIC_REPRESENTATION_CONTEXT() REPRESENTATION_CONTEXT('2D SPACE',''
  ) );
#15555 = ADVANCED_FACE('',(#15556),#15098,.T.);
#15556 = FACE_BOUND('',#15557,.T.);
#15557 = EDGE_LOOP('',(#15558,#15581,#15582,#15583));
#15558 = ORIENTED_EDGE('',*,*,#15559,.F.);
#15559 = EDGE_CURVE('',#15055,#15560,#15562,.T.);
#15560 = VERTEX_POINT('',#15561);
#15561 = CARTESIAN_POINT('',(400.,685.,1.2E+03));
#15562 = SURFACE_CURVE('',#15563,(#15567,#15574),.PCURVE_S1.);
#15563 = LINE('',#15564,#15565);
#15564 = CARTESIAN_POINT('',(-400.,685.,1.2E+03));
#15565 = VECTOR('',#15566,1.);
#15566 = DIRECTION('',(1.,0.,-0.));
#15567 = PCURVE('',#15098,#15568);
#15568 = DEFINITIONAL_REPRESENTATION('',(#15569),#15573);
#15569 = LINE('',#15570,#15571);
#15570 = CARTESIAN_POINT('',(0.,0.));
#15571 = VECTOR('',#15572,1.);
#15572 = DIRECTION('',(0.,1.));
#15573 = ( GEOMETRIC_REPRESENTATION_CONTEXT(2) 
PARAMETRIC_REPRESENTATION_CONTEXT() REPRESENTATION_CONTEXT('2D SPACE',''
  ) );
#15574 = PCURVE('',#15070,#15575);
#15575 = DEFINITIONAL_REPRESENTATION('',(#15576),#15580);
#15576 = LINE('',#15577,#15578);
#15577 = CARTESIAN_POINT('',(0.,170.));
#15578 = VECTOR('',#15579,1.);
#15579 = DIRECTION('',(1.,0.));
#15580 = ( GEOMETRIC_REPRESENTATION_CONTEXT(2) 
PARAMETRIC_REPRESENTATION_CONTEXT() REPRESENTATION_CONTEXT('2D SPACE',''
  ) );
#15581 = ORIENTED_EDGE('',*,*,#15082,.T.);
#15582 = ORIENTED_EDGE('',*,*,#15535,.T.);
#15583 = ORIENTED_EDGE('',*,*,#15584,.F.);
#15584 = EDGE_CURVE('',#15560,#15513,#15585,.T.);
#15585 = SURFACE_CURVE('',#15586,(#15590,#15597),.PCURVE_S1.);
#15586 = LINE('',#15587,#15588);
#15587 = CARTESIAN_POINT('',(400.,685.,1.2E+03));
#15588 = VECTOR('',#15589,1.);
#15589 = DIRECTION('',(0.,0.,1.));
#15590 = PCURVE('',#15098,#15591);
#15591 = DEFINITIONAL_REPRESENTATION('',(#15592),#15596);
#15592 = LINE('',#15593,#15594);
#15593 = CARTESIAN_POINT('',(0.,800.));
#15594 = VECTOR('',#15595,1.);
#15595 = DIRECTION('',(1.,0.));
#15596 = ( GEOMETRIC_REPRESENTATION_CONTEXT(2) 
PARAMETRIC_REPRESENTATION_CONTEXT() REPRESENTATION_CONTEXT('2D SPACE',''
  ) );
#15597 = PCURVE('',#15424,#15598);
#15598 = DEFINITIONAL_REPRESENTATION('',(#15599),#15603);
#15599 = LINE('',#15600,#15601);
#15600 = CARTESIAN_POINT('',(0.,-170.));
#15601 = VECTOR('',#15602,1.);
#15602 = DIRECTION('',(1.,0.));
#15603 = ( GEOMETRIC_REPRESENTATION_CONTEXT(2) 
PARAMETRIC_REPRESENTATION_CONTEXT() REPRESENTATION_CONTEXT('2D SPACE',''
  ) );
#15604 = ADVANCED_FACE('',(#15605),#15070,.F.);
#15605 = FACE_BOUND('',#15606,.F.);
#15606 = EDGE_LOOP('',(#15607,#15608,#15609,#15630));
#15607 = ORIENTED_EDGE('',*,*,#15054,.F.);
#15608 = ORIENTED_EDGE('',*,*,#15363,.T.);
#15609 = ORIENTED_EDGE('',*,*,#15610,.T.);
#15610 = EDGE_CURVE('',#15364,#15560,#15611,.T.);
#15611 = SURFACE_CURVE('',#15612,(#15616,#15623),.PCURVE_S1.);
#15612 = LINE('',#15613,#15614);
#15613 = CARTESIAN_POINT('',(400.,515.,1.2E+03));
#15614 = VECTOR('',#15615,1.);
#15615 = DIRECTION('',(-0.,1.,0.));
#15616 = PCURVE('',#15070,#15617);
#15617 = DEFINITIONAL_REPRESENTATION('',(#15618),#15622);
#15618 = LINE('',#15619,#15620);
#15619 = CARTESIAN_POINT('',(800.,0.));
#15620 = VECTOR('',#15621,1.);
#15621 = DIRECTION('',(0.,1.));
#15622 = ( GEOMETRIC_REPRESENTATION_CONTEXT(2) 
PARAMETRIC_REPRESENTATION_CONTEXT() REPRESENTATION_CONTEXT('2D SPACE',''
  ) );
#15623 = PCURVE('',#15424,#15624);
#15624 = DEFINITIONAL_REPRESENTATION('',(#15625),#15629);
#15625 = LINE('',#15626,#15627);
#15626 = CARTESIAN_POINT('',(0.,0.));
#15627 = VECTOR('',#15628,1.);
#15628 = DIRECTION('',(0.,-1.));
#15629 = ( GEOMETRIC_REPRESENTATION_CONTEXT(2) 
PARAMETRIC_REPRESENTATION_CONTEXT() REPRESENTATION_CONTEXT('2D SPACE',''
  ) );
#15630 = ORIENTED_EDGE('',*,*,#15559,.F.);
#15631 = ADVANCED_FACE('',(#15632),#15424,.T.);
#15632 = FACE_BOUND('',#15633,.T.);
#15633 = EDGE_LOOP('',(#15634,#15635,#15636,#15637,#15638,#15661,#15684,
    #15707,#15730,#15753,#15776,#15797));
#15634 = ORIENTED_EDGE('',*,*,#15410,.F.);
#15635 = ORIENTED_EDGE('',*,*,#15610,.T.);
#15636 = ORIENTED_EDGE('',*,*,#15584,.T.);
#15637 = ORIENTED_EDGE('',*,*,#15512,.F.);
#15638 = ORIENTED_EDGE('',*,*,#15639,.T.);
#15639 = EDGE_CURVE('',#15490,#15640,#15642,.T.);
#15640 = VERTEX_POINT('',#15641);
#15641 = CARTESIAN_POINT('',(400.,604.,1.5473E+03));
#15642 = SURFACE_CURVE('',#15643,(#15647,#15654),.PCURVE_S1.);
#15643 = LINE('',#15644,#15645);
#15644 = CARTESIAN_POINT('',(400.,604.,1.2127E+03));
#15645 = VECTOR('',#15646,1.);
#15646 = DIRECTION('',(0.,0.,1.));
#15647 = PCURVE('',#15424,#15648);
#15648 = DEFINITIONAL_REPRESENTATION('',(#15649),#15653);
#15649 = LINE('',#15650,#15651);
#15650 = CARTESIAN_POINT('',(12.7,-89.));
#15651 = VECTOR('',#15652,1.);
#15652 = DIRECTION('',(1.,0.));
#15653 = ( GEOMETRIC_REPRESENTATION_CONTEXT(2) 
PARAMETRIC_REPRESENTATION_CONTEXT() REPRESENTATION_CONTEXT('2D SPACE',''
  ) );
#15654 = PCURVE('',#15154,#15655);
#15655 = DEFINITIONAL_REPRESENTATION('',(#15656),#15660);
#15656 = LINE('',#15657,#15658);
#15657 = CARTESIAN_POINT('',(0.,800.));
#15658 = VECTOR('',#15659,1.);
#15659 = DIRECTION('',(1.,0.));
#15660 = ( GEOMETRIC_REPRESENTATION_CONTEXT(2) 
PARAMETRIC_REPRESENTATION_CONTEXT() REPRESENTATION_CONTEXT('2D SPACE',''
  ) );
#15661 = ORIENTED_EDGE('',*,*,#15662,.T.);
#15662 = EDGE_CURVE('',#15640,#15663,#15665,.T.);
#15663 = VERTEX_POINT('',#15664);
#15664 = CARTESIAN_POINT('',(400.,685.,1.5473E+03));
#15665 = SURFACE_CURVE('',#15666,(#15670,#15677),.PCURVE_S1.);
#15666 = LINE('',#15667,#15668);
#15667 = CARTESIAN_POINT('',(400.,515.,1.5473E+03));
#15668 = VECTOR('',#15669,1.);
#15669 = DIRECTION('',(-0.,1.,0.));
#15670 = PCURVE('',#15424,#15671);
#15671 = DEFINITIONAL_REPRESENTATION('',(#15672),#15676);
#15672 = LINE('',#15673,#15674);
#15673 = CARTESIAN_POINT('',(347.3,0.));
#15674 = VECTOR('',#15675,1.);
#15675 = DIRECTION('',(0.,-1.));
#15676 = ( GEOMETRIC_REPRESENTATION_CONTEXT(2) 
PARAMETRIC_REPRESENTATION_CONTEXT() REPRESENTATION_CONTEXT('2D SPACE',''
  ) );
#15677 = PCURVE('',#15182,#15678);
#15678 = DEFINITIONAL_REPRESENTATION('',(#15679),#15683);
#15679 = LINE('',#15680,#15681);
#15680 = CARTESIAN_POINT('',(800.,0.));
#15681 = VECTOR('',#15682,1.);
#15682 = DIRECTION('',(0.,1.));
#15683 = ( GEOMETRIC_REPRESENTATION_CONTEXT(2) 
PARAMETRIC_REPRESENTATION_CONTEXT() REPRESENTATION_CONTEXT('2D SPACE',''
  ) );
#15684 = ORIENTED_EDGE('',*,*,#15685,.T.);
#15685 = EDGE_CURVE('',#15663,#15686,#15688,.T.);
#15686 = VERTEX_POINT('',#15687);
#15687 = CARTESIAN_POINT('',(400.,685.,1.56E+03));
#15688 = SURFACE_CURVE('',#15689,(#15693,#15700),.PCURVE_S1.);
#15689 = LINE('',#15690,#15691);
#15690 = CARTESIAN_POINT('',(400.,685.,1.5473E+03));
#15691 = VECTOR('',#15692,1.);
#15692 = DIRECTION('',(0.,0.,1.));
#15693 = PCURVE('',#15424,#15694);
#15694 = DEFINITIONAL_REPRESENTATION('',(#15695),#15699);
#15695 = LINE('',#15696,#15697);
#15696 = CARTESIAN_POINT('',(347.3,-170.));
#15697 = VECTOR('',#15698,1.);
#15698 = DIRECTION('',(1.,0.));
#15699 = ( GEOMETRIC_REPRESENTATION_CONTEXT(2) 
PARAMETRIC_REPRESENTATION_CONTEXT() REPRESENTATION_CONTEXT('2D SPACE',''
  ) );
#15700 = PCURVE('',#15210,#15701);
#15701 = DEFINITIONAL_REPRESENTATION('',(#15702),#15706);
#15702 = LINE('',#15703,#15704);
#15703 = CARTESIAN_POINT('',(0.,800.));
#15704 = VECTOR('',#15705,1.);
#15705 = DIRECTION('',(1.,0.));
#15706 = ( GEOMETRIC_REPRESENTATION_CONTEXT(2) 
PARAMETRIC_REPRESENTATION_CONTEXT() REPRESENTATION_CONTEXT('2D SPACE',''
  ) );
#15707 = ORIENTED_EDGE('',*,*,#15708,.F.);
#15708 = EDGE_CURVE('',#15709,#15686,#15711,.T.);
#15709 = VERTEX_POINT('',#15710);
#15710 = CARTESIAN_POINT('',(400.,515.,1.56E+03));
#15711 = SURFACE_CURVE('',#15712,(#15716,#15723),.PCURVE_S1.);
#15712 = LINE('',#15713,#15714);
#15713 = CARTESIAN_POINT('',(400.,515.,1.56E+03));
#15714 = VECTOR('',#15715,1.);
#15715 = DIRECTION('',(-0.,1.,0.));
#15716 = PCURVE('',#15424,#15717);
#15717 = DEFINITIONAL_REPRESENTATION('',(#15718),#15722);
#15718 = LINE('',#15719,#15720);
#15719 = CARTESIAN_POINT('',(360.,0.));
#15720 = VECTOR('',#15721,1.);
#15721 = DIRECTION('',(0.,-1.));
#15722 = ( GEOMETRIC_REPRESENTATION_CONTEXT(2) 
PARAMETRIC_REPRESENTATION_CONTEXT() REPRESENTATION_CONTEXT('2D SPACE',''
  ) );
#15723 = PCURVE('',#15238,#15724);
#15724 = DEFINITIONAL_REPRESENTATION('',(#15725),#15729);
#15725 = LINE('',#15726,#15727);
#15726 = CARTESIAN_POINT('',(800.,0.));
#15727 = VECTOR('',#15728,1.);
#15728 = DIRECTION('',(0.,1.));
#15729 = ( GEOMETRIC_REPRESENTATION_CONTEXT(2) 
PARAMETRIC_REPRESENTATION_CONTEXT() REPRESENTATION_CONTEXT('2D SPACE',''
  ) );
#15730 = ORIENTED_EDGE('',*,*,#15731,.F.);
#15731 = EDGE_CURVE('',#15732,#15709,#15734,.T.);
#15732 = VERTEX_POINT('',#15733);
#15733 = CARTESIAN_POINT('',(400.,515.,1.5473E+03));
#15734 = SURFACE_CURVE('',#15735,(#15739,#15746),.PCURVE_S1.);
#15735 = LINE('',#15736,#15737);
#15736 = CARTESIAN_POINT('',(400.,515.,1.5473E+03));
#15737 = VECTOR('',#15738,1.);
#15738 = DIRECTION('',(0.,0.,1.));
#15739 = PCURVE('',#15424,#15740);
#15740 = DEFINITIONAL_REPRESENTATION('',(#15741),#15745);
#15741 = LINE('',#15742,#15743);
#15742 = CARTESIAN_POINT('',(347.3,0.));
#15743 = VECTOR('',#15744,1.);
#15744 = DIRECTION('',(1.,0.));
#15745 = ( GEOMETRIC_REPRESENTATION_CONTEXT(2) 
PARAMETRIC_REPRESENTATION_CONTEXT() REPRESENTATION_CONTEXT('2D SPACE',''
  ) );
#15746 = PCURVE('',#15266,#15747);
#15747 = DEFINITIONAL_REPRESENTATION('',(#15748),#15752);
#15748 = LINE('',#15749,#15750);
#15749 = CARTESIAN_POINT('',(0.,800.));
#15750 = VECTOR('',#15751,1.);
#15751 = DIRECTION('',(1.,0.));
#15752 = ( GEOMETRIC_REPRESENTATION_CONTEXT(2) 
PARAMETRIC_REPRESENTATION_CONTEXT() REPRESENTATION_CONTEXT('2D SPACE',''
  ) );
#15753 = ORIENTED_EDGE('',*,*,#15754,.T.);
#15754 = EDGE_CURVE('',#15732,#15755,#15757,.T.);
#15755 = VERTEX_POINT('',#15756);
#15756 = CARTESIAN_POINT('',(400.,596.,1.5473E+03));
#15757 = SURFACE_CURVE('',#15758,(#15762,#15769),.PCURVE_S1.);
#15758 = LINE('',#15759,#15760);
#15759 = CARTESIAN_POINT('',(400.,515.,1.5473E+03));
#15760 = VECTOR('',#15761,1.);
#15761 = DIRECTION('',(-0.,1.,0.));
#15762 = PCURVE('',#15424,#15763);
#15763 = DEFINITIONAL_REPRESENTATION('',(#15764),#15768);
#15764 = LINE('',#15765,#15766);
#15765 = CARTESIAN_POINT('',(347.3,0.));
#15766 = VECTOR('',#15767,1.);
#15767 = DIRECTION('',(0.,-1.));
#15768 = ( GEOMETRIC_REPRESENTATION_CONTEXT(2) 
PARAMETRIC_REPRESENTATION_CONTEXT() REPRESENTATION_CONTEXT('2D SPACE',''
  ) );
#15769 = PCURVE('',#15294,#15770);
#15770 = DEFINITIONAL_REPRESENTATION('',(#15771),#15775);
#15771 = LINE('',#15772,#15773);
#15772 = CARTESIAN_POINT('',(800.,0.));
#15773 = VECTOR('',#15774,1.);
#15774 = DIRECTION('',(0.,1.));
#15775 = ( GEOMETRIC_REPRESENTATION_CONTEXT(2) 
PARAMETRIC_REPRESENTATION_CONTEXT() REPRESENTATION_CONTEXT('2D SPACE',''
  ) );
#15776 = ORIENTED_EDGE('',*,*,#15777,.F.);
#15777 = EDGE_CURVE('',#15442,#15755,#15778,.T.);
#15778 = SURFACE_CURVE('',#15779,(#15783,#15790),.PCURVE_S1.);
#15779 = LINE('',#15780,#15781);
#15780 = CARTESIAN_POINT('',(400.,596.,1.2127E+03));
#15781 = VECTOR('',#15782,1.);
#15782 = DIRECTION('',(0.,0.,1.));
#15783 = PCURVE('',#15424,#15784);
#15784 = DEFINITIONAL_REPRESENTATION('',(#15785),#15789);
#15785 = LINE('',#15786,#15787);
#15786 = CARTESIAN_POINT('',(12.7,-81.));
#15787 = VECTOR('',#15788,1.);
#15788 = DIRECTION('',(1.,0.));
#15789 = ( GEOMETRIC_REPRESENTATION_CONTEXT(2) 
PARAMETRIC_REPRESENTATION_CONTEXT() REPRESENTATION_CONTEXT('2D SPACE',''
  ) );
#15790 = PCURVE('',#15322,#15791);
#15791 = DEFINITIONAL_REPRESENTATION('',(#15792),#15796);
#15792 = LINE('',#15793,#15794);
#15793 = CARTESIAN_POINT('',(0.,800.));
#15794 = VECTOR('',#15795,1.);
#15795 = DIRECTION('',(1.,0.));
#15796 = ( GEOMETRIC_REPRESENTATION_CONTEXT(2) 
PARAMETRIC_REPRESENTATION_CONTEXT() REPRESENTATION_CONTEXT('2D SPACE',''
  ) );
#15797 = ORIENTED_EDGE('',*,*,#15441,.F.);
#15798 = ADVANCED_FACE('',(#15799),#15322,.F.);
#15799 = FACE_BOUND('',#15800,.F.);
#15800 = EDGE_LOOP('',(#15801,#15802,#15803,#15824));
#15801 = ORIENTED_EDGE('',*,*,#15464,.F.);
#15802 = ORIENTED_EDGE('',*,*,#15306,.T.);
#15803 = ORIENTED_EDGE('',*,*,#15804,.T.);
#15804 = EDGE_CURVE('',#15279,#15755,#15805,.T.);
#15805 = SURFACE_CURVE('',#15806,(#15810,#15817),.PCURVE_S1.);
#15806 = LINE('',#15807,#15808);
#15807 = CARTESIAN_POINT('',(-400.,596.,1.5473E+03));
#15808 = VECTOR('',#15809,1.);
#15809 = DIRECTION('',(1.,0.,-0.));
#15810 = PCURVE('',#15322,#15811);
#15811 = DEFINITIONAL_REPRESENTATION('',(#15812),#15816);
#15812 = LINE('',#15813,#15814);
#15813 = CARTESIAN_POINT('',(334.6,0.));
#15814 = VECTOR('',#15815,1.);
#15815 = DIRECTION('',(0.,1.));
#15816 = ( GEOMETRIC_REPRESENTATION_CONTEXT(2) 
PARAMETRIC_REPRESENTATION_CONTEXT() REPRESENTATION_CONTEXT('2D SPACE',''
  ) );
#15817 = PCURVE('',#15294,#15818);
#15818 = DEFINITIONAL_REPRESENTATION('',(#15819),#15823);
#15819 = LINE('',#15820,#15821);
#15820 = CARTESIAN_POINT('',(0.,81.));
#15821 = VECTOR('',#15822,1.);
#15822 = DIRECTION('',(1.,0.));
#15823 = ( GEOMETRIC_REPRESENTATION_CONTEXT(2) 
PARAMETRIC_REPRESENTATION_CONTEXT() REPRESENTATION_CONTEXT('2D SPACE',''
  ) );
#15824 = ORIENTED_EDGE('',*,*,#15777,.F.);
#15825 = ADVANCED_FACE('',(#15826),#15154,.T.);
#15826 = FACE_BOUND('',#15827,.T.);
#15827 = EDGE_LOOP('',(#15828,#15829,#15830,#15851));
#15828 = ORIENTED_EDGE('',*,*,#15489,.F.);
#15829 = ORIENTED_EDGE('',*,*,#15138,.T.);
#15830 = ORIENTED_EDGE('',*,*,#15831,.T.);
#15831 = EDGE_CURVE('',#15139,#15640,#15832,.T.);
#15832 = SURFACE_CURVE('',#15833,(#15837,#15844),.PCURVE_S1.);
#15833 = LINE('',#15834,#15835);
#15834 = CARTESIAN_POINT('',(-400.,604.,1.5473E+03));
#15835 = VECTOR('',#15836,1.);
#15836 = DIRECTION('',(1.,0.,-0.));
#15837 = PCURVE('',#15154,#15838);
#15838 = DEFINITIONAL_REPRESENTATION('',(#15839),#15843);
#15839 = LINE('',#15840,#15841);
#15840 = CARTESIAN_POINT('',(334.6,0.));
#15841 = VECTOR('',#15842,1.);
#15842 = DIRECTION('',(0.,1.));
#15843 = ( GEOMETRIC_REPRESENTATION_CONTEXT(2) 
PARAMETRIC_REPRESENTATION_CONTEXT() REPRESENTATION_CONTEXT('2D SPACE',''
  ) );
#15844 = PCURVE('',#15182,#15845);
#15845 = DEFINITIONAL_REPRESENTATION('',(#15846),#15850);
#15846 = LINE('',#15847,#15848);
#15847 = CARTESIAN_POINT('',(0.,89.));
#15848 = VECTOR('',#15849,1.);
#15849 = DIRECTION('',(1.,0.));
#15850 = ( GEOMETRIC_REPRESENTATION_CONTEXT(2) 
PARAMETRIC_REPRESENTATION_CONTEXT() REPRESENTATION_CONTEXT('2D SPACE',''
  ) );
#15851 = ORIENTED_EDGE('',*,*,#15639,.F.);
#15852 = ADVANCED_FACE('',(#15853),#15294,.F.);
#15853 = FACE_BOUND('',#15854,.F.);
#15854 = EDGE_LOOP('',(#15855,#15856,#15877,#15878));
#15855 = ORIENTED_EDGE('',*,*,#15278,.F.);
#15856 = ORIENTED_EDGE('',*,*,#15857,.T.);
#15857 = EDGE_CURVE('',#15251,#15732,#15858,.T.);
#15858 = SURFACE_CURVE('',#15859,(#15863,#15870),.PCURVE_S1.);
#15859 = LINE('',#15860,#15861);
#15860 = CARTESIAN_POINT('',(-400.,515.,1.5473E+03));
#15861 = VECTOR('',#15862,1.);
#15862 = DIRECTION('',(1.,0.,-0.));
#15863 = PCURVE('',#15294,#15864);
#15864 = DEFINITIONAL_REPRESENTATION('',(#15865),#15869);
#15865 = LINE('',#15866,#15867);
#15866 = CARTESIAN_POINT('',(0.,0.));
#15867 = VECTOR('',#15868,1.);
#15868 = DIRECTION('',(1.,0.));
#15869 = ( GEOMETRIC_REPRESENTATION_CONTEXT(2) 
PARAMETRIC_REPRESENTATION_CONTEXT() REPRESENTATION_CONTEXT('2D SPACE',''
  ) );
#15870 = PCURVE('',#15266,#15871);
#15871 = DEFINITIONAL_REPRESENTATION('',(#15872),#15876);
#15872 = LINE('',#15873,#15874);
#15873 = CARTESIAN_POINT('',(0.,0.));
#15874 = VECTOR('',#15875,1.);
#15875 = DIRECTION('',(0.,1.));
#15876 = ( GEOMETRIC_REPRESENTATION_CONTEXT(2) 
PARAMETRIC_REPRESENTATION_CONTEXT() REPRESENTATION_CONTEXT('2D SPACE',''
  ) );
#15877 = ORIENTED_EDGE('',*,*,#15754,.T.);
#15878 = ORIENTED_EDGE('',*,*,#15804,.F.);
#15879 = ADVANCED_FACE('',(#15880),#15266,.F.);
#15880 = FACE_BOUND('',#15881,.F.);
#15881 = EDGE_LOOP('',(#15882,#15883,#15884,#15905));
#15882 = ORIENTED_EDGE('',*,*,#15857,.F.);
#15883 = ORIENTED_EDGE('',*,*,#15250,.T.);
#15884 = ORIENTED_EDGE('',*,*,#15885,.T.);
#15885 = EDGE_CURVE('',#15223,#15709,#15886,.T.);
#15886 = SURFACE_CURVE('',#15887,(#15891,#15898),.PCURVE_S1.);
#15887 = LINE('',#15888,#15889);
#15888 = CARTESIAN_POINT('',(-400.,515.,1.56E+03));
#15889 = VECTOR('',#15890,1.);
#15890 = DIRECTION('',(1.,0.,-0.));
#15891 = PCURVE('',#15266,#15892);
#15892 = DEFINITIONAL_REPRESENTATION('',(#15893),#15897);
#15893 = LINE('',#15894,#15895);
#15894 = CARTESIAN_POINT('',(12.7,0.));
#15895 = VECTOR('',#15896,1.);
#15896 = DIRECTION('',(0.,1.));
#15897 = ( GEOMETRIC_REPRESENTATION_CONTEXT(2) 
PARAMETRIC_REPRESENTATION_CONTEXT() REPRESENTATION_CONTEXT('2D SPACE',''
  ) );
#15898 = PCURVE('',#15238,#15899);
#15899 = DEFINITIONAL_REPRESENTATION('',(#15900),#15904);
#15900 = LINE('',#15901,#15902);
#15901 = CARTESIAN_POINT('',(0.,0.));
#15902 = VECTOR('',#15903,1.);
#15903 = DIRECTION('',(1.,0.));
#15904 = ( GEOMETRIC_REPRESENTATION_CONTEXT(2) 
PARAMETRIC_REPRESENTATION_CONTEXT() REPRESENTATION_CONTEXT('2D SPACE',''
  ) );
#15905 = ORIENTED_EDGE('',*,*,#15731,.F.);
#15906 = ADVANCED_FACE('',(#15907),#15238,.T.);
#15907 = FACE_BOUND('',#15908,.T.);
#15908 = EDGE_LOOP('',(#15909,#15910,#15911,#15912));
#15909 = ORIENTED_EDGE('',*,*,#15222,.F.);
#15910 = ORIENTED_EDGE('',*,*,#15885,.T.);
#15911 = ORIENTED_EDGE('',*,*,#15708,.T.);
#15912 = ORIENTED_EDGE('',*,*,#15913,.F.);
#15913 = EDGE_CURVE('',#15195,#15686,#15914,.T.);
#15914 = SURFACE_CURVE('',#15915,(#15919,#15926),.PCURVE_S1.);
#15915 = LINE('',#15916,#15917);
#15916 = CARTESIAN_POINT('',(-400.,685.,1.56E+03));
#15917 = VECTOR('',#15918,1.);
#15918 = DIRECTION('',(1.,0.,-0.));
#15919 = PCURVE('',#15238,#15920);
#15920 = DEFINITIONAL_REPRESENTATION('',(#15921),#15925);
#15921 = LINE('',#15922,#15923);
#15922 = CARTESIAN_POINT('',(0.,170.));
#15923 = VECTOR('',#15924,1.);
#15924 = DIRECTION('',(1.,0.));
#15925 = ( GEOMETRIC_REPRESENTATION_CONTEXT(2) 
PARAMETRIC_REPRESENTATION_CONTEXT() REPRESENTATION_CONTEXT('2D SPACE',''
  ) );
#15926 = PCURVE('',#15210,#15927);
#15927 = DEFINITIONAL_REPRESENTATION('',(#15928),#15932);
#15928 = LINE('',#15929,#15930);
#15929 = CARTESIAN_POINT('',(12.7,0.));
#15930 = VECTOR('',#15931,1.);
#15931 = DIRECTION('',(0.,1.));
#15932 = ( GEOMETRIC_REPRESENTATION_CONTEXT(2) 
PARAMETRIC_REPRESENTATION_CONTEXT() REPRESENTATION_CONTEXT('2D SPACE',''
  ) );
#15933 = ADVANCED_FACE('',(#15934),#15210,.T.);
#15934 = FACE_BOUND('',#15935,.T.);
#15935 = EDGE_LOOP('',(#15936,#15957,#15958,#15959));
#15936 = ORIENTED_EDGE('',*,*,#15937,.F.);
#15937 = EDGE_CURVE('',#15167,#15663,#15938,.T.);
#15938 = SURFACE_CURVE('',#15939,(#15943,#15950),.PCURVE_S1.);
#15939 = LINE('',#15940,#15941);
#15940 = CARTESIAN_POINT('',(-400.,685.,1.5473E+03));
#15941 = VECTOR('',#15942,1.);
#15942 = DIRECTION('',(1.,0.,-0.));
#15943 = PCURVE('',#15210,#15944);
#15944 = DEFINITIONAL_REPRESENTATION('',(#15945),#15949);
#15945 = LINE('',#15946,#15947);
#15946 = CARTESIAN_POINT('',(0.,0.));
#15947 = VECTOR('',#15948,1.);
#15948 = DIRECTION('',(0.,1.));
#15949 = ( GEOMETRIC_REPRESENTATION_CONTEXT(2) 
PARAMETRIC_REPRESENTATION_CONTEXT() REPRESENTATION_CONTEXT('2D SPACE',''
  ) );
#15950 = PCURVE('',#15182,#15951);
#15951 = DEFINITIONAL_REPRESENTATION('',(#15952),#15956);
#15952 = LINE('',#15953,#15954);
#15953 = CARTESIAN_POINT('',(0.,170.));
#15954 = VECTOR('',#15955,1.);
#15955 = DIRECTION('',(1.,0.));
#15956 = ( GEOMETRIC_REPRESENTATION_CONTEXT(2) 
PARAMETRIC_REPRESENTATION_CONTEXT() REPRESENTATION_CONTEXT('2D SPACE',''
  ) );
#15957 = ORIENTED_EDGE('',*,*,#15194,.T.);
#15958 = ORIENTED_EDGE('',*,*,#15913,.T.);
#15959 = ORIENTED_EDGE('',*,*,#15685,.F.);
#15960 = ADVANCED_FACE('',(#15961),#15182,.F.);
#15961 = FACE_BOUND('',#15962,.F.);
#15962 = EDGE_LOOP('',(#15963,#15964,#15965,#15966));
#15963 = ORIENTED_EDGE('',*,*,#15166,.F.);
#15964 = ORIENTED_EDGE('',*,*,#15831,.T.);
#15965 = ORIENTED_EDGE('',*,*,#15662,.T.);
#15966 = ORIENTED_EDGE('',*,*,#15937,.F.);
#15967 = ( GEOMETRIC_REPRESENTATION_CONTEXT(3) 
GLOBAL_UNCERTAINTY_ASSIGNED_CONTEXT((#15971)) 
GLOBAL_UNIT_ASSIGNED_CONTEXT((#15968,#15969,#15970)) 
REPRESENTATION_CONTEXT('Context #1',
  '3D Context with UNIT and UNCERTAINTY') );
#15968 = ( LENGTH_UNIT() NAMED_UNIT(*) SI_UNIT(.MILLI.,.METRE.) );
#15969 = ( NAMED_UNIT(*) PLANE_ANGLE_UNIT() SI_UNIT($,.RADIAN.) );
#15970 = ( NAMED_UNIT(*) SI_UNIT($,.STERADIAN.) SOLID_ANGLE_UNIT() );
#15971 = UNCERTAINTY_MEASURE_WITH_UNIT(LENGTH_MEASURE(1.E-07),#15968,
  'distance_accuracy_value','confusion accuracy');
#15972 = CONTEXT_DEPENDENT_SHAPE_REPRESENTATION(#15973,#15975);
#15973 = ( REPRESENTATION_RELATIONSHIP('','',#14058,#10) 
REPRESENTATION_RELATIONSHIP_WITH_TRANSFORMATION(#15974) 
SHAPE_REPRESENTATION_RELATIONSHIP() );
#15974 = ITEM_DEFINED_TRANSFORMATION('','',#11,#47);
#15975 = PRODUCT_DEFINITION_SHAPE('Placement','Placement of an item',
  #15976);
#15976 = NEXT_ASSEMBLY_USAGE_OCCURRENCE('21','=>[0:1:1:10]','',#5,#14053
  ,$);
#15977 = PRODUCT_RELATED_PRODUCT_CATEGORY('part',$,(#14055));
#15978 = SHAPE_DEFINITION_REPRESENTATION(#15979,#15985);
#15979 = PRODUCT_DEFINITION_SHAPE('','',#15980);
#15980 = PRODUCT_DEFINITION('design','',#15981,#15984);
#15981 = PRODUCT_DEFINITION_FORMATION('','',#15982);
#15982 = PRODUCT('COMPOUND','COMPOUND','',(#15983));
#15983 = PRODUCT_CONTEXT('',#2,'mechanical');
#15984 = PRODUCT_DEFINITION_CONTEXT('part definition',#2,'design');
#15985 = ADVANCED_BREP_SHAPE_REPRESENTATION('',(#11,#15986),#16630);
#15986 = MANIFOLD_SOLID_BREP('',#15987);
#15987 = CLOSED_SHELL('',(#15988,#16108,#16184,#16339,#16388,#16415,
    #16422,#16498,#16547,#16596,#16623));
#15988 = ADVANCED_FACE('',(#15989),#16003,.F.);
#15989 = FACE_BOUND('',#15990,.F.);
#15990 = EDGE_LOOP('',(#15991,#16026,#16054,#16082));
#15991 = ORIENTED_EDGE('',*,*,#15992,.F.);
#15992 = EDGE_CURVE('',#15993,#15995,#15997,.T.);
#15993 = VERTEX_POINT('',#15994);
#15994 = CARTESIAN_POINT('',(-25.,-800.,1.56E+03));
#15995 = VERTEX_POINT('',#15996);
#15996 = CARTESIAN_POINT('',(-25.,-800.,2.71E+03));
#15997 = SURFACE_CURVE('',#15998,(#16002,#16014),.PCURVE_S1.);
#15998 = LINE('',#15999,#16000);
#15999 = CARTESIAN_POINT('',(-25.,-800.,1.56E+03));
#16000 = VECTOR('',#16001,1.);
#16001 = DIRECTION('',(0.,0.,1.));
#16002 = PCURVE('',#16003,#16008);
#16003 = PLANE('',#16004);
#16004 = AXIS2_PLACEMENT_3D('',#16005,#16006,#16007);
#16005 = CARTESIAN_POINT('',(-25.,-800.,1.56E+03));
#16006 = DIRECTION('',(1.,0.,-0.));
#16007 = DIRECTION('',(0.,0.,1.));
#16008 = DEFINITIONAL_REPRESENTATION('',(#16009),#16013);
#16009 = LINE('',#16010,#16011);
#16010 = CARTESIAN_POINT('',(0.,0.));
#16011 = VECTOR('',#16012,1.);
#16012 = DIRECTION('',(1.,0.));
#16013 = ( GEOMETRIC_REPRESENTATION_CONTEXT(2) 
PARAMETRIC_REPRESENTATION_CONTEXT() REPRESENTATION_CONTEXT('2D SPACE',''
  ) );
#16014 = PCURVE('',#16015,#16020);
#16015 = PLANE('',#16016);
#16016 = AXIS2_PLACEMENT_3D('',#16017,#16018,#16019);
#16017 = CARTESIAN_POINT('',(-25.,-800.,1.56E+03));
#16018 = DIRECTION('',(-0.,1.,0.));
#16019 = DIRECTION('',(0.,0.,1.));
#16020 = DEFINITIONAL_REPRESENTATION('',(#16021),#16025);
#16021 = LINE('',#16022,#16023);
#16022 = CARTESIAN_POINT('',(0.,0.));
#16023 = VECTOR('',#16024,1.);
#16024 = DIRECTION('',(1.,0.));
#16025 = ( GEOMETRIC_REPRESENTATION_CONTEXT(2) 
PARAMETRIC_REPRESENTATION_CONTEXT() REPRESENTATION_CONTEXT('2D SPACE',''
  ) );
#16026 = ORIENTED_EDGE('',*,*,#16027,.T.);
#16027 = EDGE_CURVE('',#15993,#16028,#16030,.T.);
#16028 = VERTEX_POINT('',#16029);
#16029 = CARTESIAN_POINT('',(-25.,-750.,1.56E+03));
#16030 = SURFACE_CURVE('',#16031,(#16035,#16042),.PCURVE_S1.);
#16031 = LINE('',#16032,#16033);
#16032 = CARTESIAN_POINT('',(-25.,-800.,1.56E+03));
#16033 = VECTOR('',#16034,1.);
#16034 = DIRECTION('',(-0.,1.,0.));
#16035 = PCURVE('',#16003,#16036);
#16036 = DEFINITIONAL_REPRESENTATION('',(#16037),#16041);
#16037 = LINE('',#16038,#16039);
#16038 = CARTESIAN_POINT('',(0.,0.));
#16039 = VECTOR('',#16040,1.);
#16040 = DIRECTION('',(0.,-1.));
#16041 = ( GEOMETRIC_REPRESENTATION_CONTEXT(2) 
PARAMETRIC_REPRESENTATION_CONTEXT() REPRESENTATION_CONTEXT('2D SPACE',''
  ) );
#16042 = PCURVE('',#16043,#16048);
#16043 = PLANE('',#16044);
#16044 = AXIS2_PLACEMENT_3D('',#16045,#16046,#16047);
#16045 = CARTESIAN_POINT('',(-25.,-800.,1.56E+03));
#16046 = DIRECTION('',(0.,0.,1.));
#16047 = DIRECTION('',(1.,0.,-0.));
#16048 = DEFINITIONAL_REPRESENTATION('',(#16049),#16053);
#16049 = LINE('',#16050,#16051);
#16050 = CARTESIAN_POINT('',(0.,0.));
#16051 = VECTOR('',#16052,1.);
#16052 = DIRECTION('',(0.,1.));
#16053 = ( GEOMETRIC_REPRESENTATION_CONTEXT(2) 
PARAMETRIC_REPRESENTATION_CONTEXT() REPRESENTATION_CONTEXT('2D SPACE',''
  ) );
#16054 = ORIENTED_EDGE('',*,*,#16055,.T.);
#16055 = EDGE_CURVE('',#16028,#16056,#16058,.T.);
#16056 = VERTEX_POINT('',#16057);
#16057 = CARTESIAN_POINT('',(-25.,-750.,2.71E+03));
#16058 = SURFACE_CURVE('',#16059,(#16063,#16070),.PCURVE_S1.);
#16059 = LINE('',#16060,#16061);
#16060 = CARTESIAN_POINT('',(-25.,-750.,1.56E+03));
#16061 = VECTOR('',#16062,1.);
#16062 = DIRECTION('',(0.,0.,1.));
#16063 = PCURVE('',#16003,#16064);
#16064 = DEFINITIONAL_REPRESENTATION('',(#16065),#16069);
#16065 = LINE('',#16066,#16067);
#16066 = CARTESIAN_POINT('',(0.,-50.));
#16067 = VECTOR('',#16068,1.);
#16068 = DIRECTION('',(1.,0.));
#16069 = ( GEOMETRIC_REPRESENTATION_CONTEXT(2) 
PARAMETRIC_REPRESENTATION_CONTEXT() REPRESENTATION_CONTEXT('2D SPACE',''
  ) );
#16070 = PCURVE('',#16071,#16076);
#16071 = PLANE('',#16072);
#16072 = AXIS2_PLACEMENT_3D('',#16073,#16074,#16075);
#16073 = CARTESIAN_POINT('',(-25.,-750.,1.56E+03));
#16074 = DIRECTION('',(-0.,1.,0.));
#16075 = DIRECTION('',(0.,0.,1.));
#16076 = DEFINITIONAL_REPRESENTATION('',(#16077),#16081);
#16077 = LINE('',#16078,#16079);
#16078 = CARTESIAN_POINT('',(0.,0.));
#16079 = VECTOR('',#16080,1.);
#16080 = DIRECTION('',(1.,0.));
#16081 = ( GEOMETRIC_REPRESENTATION_CONTEXT(2) 
PARAMETRIC_REPRESENTATION_CONTEXT() REPRESENTATION_CONTEXT('2D SPACE',''
  ) );
#16082 = ORIENTED_EDGE('',*,*,#16083,.F.);
#16083 = EDGE_CURVE('',#15995,#16056,#16084,.T.);
#16084 = SURFACE_CURVE('',#16085,(#16089,#16096),.PCURVE_S1.);
#16085 = LINE('',#16086,#16087);
#16086 = CARTESIAN_POINT('',(-25.,-800.,2.71E+03));
#16087 = VECTOR('',#16088,1.);
#16088 = DIRECTION('',(-0.,1.,0.));
#16089 = PCURVE('',#16003,#16090);
#16090 = DEFINITIONAL_REPRESENTATION('',(#16091),#16095);
#16091 = LINE('',#16092,#16093);
#16092 = CARTESIAN_POINT('',(1.15E+03,0.));
#16093 = VECTOR('',#16094,1.);
#16094 = DIRECTION('',(0.,-1.));
#16095 = ( GEOMETRIC_REPRESENTATION_CONTEXT(2) 
PARAMETRIC_REPRESENTATION_CONTEXT() REPRESENTATION_CONTEXT('2D SPACE',''
  ) );
#16096 = PCURVE('',#16097,#16102);
#16097 = PLANE('',#16098);
#16098 = AXIS2_PLACEMENT_3D('',#16099,#16100,#16101);
#16099 = CARTESIAN_POINT('',(-25.,-800.,2.71E+03));
#16100 = DIRECTION('',(0.,0.,1.));
#16101 = DIRECTION('',(1.,0.,-0.));
#16102 = DEFINITIONAL_REPRESENTATION('',(#16103),#16107);
#16103 = LINE('',#16104,#16105);
#16104 = CARTESIAN_POINT('',(0.,0.));
#16105 = VECTOR('',#16106,1.);
#16106 = DIRECTION('',(0.,1.));
#16107 = ( GEOMETRIC_REPRESENTATION_CONTEXT(2) 
PARAMETRIC_REPRESENTATION_CONTEXT() REPRESENTATION_CONTEXT('2D SPACE',''
  ) );
#16108 = ADVANCED_FACE('',(#16109),#16015,.F.);
#16109 = FACE_BOUND('',#16110,.F.);
#16110 = EDGE_LOOP('',(#16111,#16134,#16135,#16158));
#16111 = ORIENTED_EDGE('',*,*,#16112,.F.);
#16112 = EDGE_CURVE('',#15993,#16113,#16115,.T.);
#16113 = VERTEX_POINT('',#16114);
#16114 = CARTESIAN_POINT('',(25.,-800.,1.56E+03));
#16115 = SURFACE_CURVE('',#16116,(#16120,#16127),.PCURVE_S1.);
#16116 = LINE('',#16117,#16118);
#16117 = CARTESIAN_POINT('',(-25.,-800.,1.56E+03));
#16118 = VECTOR('',#16119,1.);
#16119 = DIRECTION('',(1.,0.,-0.));
#16120 = PCURVE('',#16015,#16121);
#16121 = DEFINITIONAL_REPRESENTATION('',(#16122),#16126);
#16122 = LINE('',#16123,#16124);
#16123 = CARTESIAN_POINT('',(0.,0.));
#16124 = VECTOR('',#16125,1.);
#16125 = DIRECTION('',(0.,1.));
#16126 = ( GEOMETRIC_REPRESENTATION_CONTEXT(2) 
PARAMETRIC_REPRESENTATION_CONTEXT() REPRESENTATION_CONTEXT('2D SPACE',''
  ) );
#16127 = PCURVE('',#16043,#16128);
#16128 = DEFINITIONAL_REPRESENTATION('',(#16129),#16133);
#16129 = LINE('',#16130,#16131);
#16130 = CARTESIAN_POINT('',(0.,0.));
#16131 = VECTOR('',#16132,1.);
#16132 = DIRECTION('',(1.,0.));
#16133 = ( GEOMETRIC_REPRESENTATION_CONTEXT(2) 
PARAMETRIC_REPRESENTATION_CONTEXT() REPRESENTATION_CONTEXT('2D SPACE',''
  ) );
#16134 = ORIENTED_EDGE('',*,*,#15992,.T.);
#16135 = ORIENTED_EDGE('',*,*,#16136,.T.);
#16136 = EDGE_CURVE('',#15995,#16137,#16139,.T.);
#16137 = VERTEX_POINT('',#16138);
#16138 = CARTESIAN_POINT('',(25.,-800.,2.71E+03));
#16139 = SURFACE_CURVE('',#16140,(#16144,#16151),.PCURVE_S1.);
#16140 = LINE('',#16141,#16142);
#16141 = CARTESIAN_POINT('',(-25.,-800.,2.71E+03));
#16142 = VECTOR('',#16143,1.);
#16143 = DIRECTION('',(1.,0.,-0.));
#16144 = PCURVE('',#16015,#16145);
#16145 = DEFINITIONAL_REPRESENTATION('',(#16146),#16150);
#16146 = LINE('',#16147,#16148);
#16147 = CARTESIAN_POINT('',(1.15E+03,0.));
#16148 = VECTOR('',#16149,1.);
#16149 = DIRECTION('',(0.,1.));
#16150 = ( GEOMETRIC_REPRESENTATION_CONTEXT(2) 
PARAMETRIC_REPRESENTATION_CONTEXT() REPRESENTATION_CONTEXT('2D SPACE',''
  ) );
#16151 = PCURVE('',#16097,#16152);
#16152 = DEFINITIONAL_REPRESENTATION('',(#16153),#16157);
#16153 = LINE('',#16154,#16155);
#16154 = CARTESIAN_POINT('',(0.,0.));
#16155 = VECTOR('',#16156,1.);
#16156 = DIRECTION('',(1.,0.));
#16157 = ( GEOMETRIC_REPRESENTATION_CONTEXT(2) 
PARAMETRIC_REPRESENTATION_CONTEXT() REPRESENTATION_CONTEXT('2D SPACE',''
  ) );
#16158 = ORIENTED_EDGE('',*,*,#16159,.F.);
#16159 = EDGE_CURVE('',#16113,#16137,#16160,.T.);
#16160 = SURFACE_CURVE('',#16161,(#16165,#16172),.PCURVE_S1.);
#16161 = LINE('',#16162,#16163);
#16162 = CARTESIAN_POINT('',(25.,-800.,1.56E+03));
#16163 = VECTOR('',#16164,1.);
#16164 = DIRECTION('',(0.,0.,1.));
#16165 = PCURVE('',#16015,#16166);
#16166 = DEFINITIONAL_REPRESENTATION('',(#16167),#16171);
#16167 = LINE('',#16168,#16169);
#16168 = CARTESIAN_POINT('',(0.,50.));
#16169 = VECTOR('',#16170,1.);
#16170 = DIRECTION('',(1.,0.));
#16171 = ( GEOMETRIC_REPRESENTATION_CONTEXT(2) 
PARAMETRIC_REPRESENTATION_CONTEXT() REPRESENTATION_CONTEXT('2D SPACE',''
  ) );
#16172 = PCURVE('',#16173,#16178);
#16173 = PLANE('',#16174);
#16174 = AXIS2_PLACEMENT_3D('',#16175,#16176,#16177);
#16175 = CARTESIAN_POINT('',(25.,-800.,1.56E+03));
#16176 = DIRECTION('',(1.,0.,-0.));
#16177 = DIRECTION('',(0.,0.,1.));
#16178 = DEFINITIONAL_REPRESENTATION('',(#16179),#16183);
#16179 = LINE('',#16180,#16181);
#16180 = CARTESIAN_POINT('',(0.,0.));
#16181 = VECTOR('',#16182,1.);
#16182 = DIRECTION('',(1.,0.));
#16183 = ( GEOMETRIC_REPRESENTATION_CONTEXT(2) 
PARAMETRIC_REPRESENTATION_CONTEXT() REPRESENTATION_CONTEXT('2D SPACE',''
  ) );
#16184 = ADVANCED_FACE('',(#16185,#16233),#16097,.T.);
#16185 = FACE_BOUND('',#16186,.T.);
#16186 = EDGE_LOOP('',(#16187,#16188,#16189,#16212));
#16187 = ORIENTED_EDGE('',*,*,#16083,.F.);
#16188 = ORIENTED_EDGE('',*,*,#16136,.T.);
#16189 = ORIENTED_EDGE('',*,*,#16190,.T.);
#16190 = EDGE_CURVE('',#16137,#16191,#16193,.T.);
#16191 = VERTEX_POINT('',#16192);
#16192 = CARTESIAN_POINT('',(25.,-750.,2.71E+03));
#16193 = SURFACE_CURVE('',#16194,(#16198,#16205),.PCURVE_S1.);
#16194 = LINE('',#16195,#16196);
#16195 = CARTESIAN_POINT('',(25.,-800.,2.71E+03));
#16196 = VECTOR('',#16197,1.);
#16197 = DIRECTION('',(-0.,1.,0.));
#16198 = PCURVE('',#16097,#16199);
#16199 = DEFINITIONAL_REPRESENTATION('',(#16200),#16204);
#16200 = LINE('',#16201,#16202);
#16201 = CARTESIAN_POINT('',(50.,0.));
#16202 = VECTOR('',#16203,1.);
#16203 = DIRECTION('',(0.,1.));
#16204 = ( GEOMETRIC_REPRESENTATION_CONTEXT(2) 
PARAMETRIC_REPRESENTATION_CONTEXT() REPRESENTATION_CONTEXT('2D SPACE',''
  ) );
#16205 = PCURVE('',#16173,#16206);
#16206 = DEFINITIONAL_REPRESENTATION('',(#16207),#16211);
#16207 = LINE('',#16208,#16209);
#16208 = CARTESIAN_POINT('',(1.15E+03,0.));
#16209 = VECTOR('',#16210,1.);
#16210 = DIRECTION('',(0.,-1.));
#16211 = ( GEOMETRIC_REPRESENTATION_CONTEXT(2) 
PARAMETRIC_REPRESENTATION_CONTEXT() REPRESENTATION_CONTEXT('2D SPACE',''
  ) );
#16212 = ORIENTED_EDGE('',*,*,#16213,.F.);
#16213 = EDGE_CURVE('',#16056,#16191,#16214,.T.);
#16214 = SURFACE_CURVE('',#16215,(#16219,#16226),.PCURVE_S1.);
#16215 = LINE('',#16216,#16217);
#16216 = CARTESIAN_POINT('',(-25.,-750.,2.71E+03));
#16217 = VECTOR('',#16218,1.);
#16218 = DIRECTION('',(1.,0.,-0.));
#16219 = PCURVE('',#16097,#16220);
#16220 = DEFINITIONAL_REPRESENTATION('',(#16221),#16225);
#16221 = LINE('',#16222,#16223);
#16222 = CARTESIAN_POINT('',(0.,50.));
#16223 = VECTOR('',#16224,1.);
#16224 = DIRECTION('',(1.,0.));
#16225 = ( GEOMETRIC_REPRESENTATION_CONTEXT(2) 
PARAMETRIC_REPRESENTATION_CONTEXT() REPRESENTATION_CONTEXT('2D SPACE',''
  ) );
#16226 = PCURVE('',#16071,#16227);
#16227 = DEFINITIONAL_REPRESENTATION('',(#16228),#16232);
#16228 = LINE('',#16229,#16230);
#16229 = CARTESIAN_POINT('',(1.15E+03,0.));
#16230 = VECTOR('',#16231,1.);
#16231 = DIRECTION('',(0.,1.));
#16232 = ( GEOMETRIC_REPRESENTATION_CONTEXT(2) 
PARAMETRIC_REPRESENTATION_CONTEXT() REPRESENTATION_CONTEXT('2D SPACE',''
  ) );
#16233 = FACE_BOUND('',#16234,.T.);
#16234 = EDGE_LOOP('',(#16235,#16263,#16289,#16315));
#16235 = ORIENTED_EDGE('',*,*,#16236,.T.);
#16236 = EDGE_CURVE('',#16237,#16239,#16241,.T.);
#16237 = VERTEX_POINT('',#16238);
#16238 = CARTESIAN_POINT('',(22.,-797.,2.71E+03));
#16239 = VERTEX_POINT('',#16240);
#16240 = CARTESIAN_POINT('',(-22.,-797.,2.71E+03));
#16241 = SURFACE_CURVE('',#16242,(#16246,#16252),.PCURVE_S1.);
#16242 = LINE('',#16243,#16244);
#16243 = CARTESIAN_POINT('',(-23.5,-797.,2.71E+03));
#16244 = VECTOR('',#16245,1.);
#16245 = DIRECTION('',(-1.,-0.,0.));
#16246 = PCURVE('',#16097,#16247);
#16247 = DEFINITIONAL_REPRESENTATION('',(#16248),#16251);
#16248 = B_SPLINE_CURVE_WITH_KNOTS('',1,(#16249,#16250),.UNSPECIFIED.,
  .F.,.F.,(2,2),(-45.5,-1.5),.PIECEWISE_BEZIER_KNOTS.);
#16249 = CARTESIAN_POINT('',(47.,3.));
#16250 = CARTESIAN_POINT('',(3.,3.));
#16251 = ( GEOMETRIC_REPRESENTATION_CONTEXT(2) 
PARAMETRIC_REPRESENTATION_CONTEXT() REPRESENTATION_CONTEXT('2D SPACE',''
  ) );
#16252 = PCURVE('',#16253,#16258);
#16253 = PLANE('',#16254);
#16254 = AXIS2_PLACEMENT_3D('',#16255,#16256,#16257);
#16255 = CARTESIAN_POINT('',(-22.,-797.,1.565E+03));
#16256 = DIRECTION('',(-0.,1.,0.));
#16257 = DIRECTION('',(0.,0.,1.));
#16258 = DEFINITIONAL_REPRESENTATION('',(#16259),#16262);
#16259 = B_SPLINE_CURVE_WITH_KNOTS('',1,(#16260,#16261),.UNSPECIFIED.,
  .F.,.F.,(2,2),(-45.5,-1.5),.PIECEWISE_BEZIER_KNOTS.);
#16260 = CARTESIAN_POINT('',(1.145E+03,44.));
#16261 = CARTESIAN_POINT('',(1.145E+03,0.));
#16262 = ( GEOMETRIC_REPRESENTATION_CONTEXT(2) 
PARAMETRIC_REPRESENTATION_CONTEXT() REPRESENTATION_CONTEXT('2D SPACE',''
  ) );
#16263 = ORIENTED_EDGE('',*,*,#16264,.T.);
#16264 = EDGE_CURVE('',#16239,#16265,#16267,.T.);
#16265 = VERTEX_POINT('',#16266);
#16266 = CARTESIAN_POINT('',(-22.,-753.,2.71E+03));
#16267 = SURFACE_CURVE('',#16268,(#16272,#16278),.PCURVE_S1.);
#16268 = LINE('',#16269,#16270);
#16269 = CARTESIAN_POINT('',(-22.,-798.5,2.71E+03));
#16270 = VECTOR('',#16271,1.);
#16271 = DIRECTION('',(-0.,1.,0.));
#16272 = PCURVE('',#16097,#16273);
#16273 = DEFINITIONAL_REPRESENTATION('',(#16274),#16277);
#16274 = B_SPLINE_CURVE_WITH_KNOTS('',1,(#16275,#16276),.UNSPECIFIED.,
  .F.,.F.,(2,2),(1.5,45.5),.PIECEWISE_BEZIER_KNOTS.);
#16275 = CARTESIAN_POINT('',(3.,3.));
#16276 = CARTESIAN_POINT('',(3.,47.));
#16277 = ( GEOMETRIC_REPRESENTATION_CONTEXT(2) 
PARAMETRIC_REPRESENTATION_CONTEXT() REPRESENTATION_CONTEXT('2D SPACE',''
  ) );
#16278 = PCURVE('',#16279,#16284);
#16279 = PLANE('',#16280);
#16280 = AXIS2_PLACEMENT_3D('',#16281,#16282,#16283);
#16281 = CARTESIAN_POINT('',(-22.,-797.,1.565E+03));
#16282 = DIRECTION('',(1.,0.,-0.));
#16283 = DIRECTION('',(0.,0.,1.));
#16284 = DEFINITIONAL_REPRESENTATION('',(#16285),#16288);
#16285 = B_SPLINE_CURVE_WITH_KNOTS('',1,(#16286,#16287),.UNSPECIFIED.,
  .F.,.F.,(2,2),(1.5,45.5),.PIECEWISE_BEZIER_KNOTS.);
#16286 = CARTESIAN_POINT('',(1.145E+03,0.));
#16287 = CARTESIAN_POINT('',(1.145E+03,-44.));
#16288 = ( GEOMETRIC_REPRESENTATION_CONTEXT(2) 
PARAMETRIC_REPRESENTATION_CONTEXT() REPRESENTATION_CONTEXT('2D SPACE',''
  ) );
#16289 = ORIENTED_EDGE('',*,*,#16290,.F.);
#16290 = EDGE_CURVE('',#16291,#16265,#16293,.T.);
#16291 = VERTEX_POINT('',#16292);
#16292 = CARTESIAN_POINT('',(22.,-753.,2.71E+03));
#16293 = SURFACE_CURVE('',#16294,(#16298,#16304),.PCURVE_S1.);
#16294 = LINE('',#16295,#16296);
#16295 = CARTESIAN_POINT('',(-23.5,-753.,2.71E+03));
#16296 = VECTOR('',#16297,1.);
#16297 = DIRECTION('',(-1.,-0.,0.));
#16298 = PCURVE('',#16097,#16299);
#16299 = DEFINITIONAL_REPRESENTATION('',(#16300),#16303);
#16300 = B_SPLINE_CURVE_WITH_KNOTS('',1,(#16301,#16302),.UNSPECIFIED.,
  .F.,.F.,(2,2),(-45.5,-1.5),.PIECEWISE_BEZIER_KNOTS.);
#16301 = CARTESIAN_POINT('',(47.,47.));
#16302 = CARTESIAN_POINT('',(3.,47.));
#16303 = ( GEOMETRIC_REPRESENTATION_CONTEXT(2) 
PARAMETRIC_REPRESENTATION_CONTEXT() REPRESENTATION_CONTEXT('2D SPACE',''
  ) );
#16304 = PCURVE('',#16305,#16310);
#16305 = PLANE('',#16306);
#16306 = AXIS2_PLACEMENT_3D('',#16307,#16308,#16309);
#16307 = CARTESIAN_POINT('',(-22.,-753.,1.565E+03));
#16308 = DIRECTION('',(-0.,1.,0.));
#16309 = DIRECTION('',(0.,0.,1.));
#16310 = DEFINITIONAL_REPRESENTATION('',(#16311),#16314);
#16311 = B_SPLINE_CURVE_WITH_KNOTS('',1,(#16312,#16313),.UNSPECIFIED.,
  .F.,.F.,(2,2),(-45.5,-1.5),.PIECEWISE_BEZIER_KNOTS.);
#16312 = CARTESIAN_POINT('',(1.145E+03,44.));
#16313 = CARTESIAN_POINT('',(1.145E+03,0.));
#16314 = ( GEOMETRIC_REPRESENTATION_CONTEXT(2) 
PARAMETRIC_REPRESENTATION_CONTEXT() REPRESENTATION_CONTEXT('2D SPACE',''
  ) );
#16315 = ORIENTED_EDGE('',*,*,#16316,.F.);
#16316 = EDGE_CURVE('',#16237,#16291,#16317,.T.);
#16317 = SURFACE_CURVE('',#16318,(#16322,#16328),.PCURVE_S1.);
#16318 = LINE('',#16319,#16320);
#16319 = CARTESIAN_POINT('',(22.,-798.5,2.71E+03));
#16320 = VECTOR('',#16321,1.);
#16321 = DIRECTION('',(-0.,1.,0.));
#16322 = PCURVE('',#16097,#16323);
#16323 = DEFINITIONAL_REPRESENTATION('',(#16324),#16327);
#16324 = B_SPLINE_CURVE_WITH_KNOTS('',1,(#16325,#16326),.UNSPECIFIED.,
  .F.,.F.,(2,2),(1.5,45.5),.PIECEWISE_BEZIER_KNOTS.);
#16325 = CARTESIAN_POINT('',(47.,3.));
#16326 = CARTESIAN_POINT('',(47.,47.));
#16327 = ( GEOMETRIC_REPRESENTATION_CONTEXT(2) 
PARAMETRIC_REPRESENTATION_CONTEXT() REPRESENTATION_CONTEXT('2D SPACE',''
  ) );
#16328 = PCURVE('',#16329,#16334);
#16329 = PLANE('',#16330);
#16330 = AXIS2_PLACEMENT_3D('',#16331,#16332,#16333);
#16331 = CARTESIAN_POINT('',(22.,-797.,1.565E+03));
#16332 = DIRECTION('',(1.,0.,-0.));
#16333 = DIRECTION('',(0.,0.,1.));
#16334 = DEFINITIONAL_REPRESENTATION('',(#16335),#16338);
#16335 = B_SPLINE_CURVE_WITH_KNOTS('',1,(#16336,#16337),.UNSPECIFIED.,
  .F.,.F.,(2,2),(1.5,45.5),.PIECEWISE_BEZIER_KNOTS.);
#16336 = CARTESIAN_POINT('',(1.145E+03,0.));
#16337 = CARTESIAN_POINT('',(1.145E+03,-44.));
#16338 = ( GEOMETRIC_REPRESENTATION_CONTEXT(2) 
PARAMETRIC_REPRESENTATION_CONTEXT() REPRESENTATION_CONTEXT('2D SPACE',''
  ) );
#16339 = ADVANCED_FACE('',(#16340),#16071,.T.);
#16340 = FACE_BOUND('',#16341,.T.);
#16341 = EDGE_LOOP('',(#16342,#16365,#16366,#16367));
#16342 = ORIENTED_EDGE('',*,*,#16343,.F.);
#16343 = EDGE_CURVE('',#16028,#16344,#16346,.T.);
#16344 = VERTEX_POINT('',#16345);
#16345 = CARTESIAN_POINT('',(25.,-750.,1.56E+03));
#16346 = SURFACE_CURVE('',#16347,(#16351,#16358),.PCURVE_S1.);
#16347 = LINE('',#16348,#16349);
#16348 = CARTESIAN_POINT('',(-25.,-750.,1.56E+03));
#16349 = VECTOR('',#16350,1.);
#16350 = DIRECTION('',(1.,0.,-0.));
#16351 = PCURVE('',#16071,#16352);
#16352 = DEFINITIONAL_REPRESENTATION('',(#16353),#16357);
#16353 = LINE('',#16354,#16355);
#16354 = CARTESIAN_POINT('',(0.,0.));
#16355 = VECTOR('',#16356,1.);
#16356 = DIRECTION('',(0.,1.));
#16357 = ( GEOMETRIC_REPRESENTATION_CONTEXT(2) 
PARAMETRIC_REPRESENTATION_CONTEXT() REPRESENTATION_CONTEXT('2D SPACE',''
  ) );
#16358 = PCURVE('',#16043,#16359);
#16359 = DEFINITIONAL_REPRESENTATION('',(#16360),#16364);
#16360 = LINE('',#16361,#16362);
#16361 = CARTESIAN_POINT('',(0.,50.));
#16362 = VECTOR('',#16363,1.);
#16363 = DIRECTION('',(1.,0.));
#16364 = ( GEOMETRIC_REPRESENTATION_CONTEXT(2) 
PARAMETRIC_REPRESENTATION_CONTEXT() REPRESENTATION_CONTEXT('2D SPACE',''
  ) );
#16365 = ORIENTED_EDGE('',*,*,#16055,.T.);
#16366 = ORIENTED_EDGE('',*,*,#16213,.T.);
#16367 = ORIENTED_EDGE('',*,*,#16368,.F.);
#16368 = EDGE_CURVE('',#16344,#16191,#16369,.T.);
#16369 = SURFACE_CURVE('',#16370,(#16374,#16381),.PCURVE_S1.);
#16370 = LINE('',#16371,#16372);
#16371 = CARTESIAN_POINT('',(25.,-750.,1.56E+03));
#16372 = VECTOR('',#16373,1.);
#16373 = DIRECTION('',(0.,0.,1.));
#16374 = PCURVE('',#16071,#16375);
#16375 = DEFINITIONAL_REPRESENTATION('',(#16376),#16380);
#16376 = LINE('',#16377,#16378);
#16377 = CARTESIAN_POINT('',(0.,50.));
#16378 = VECTOR('',#16379,1.);
#16379 = DIRECTION('',(1.,0.));
#16380 = ( GEOMETRIC_REPRESENTATION_CONTEXT(2) 
PARAMETRIC_REPRESENTATION_CONTEXT() REPRESENTATION_CONTEXT('2D SPACE',''
  ) );
#16381 = PCURVE('',#16173,#16382);
#16382 = DEFINITIONAL_REPRESENTATION('',(#16383),#16387);
#16383 = LINE('',#16384,#16385);
#16384 = CARTESIAN_POINT('',(0.,-50.));
#16385 = VECTOR('',#16386,1.);
#16386 = DIRECTION('',(1.,0.));
#16387 = ( GEOMETRIC_REPRESENTATION_CONTEXT(2) 
PARAMETRIC_REPRESENTATION_CONTEXT() REPRESENTATION_CONTEXT('2D SPACE',''
  ) );
#16388 = ADVANCED_FACE('',(#16389),#16043,.F.);
#16389 = FACE_BOUND('',#16390,.F.);
#16390 = EDGE_LOOP('',(#16391,#16392,#16393,#16414));
#16391 = ORIENTED_EDGE('',*,*,#16027,.F.);
#16392 = ORIENTED_EDGE('',*,*,#16112,.T.);
#16393 = ORIENTED_EDGE('',*,*,#16394,.T.);
#16394 = EDGE_CURVE('',#16113,#16344,#16395,.T.);
#16395 = SURFACE_CURVE('',#16396,(#16400,#16407),.PCURVE_S1.);
#16396 = LINE('',#16397,#16398);
#16397 = CARTESIAN_POINT('',(25.,-800.,1.56E+03));
#16398 = VECTOR('',#16399,1.);
#16399 = DIRECTION('',(-0.,1.,0.));
#16400 = PCURVE('',#16043,#16401);
#16401 = DEFINITIONAL_REPRESENTATION('',(#16402),#16406);
#16402 = LINE('',#16403,#16404);
#16403 = CARTESIAN_POINT('',(50.,0.));
#16404 = VECTOR('',#16405,1.);
#16405 = DIRECTION('',(0.,1.));
#16406 = ( GEOMETRIC_REPRESENTATION_CONTEXT(2) 
PARAMETRIC_REPRESENTATION_CONTEXT() REPRESENTATION_CONTEXT('2D SPACE',''
  ) );
#16407 = PCURVE('',#16173,#16408);
#16408 = DEFINITIONAL_REPRESENTATION('',(#16409),#16413);
#16409 = LINE('',#16410,#16411);
#16410 = CARTESIAN_POINT('',(0.,0.));
#16411 = VECTOR('',#16412,1.);
#16412 = DIRECTION('',(0.,-1.));
#16413 = ( GEOMETRIC_REPRESENTATION_CONTEXT(2) 
PARAMETRIC_REPRESENTATION_CONTEXT() REPRESENTATION_CONTEXT('2D SPACE',''
  ) );
#16414 = ORIENTED_EDGE('',*,*,#16343,.F.);
#16415 = ADVANCED_FACE('',(#16416),#16173,.T.);
#16416 = FACE_BOUND('',#16417,.T.);
#16417 = EDGE_LOOP('',(#16418,#16419,#16420,#16421));
#16418 = ORIENTED_EDGE('',*,*,#16159,.F.);
#16419 = ORIENTED_EDGE('',*,*,#16394,.T.);
#16420 = ORIENTED_EDGE('',*,*,#16368,.T.);
#16421 = ORIENTED_EDGE('',*,*,#16190,.F.);
#16422 = ADVANCED_FACE('',(#16423),#16253,.T.);
#16423 = FACE_BOUND('',#16424,.T.);
#16424 = EDGE_LOOP('',(#16425,#16448,#16476,#16497));
#16425 = ORIENTED_EDGE('',*,*,#16426,.F.);
#16426 = EDGE_CURVE('',#16427,#16237,#16429,.T.);
#16427 = VERTEX_POINT('',#16428);
#16428 = CARTESIAN_POINT('',(22.,-797.,1.565E+03));
#16429 = SURFACE_CURVE('',#16430,(#16434,#16441),.PCURVE_S1.);
#16430 = LINE('',#16431,#16432);
#16431 = CARTESIAN_POINT('',(22.,-797.,1.565E+03));
#16432 = VECTOR('',#16433,1.);
#16433 = DIRECTION('',(0.,0.,1.));
#16434 = PCURVE('',#16253,#16435);
#16435 = DEFINITIONAL_REPRESENTATION('',(#16436),#16440);
#16436 = LINE('',#16437,#16438);
#16437 = CARTESIAN_POINT('',(0.,44.));
#16438 = VECTOR('',#16439,1.);
#16439 = DIRECTION('',(1.,0.));
#16440 = ( GEOMETRIC_REPRESENTATION_CONTEXT(2) 
PARAMETRIC_REPRESENTATION_CONTEXT() REPRESENTATION_CONTEXT('2D SPACE',''
  ) );
#16441 = PCURVE('',#16329,#16442);
#16442 = DEFINITIONAL_REPRESENTATION('',(#16443),#16447);
#16443 = LINE('',#16444,#16445);
#16444 = CARTESIAN_POINT('',(0.,0.));
#16445 = VECTOR('',#16446,1.);
#16446 = DIRECTION('',(1.,0.));
#16447 = ( GEOMETRIC_REPRESENTATION_CONTEXT(2) 
PARAMETRIC_REPRESENTATION_CONTEXT() REPRESENTATION_CONTEXT('2D SPACE',''
  ) );
#16448 = ORIENTED_EDGE('',*,*,#16449,.F.);
#16449 = EDGE_CURVE('',#16450,#16427,#16452,.T.);
#16450 = VERTEX_POINT('',#16451);
#16451 = CARTESIAN_POINT('',(-22.,-797.,1.565E+03));
#16452 = SURFACE_CURVE('',#16453,(#16457,#16464),.PCURVE_S1.);
#16453 = LINE('',#16454,#16455);
#16454 = CARTESIAN_POINT('',(-22.,-797.,1.565E+03));
#16455 = VECTOR('',#16456,1.);
#16456 = DIRECTION('',(1.,0.,-0.));
#16457 = PCURVE('',#16253,#16458);
#16458 = DEFINITIONAL_REPRESENTATION('',(#16459),#16463);
#16459 = LINE('',#16460,#16461);
#16460 = CARTESIAN_POINT('',(0.,0.));
#16461 = VECTOR('',#16462,1.);
#16462 = DIRECTION('',(0.,1.));
#16463 = ( GEOMETRIC_REPRESENTATION_CONTEXT(2) 
PARAMETRIC_REPRESENTATION_CONTEXT() REPRESENTATION_CONTEXT('2D SPACE',''
  ) );
#16464 = PCURVE('',#16465,#16470);
#16465 = PLANE('',#16466);
#16466 = AXIS2_PLACEMENT_3D('',#16467,#16468,#16469);
#16467 = CARTESIAN_POINT('',(-22.,-797.,1.565E+03));
#16468 = DIRECTION('',(0.,0.,1.));
#16469 = DIRECTION('',(1.,0.,-0.));
#16470 = DEFINITIONAL_REPRESENTATION('',(#16471),#16475);
#16471 = LINE('',#16472,#16473);
#16472 = CARTESIAN_POINT('',(0.,0.));
#16473 = VECTOR('',#16474,1.);
#16474 = DIRECTION('',(1.,0.));
#16475 = ( GEOMETRIC_REPRESENTATION_CONTEXT(2) 
PARAMETRIC_REPRESENTATION_CONTEXT() REPRESENTATION_CONTEXT('2D SPACE',''
  ) );
#16476 = ORIENTED_EDGE('',*,*,#16477,.T.);
#16477 = EDGE_CURVE('',#16450,#16239,#16478,.T.);
#16478 = SURFACE_CURVE('',#16479,(#16483,#16490),.PCURVE_S1.);
#16479 = LINE('',#16480,#16481);
#16480 = CARTESIAN_POINT('',(-22.,-797.,1.565E+03));
#16481 = VECTOR('',#16482,1.);
#16482 = DIRECTION('',(0.,0.,1.));
#16483 = PCURVE('',#16253,#16484);
#16484 = DEFINITIONAL_REPRESENTATION('',(#16485),#16489);
#16485 = LINE('',#16486,#16487);
#16486 = CARTESIAN_POINT('',(0.,0.));
#16487 = VECTOR('',#16488,1.);
#16488 = DIRECTION('',(1.,0.));
#16489 = ( GEOMETRIC_REPRESENTATION_CONTEXT(2) 
PARAMETRIC_REPRESENTATION_CONTEXT() REPRESENTATION_CONTEXT('2D SPACE',''
  ) );
#16490 = PCURVE('',#16279,#16491);
#16491 = DEFINITIONAL_REPRESENTATION('',(#16492),#16496);
#16492 = LINE('',#16493,#16494);
#16493 = CARTESIAN_POINT('',(0.,0.));
#16494 = VECTOR('',#16495,1.);
#16495 = DIRECTION('',(1.,0.));
#16496 = ( GEOMETRIC_REPRESENTATION_CONTEXT(2) 
PARAMETRIC_REPRESENTATION_CONTEXT() REPRESENTATION_CONTEXT('2D SPACE',''
  ) );
#16497 = ORIENTED_EDGE('',*,*,#16236,.F.);
#16498 = ADVANCED_FACE('',(#16499),#16329,.F.);
#16499 = FACE_BOUND('',#16500,.F.);
#16500 = EDGE_LOOP('',(#16501,#16502,#16525,#16546));
#16501 = ORIENTED_EDGE('',*,*,#16426,.F.);
#16502 = ORIENTED_EDGE('',*,*,#16503,.T.);
#16503 = EDGE_CURVE('',#16427,#16504,#16506,.T.);
#16504 = VERTEX_POINT('',#16505);
#16505 = CARTESIAN_POINT('',(22.,-753.,1.565E+03));
#16506 = SURFACE_CURVE('',#16507,(#16511,#16518),.PCURVE_S1.);
#16507 = LINE('',#16508,#16509);
#16508 = CARTESIAN_POINT('',(22.,-797.,1.565E+03));
#16509 = VECTOR('',#16510,1.);
#16510 = DIRECTION('',(-0.,1.,0.));
#16511 = PCURVE('',#16329,#16512);
#16512 = DEFINITIONAL_REPRESENTATION('',(#16513),#16517);
#16513 = LINE('',#16514,#16515);
#16514 = CARTESIAN_POINT('',(0.,0.));
#16515 = VECTOR('',#16516,1.);
#16516 = DIRECTION('',(0.,-1.));
#16517 = ( GEOMETRIC_REPRESENTATION_CONTEXT(2) 
PARAMETRIC_REPRESENTATION_CONTEXT() REPRESENTATION_CONTEXT('2D SPACE',''
  ) );
#16518 = PCURVE('',#16465,#16519);
#16519 = DEFINITIONAL_REPRESENTATION('',(#16520),#16524);
#16520 = LINE('',#16521,#16522);
#16521 = CARTESIAN_POINT('',(44.,0.));
#16522 = VECTOR('',#16523,1.);
#16523 = DIRECTION('',(0.,1.));
#16524 = ( GEOMETRIC_REPRESENTATION_CONTEXT(2) 
PARAMETRIC_REPRESENTATION_CONTEXT() REPRESENTATION_CONTEXT('2D SPACE',''
  ) );
#16525 = ORIENTED_EDGE('',*,*,#16526,.T.);
#16526 = EDGE_CURVE('',#16504,#16291,#16527,.T.);
#16527 = SURFACE_CURVE('',#16528,(#16532,#16539),.PCURVE_S1.);
#16528 = LINE('',#16529,#16530);
#16529 = CARTESIAN_POINT('',(22.,-753.,1.565E+03));
#16530 = VECTOR('',#16531,1.);
#16531 = DIRECTION('',(0.,0.,1.));
#16532 = PCURVE('',#16329,#16533);
#16533 = DEFINITIONAL_REPRESENTATION('',(#16534),#16538);
#16534 = LINE('',#16535,#16536);
#16535 = CARTESIAN_POINT('',(0.,-44.));
#16536 = VECTOR('',#16537,1.);
#16537 = DIRECTION('',(1.,0.));
#16538 = ( GEOMETRIC_REPRESENTATION_CONTEXT(2) 
PARAMETRIC_REPRESENTATION_CONTEXT() REPRESENTATION_CONTEXT('2D SPACE',''
  ) );
#16539 = PCURVE('',#16305,#16540);
#16540 = DEFINITIONAL_REPRESENTATION('',(#16541),#16545);
#16541 = LINE('',#16542,#16543);
#16542 = CARTESIAN_POINT('',(0.,44.));
#16543 = VECTOR('',#16544,1.);
#16544 = DIRECTION('',(1.,0.));
#16545 = ( GEOMETRIC_REPRESENTATION_CONTEXT(2) 
PARAMETRIC_REPRESENTATION_CONTEXT() REPRESENTATION_CONTEXT('2D SPACE',''
  ) );
#16546 = ORIENTED_EDGE('',*,*,#16316,.F.);
#16547 = ADVANCED_FACE('',(#16548),#16305,.F.);
#16548 = FACE_BOUND('',#16549,.F.);
#16549 = EDGE_LOOP('',(#16550,#16551,#16574,#16595));
#16550 = ORIENTED_EDGE('',*,*,#16526,.F.);
#16551 = ORIENTED_EDGE('',*,*,#16552,.F.);
#16552 = EDGE_CURVE('',#16553,#16504,#16555,.T.);
#16553 = VERTEX_POINT('',#16554);
#16554 = CARTESIAN_POINT('',(-22.,-753.,1.565E+03));
#16555 = SURFACE_CURVE('',#16556,(#16560,#16567),.PCURVE_S1.);
#16556 = LINE('',#16557,#16558);
#16557 = CARTESIAN_POINT('',(-22.,-753.,1.565E+03));
#16558 = VECTOR('',#16559,1.);
#16559 = DIRECTION('',(1.,0.,-0.));
#16560 = PCURVE('',#16305,#16561);
#16561 = DEFINITIONAL_REPRESENTATION('',(#16562),#16566);
#16562 = LINE('',#16563,#16564);
#16563 = CARTESIAN_POINT('',(0.,0.));
#16564 = VECTOR('',#16565,1.);
#16565 = DIRECTION('',(0.,1.));
#16566 = ( GEOMETRIC_REPRESENTATION_CONTEXT(2) 
PARAMETRIC_REPRESENTATION_CONTEXT() REPRESENTATION_CONTEXT('2D SPACE',''
  ) );
#16567 = PCURVE('',#16465,#16568);
#16568 = DEFINITIONAL_REPRESENTATION('',(#16569),#16573);
#16569 = LINE('',#16570,#16571);
#16570 = CARTESIAN_POINT('',(0.,44.));
#16571 = VECTOR('',#16572,1.);
#16572 = DIRECTION('',(1.,0.));
#16573 = ( GEOMETRIC_REPRESENTATION_CONTEXT(2) 
PARAMETRIC_REPRESENTATION_CONTEXT() REPRESENTATION_CONTEXT('2D SPACE',''
  ) );
#16574 = ORIENTED_EDGE('',*,*,#16575,.T.);
#16575 = EDGE_CURVE('',#16553,#16265,#16576,.T.);
#16576 = SURFACE_CURVE('',#16577,(#16581,#16588),.PCURVE_S1.);
#16577 = LINE('',#16578,#16579);
#16578 = CARTESIAN_POINT('',(-22.,-753.,1.565E+03));
#16579 = VECTOR('',#16580,1.);
#16580 = DIRECTION('',(0.,0.,1.));
#16581 = PCURVE('',#16305,#16582);
#16582 = DEFINITIONAL_REPRESENTATION('',(#16583),#16587);
#16583 = LINE('',#16584,#16585);
#16584 = CARTESIAN_POINT('',(0.,0.));
#16585 = VECTOR('',#16586,1.);
#16586 = DIRECTION('',(1.,0.));
#16587 = ( GEOMETRIC_REPRESENTATION_CONTEXT(2) 
PARAMETRIC_REPRESENTATION_CONTEXT() REPRESENTATION_CONTEXT('2D SPACE',''
  ) );
#16588 = PCURVE('',#16279,#16589);
#16589 = DEFINITIONAL_REPRESENTATION('',(#16590),#16594);
#16590 = LINE('',#16591,#16592);
#16591 = CARTESIAN_POINT('',(0.,-44.));
#16592 = VECTOR('',#16593,1.);
#16593 = DIRECTION('',(1.,0.));
#16594 = ( GEOMETRIC_REPRESENTATION_CONTEXT(2) 
PARAMETRIC_REPRESENTATION_CONTEXT() REPRESENTATION_CONTEXT('2D SPACE',''
  ) );
#16595 = ORIENTED_EDGE('',*,*,#16290,.F.);
#16596 = ADVANCED_FACE('',(#16597),#16279,.T.);
#16597 = FACE_BOUND('',#16598,.T.);
#16598 = EDGE_LOOP('',(#16599,#16600,#16621,#16622));
#16599 = ORIENTED_EDGE('',*,*,#16477,.F.);
#16600 = ORIENTED_EDGE('',*,*,#16601,.T.);
#16601 = EDGE_CURVE('',#16450,#16553,#16602,.T.);
#16602 = SURFACE_CURVE('',#16603,(#16607,#16614),.PCURVE_S1.);
#16603 = LINE('',#16604,#16605);
#16604 = CARTESIAN_POINT('',(-22.,-797.,1.565E+03));
#16605 = VECTOR('',#16606,1.);
#16606 = DIRECTION('',(-0.,1.,0.));
#16607 = PCURVE('',#16279,#16608);
#16608 = DEFINITIONAL_REPRESENTATION('',(#16609),#16613);
#16609 = LINE('',#16610,#16611);
#16610 = CARTESIAN_POINT('',(0.,0.));
#16611 = VECTOR('',#16612,1.);
#16612 = DIRECTION('',(0.,-1.));
#16613 = ( GEOMETRIC_REPRESENTATION_CONTEXT(2) 
PARAMETRIC_REPRESENTATION_CONTEXT() REPRESENTATION_CONTEXT('2D SPACE',''
  ) );
#16614 = PCURVE('',#16465,#16615);
#16615 = DEFINITIONAL_REPRESENTATION('',(#16616),#16620);
#16616 = LINE('',#16617,#16618);
#16617 = CARTESIAN_POINT('',(0.,0.));
#16618 = VECTOR('',#16619,1.);
#16619 = DIRECTION('',(0.,1.));
#16620 = ( GEOMETRIC_REPRESENTATION_CONTEXT(2) 
PARAMETRIC_REPRESENTATION_CONTEXT() REPRESENTATION_CONTEXT('2D SPACE',''
  ) );
#16621 = ORIENTED_EDGE('',*,*,#16575,.T.);
#16622 = ORIENTED_EDGE('',*,*,#16264,.F.);
#16623 = ADVANCED_FACE('',(#16624),#16465,.T.);
#16624 = FACE_BOUND('',#16625,.T.);
#16625 = EDGE_LOOP('',(#16626,#16627,#16628,#16629));
#16626 = ORIENTED_EDGE('',*,*,#16601,.F.);
#16627 = ORIENTED_EDGE('',*,*,#16449,.T.);
#16628 = ORIENTED_EDGE('',*,*,#16503,.T.);
#16629 = ORIENTED_EDGE('',*,*,#16552,.F.);
#16630 = ( GEOMETRIC_REPRESENTATION_CONTEXT(3) 
GLOBAL_UNCERTAINTY_ASSIGNED_CONTEXT((#16634)) 
GLOBAL_UNIT_ASSIGNED_CONTEXT((#16631,#16632,#16633)) 
REPRESENTATION_CONTEXT('Context #1',
  '3D Context with UNIT and UNCERTAINTY') );
#16631 = ( LENGTH_UNIT() NAMED_UNIT(*) SI_UNIT(.MILLI.,.METRE.) );
#16632 = ( NAMED_UNIT(*) PLANE_ANGLE_UNIT() SI_UNIT($,.RADIAN.) );
#16633 = ( NAMED_UNIT(*) SI_UNIT($,.STERADIAN.) SOLID_ANGLE_UNIT() );
#16634 = UNCERTAINTY_MEASURE_WITH_UNIT(LENGTH_MEASURE(1.E-07),#16631,
  'distance_accuracy_value','confusion accuracy');
#16635 = CONTEXT_DEPENDENT_SHAPE_REPRESENTATION(#16636,#16638);
#16636 = ( REPRESENTATION_RELATIONSHIP('','',#15985,#10) 
REPRESENTATION_RELATIONSHIP_WITH_TRANSFORMATION(#16637) 
SHAPE_REPRESENTATION_RELATIONSHIP() );
#16637 = ITEM_DEFINED_TRANSFORMATION('','',#11,#51);
#16638 = PRODUCT_DEFINITION_SHAPE('Placement','Placement of an item',
  #16639);
#16639 = NEXT_ASSEMBLY_USAGE_OCCURRENCE('22','=>[0:1:1:11]','',#5,#15980
  ,$);
#16640 = PRODUCT_RELATED_PRODUCT_CATEGORY('part',$,(#15982));
#16641 = SHAPE_DEFINITION_REPRESENTATION(#16642,#16648);
#16642 = PRODUCT_DEFINITION_SHAPE('','',#16643);
#16643 = PRODUCT_DEFINITION('design','',#16644,#16647);
#16644 = PRODUCT_DEFINITION_FORMATION('','',#16645);
#16645 = PRODUCT('COMPOUND','COMPOUND','',(#16646));
#16646 = PRODUCT_CONTEXT('',#2,'mechanical');
#16647 = PRODUCT_DEFINITION_CONTEXT('part definition',#2,'design');
#16648 = ADVANCED_BREP_SHAPE_REPRESENTATION('',(#11,#16649),#16979);
#16649 = MANIFOLD_SOLID_BREP('',#16650);
#16650 = CLOSED_SHELL('',(#16651,#16771,#16871,#16918,#16965,#16972));
#16651 = ADVANCED_FACE('',(#16652),#16666,.F.);
#16652 = FACE_BOUND('',#16653,.F.);
#16653 = EDGE_LOOP('',(#16654,#16689,#16717,#16745));
#16654 = ORIENTED_EDGE('',*,*,#16655,.F.);
#16655 = EDGE_CURVE('',#16656,#16658,#16660,.T.);
#16656 = VERTEX_POINT('',#16657);
#16657 = CARTESIAN_POINT('',(-400.,-750.,-25.));
#16658 = VERTEX_POINT('',#16659);
#16659 = CARTESIAN_POINT('',(-400.,-750.,25.));
#16660 = SURFACE_CURVE('',#16661,(#16665,#16677),.PCURVE_S1.);
#16661 = LINE('',#16662,#16663);
#16662 = CARTESIAN_POINT('',(-400.,-750.,-25.));
#16663 = VECTOR('',#16664,1.);
#16664 = DIRECTION('',(0.,0.,1.));
#16665 = PCURVE('',#16666,#16671);
#16666 = PLANE('',#16667);
#16667 = AXIS2_PLACEMENT_3D('',#16668,#16669,#16670);
#16668 = CARTESIAN_POINT('',(-400.,-750.,-25.));
#16669 = DIRECTION('',(1.,0.,-0.));
#16670 = DIRECTION('',(0.,0.,1.));
#16671 = DEFINITIONAL_REPRESENTATION('',(#16672),#16676);
#16672 = LINE('',#16673,#16674);
#16673 = CARTESIAN_POINT('',(0.,0.));
#16674 = VECTOR('',#16675,1.);
#16675 = DIRECTION('',(1.,0.));
#16676 = ( GEOMETRIC_REPRESENTATION_CONTEXT(2) 
PARAMETRIC_REPRESENTATION_CONTEXT() REPRESENTATION_CONTEXT('2D SPACE',''
  ) );
#16677 = PCURVE('',#16678,#16683);
#16678 = PLANE('',#16679);
#16679 = AXIS2_PLACEMENT_3D('',#16680,#16681,#16682);
#16680 = CARTESIAN_POINT('',(-400.,-750.,-25.));
#16681 = DIRECTION('',(-0.,1.,0.));
#16682 = DIRECTION('',(0.,0.,1.));
#16683 = DEFINITIONAL_REPRESENTATION('',(#16684),#16688);
#16684 = LINE('',#16685,#16686);
#16685 = CARTESIAN_POINT('',(0.,0.));
#16686 = VECTOR('',#16687,1.);
#16687 = DIRECTION('',(1.,0.));
#16688 = ( GEOMETRIC_REPRESENTATION_CONTEXT(2) 
PARAMETRIC_REPRESENTATION_CONTEXT() REPRESENTATION_CONTEXT('2D SPACE',''
  ) );
#16689 = ORIENTED_EDGE('',*,*,#16690,.T.);
#16690 = EDGE_CURVE('',#16656,#16691,#16693,.T.);
#16691 = VERTEX_POINT('',#16692);
#16692 = CARTESIAN_POINT('',(-400.,750.,-25.));
#16693 = SURFACE_CURVE('',#16694,(#16698,#16705),.PCURVE_S1.);
#16694 = LINE('',#16695,#16696);
#16695 = CARTESIAN_POINT('',(-400.,-750.,-25.));
#16696 = VECTOR('',#16697,1.);
#16697 = DIRECTION('',(-0.,1.,0.));
#16698 = PCURVE('',#16666,#16699);
#16699 = DEFINITIONAL_REPRESENTATION('',(#16700),#16704);
#16700 = LINE('',#16701,#16702);
#16701 = CARTESIAN_POINT('',(0.,0.));
#16702 = VECTOR('',#16703,1.);
#16703 = DIRECTION('',(0.,-1.));
#16704 = ( GEOMETRIC_REPRESENTATION_CONTEXT(2) 
PARAMETRIC_REPRESENTATION_CONTEXT() REPRESENTATION_CONTEXT('2D SPACE',''
  ) );
#16705 = PCURVE('',#16706,#16711);
#16706 = PLANE('',#16707);
#16707 = AXIS2_PLACEMENT_3D('',#16708,#16709,#16710);
#16708 = CARTESIAN_POINT('',(-400.,-750.,-25.));
#16709 = DIRECTION('',(0.,0.,1.));
#16710 = DIRECTION('',(1.,0.,-0.));
#16711 = DEFINITIONAL_REPRESENTATION('',(#16712),#16716);
#16712 = LINE('',#16713,#16714);
#16713 = CARTESIAN_POINT('',(0.,0.));
#16714 = VECTOR('',#16715,1.);
#16715 = DIRECTION('',(0.,1.));
#16716 = ( GEOMETRIC_REPRESENTATION_CONTEXT(2) 
PARAMETRIC_REPRESENTATION_CONTEXT() REPRESENTATION_CONTEXT('2D SPACE',''
  ) );
#16717 = ORIENTED_EDGE('',*,*,#16718,.T.);
#16718 = EDGE_CURVE('',#16691,#16719,#16721,.T.);
#16719 = VERTEX_POINT('',#16720);
#16720 = CARTESIAN_POINT('',(-400.,750.,25.));
#16721 = SURFACE_CURVE('',#16722,(#16726,#16733),.PCURVE_S1.);
#16722 = LINE('',#16723,#16724);
#16723 = CARTESIAN_POINT('',(-400.,750.,-25.));
#16724 = VECTOR('',#16725,1.);
#16725 = DIRECTION('',(0.,0.,1.));
#16726 = PCURVE('',#16666,#16727);
#16727 = DEFINITIONAL_REPRESENTATION('',(#16728),#16732);
#16728 = LINE('',#16729,#16730);
#16729 = CARTESIAN_POINT('',(0.,-1.5E+03));
#16730 = VECTOR('',#16731,1.);
#16731 = DIRECTION('',(1.,0.));
#16732 = ( GEOMETRIC_REPRESENTATION_CONTEXT(2) 
PARAMETRIC_REPRESENTATION_CONTEXT() REPRESENTATION_CONTEXT('2D SPACE',''
  ) );
#16733 = PCURVE('',#16734,#16739);
#16734 = PLANE('',#16735);
#16735 = AXIS2_PLACEMENT_3D('',#16736,#16737,#16738);
#16736 = CARTESIAN_POINT('',(-400.,750.,-25.));
#16737 = DIRECTION('',(-0.,1.,0.));
#16738 = DIRECTION('',(0.,0.,1.));
#16739 = DEFINITIONAL_REPRESENTATION('',(#16740),#16744);
#16740 = LINE('',#16741,#16742);
#16741 = CARTESIAN_POINT('',(0.,0.));
#16742 = VECTOR('',#16743,1.);
#16743 = DIRECTION('',(1.,0.));
#16744 = ( GEOMETRIC_REPRESENTATION_CONTEXT(2) 
PARAMETRIC_REPRESENTATION_CONTEXT() REPRESENTATION_CONTEXT('2D SPACE',''
  ) );
#16745 = ORIENTED_EDGE('',*,*,#16746,.F.);
#16746 = EDGE_CURVE('',#16658,#16719,#16747,.T.);
#16747 = SURFACE_CURVE('',#16748,(#16752,#16759),.PCURVE_S1.);
#16748 = LINE('',#16749,#16750);
#16749 = CARTESIAN_POINT('',(-400.,-750.,25.));
#16750 = VECTOR('',#16751,1.);
#16751 = DIRECTION('',(-0.,1.,0.));
#16752 = PCURVE('',#16666,#16753);
#16753 = DEFINITIONAL_REPRESENTATION('',(#16754),#16758);
#16754 = LINE('',#16755,#16756);
#16755 = CARTESIAN_POINT('',(50.,0.));
#16756 = VECTOR('',#16757,1.);
#16757 = DIRECTION('',(0.,-1.));
#16758 = ( GEOMETRIC_REPRESENTATION_CONTEXT(2) 
PARAMETRIC_REPRESENTATION_CONTEXT() REPRESENTATION_CONTEXT('2D SPACE',''
  ) );
#16759 = PCURVE('',#16760,#16765);
#16760 = PLANE('',#16761);
#16761 = AXIS2_PLACEMENT_3D('',#16762,#16763,#16764);
#16762 = CARTESIAN_POINT('',(-400.,-750.,25.));
#16763 = DIRECTION('',(0.,0.,1.));
#16764 = DIRECTION('',(1.,0.,-0.));
#16765 = DEFINITIONAL_REPRESENTATION('',(#16766),#16770);
#16766 = LINE('',#16767,#16768);
#16767 = CARTESIAN_POINT('',(0.,0.));
#16768 = VECTOR('',#16769,1.);
#16769 = DIRECTION('',(0.,1.));
#16770 = ( GEOMETRIC_REPRESENTATION_CONTEXT(2) 
PARAMETRIC_REPRESENTATION_CONTEXT() REPRESENTATION_CONTEXT('2D SPACE',''
  ) );
#16771 = ADVANCED_FACE('',(#16772),#16786,.T.);
#16772 = FACE_BOUND('',#16773,.T.);
#16773 = EDGE_LOOP('',(#16774,#16804,#16827,#16850));
#16774 = ORIENTED_EDGE('',*,*,#16775,.F.);
#16775 = EDGE_CURVE('',#16776,#16778,#16780,.T.);
#16776 = VERTEX_POINT('',#16777);
#16777 = CARTESIAN_POINT('',(400.,-750.,-25.));
#16778 = VERTEX_POINT('',#16779);
#16779 = CARTESIAN_POINT('',(400.,-750.,25.));
#16780 = SURFACE_CURVE('',#16781,(#16785,#16797),.PCURVE_S1.);
#16781 = LINE('',#16782,#16783);
#16782 = CARTESIAN_POINT('',(400.,-750.,-25.));
#16783 = VECTOR('',#16784,1.);
#16784 = DIRECTION('',(0.,0.,1.));
#16785 = PCURVE('',#16786,#16791);
#16786 = PLANE('',#16787);
#16787 = AXIS2_PLACEMENT_3D('',#16788,#16789,#16790);
#16788 = CARTESIAN_POINT('',(400.,-750.,-25.));
#16789 = DIRECTION('',(1.,0.,-0.));
#16790 = DIRECTION('',(0.,0.,1.));
#16791 = DEFINITIONAL_REPRESENTATION('',(#16792),#16796);
#16792 = LINE('',#16793,#16794);
#16793 = CARTESIAN_POINT('',(0.,0.));
#16794 = VECTOR('',#16795,1.);
#16795 = DIRECTION('',(1.,0.));
#16796 = ( GEOMETRIC_REPRESENTATION_CONTEXT(2) 
PARAMETRIC_REPRESENTATION_CONTEXT() REPRESENTATION_CONTEXT('2D SPACE',''
  ) );
#16797 = PCURVE('',#16678,#16798);
#16798 = DEFINITIONAL_REPRESENTATION('',(#16799),#16803);
#16799 = LINE('',#16800,#16801);
#16800 = CARTESIAN_POINT('',(0.,800.));
#16801 = VECTOR('',#16802,1.);
#16802 = DIRECTION('',(1.,0.));
#16803 = ( GEOMETRIC_REPRESENTATION_CONTEXT(2) 
PARAMETRIC_REPRESENTATION_CONTEXT() REPRESENTATION_CONTEXT('2D SPACE',''
  ) );
#16804 = ORIENTED_EDGE('',*,*,#16805,.T.);
#16805 = EDGE_CURVE('',#16776,#16806,#16808,.T.);
#16806 = VERTEX_POINT('',#16807);
#16807 = CARTESIAN_POINT('',(400.,750.,-25.));
#16808 = SURFACE_CURVE('',#16809,(#16813,#16820),.PCURVE_S1.);
#16809 = LINE('',#16810,#16811);
#16810 = CARTESIAN_POINT('',(400.,-750.,-25.));
#16811 = VECTOR('',#16812,1.);
#16812 = DIRECTION('',(-0.,1.,0.));
#16813 = PCURVE('',#16786,#16814);
#16814 = DEFINITIONAL_REPRESENTATION('',(#16815),#16819);
#16815 = LINE('',#16816,#16817);
#16816 = CARTESIAN_POINT('',(0.,0.));
#16817 = VECTOR('',#16818,1.);
#16818 = DIRECTION('',(0.,-1.));
#16819 = ( GEOMETRIC_REPRESENTATION_CONTEXT(2) 
PARAMETRIC_REPRESENTATION_CONTEXT() REPRESENTATION_CONTEXT('2D SPACE',''
  ) );
#16820 = PCURVE('',#16706,#16821);
#16821 = DEFINITIONAL_REPRESENTATION('',(#16822),#16826);
#16822 = LINE('',#16823,#16824);
#16823 = CARTESIAN_POINT('',(800.,0.));
#16824 = VECTOR('',#16825,1.);
#16825 = DIRECTION('',(0.,1.));
#16826 = ( GEOMETRIC_REPRESENTATION_CONTEXT(2) 
PARAMETRIC_REPRESENTATION_CONTEXT() REPRESENTATION_CONTEXT('2D SPACE',''
  ) );
#16827 = ORIENTED_EDGE('',*,*,#16828,.T.);
#16828 = EDGE_CURVE('',#16806,#16829,#16831,.T.);
#16829 = VERTEX_POINT('',#16830);
#16830 = CARTESIAN_POINT('',(400.,750.,25.));
#16831 = SURFACE_CURVE('',#16832,(#16836,#16843),.PCURVE_S1.);
#16832 = LINE('',#16833,#16834);
#16833 = CARTESIAN_POINT('',(400.,750.,-25.));
#16834 = VECTOR('',#16835,1.);
#16835 = DIRECTION('',(0.,0.,1.));
#16836 = PCURVE('',#16786,#16837);
#16837 = DEFINITIONAL_REPRESENTATION('',(#16838),#16842);
#16838 = LINE('',#16839,#16840);
#16839 = CARTESIAN_POINT('',(0.,-1.5E+03));
#16840 = VECTOR('',#16841,1.);
#16841 = DIRECTION('',(1.,0.));
#16842 = ( GEOMETRIC_REPRESENTATION_CONTEXT(2) 
PARAMETRIC_REPRESENTATION_CONTEXT() REPRESENTATION_CONTEXT('2D SPACE',''
  ) );
#16843 = PCURVE('',#16734,#16844);
#16844 = DEFINITIONAL_REPRESENTATION('',(#16845),#16849);
#16845 = LINE('',#16846,#16847);
#16846 = CARTESIAN_POINT('',(0.,800.));
#16847 = VECTOR('',#16848,1.);
#16848 = DIRECTION('',(1.,0.));
#16849 = ( GEOMETRIC_REPRESENTATION_CONTEXT(2) 
PARAMETRIC_REPRESENTATION_CONTEXT() REPRESENTATION_CONTEXT('2D SPACE',''
  ) );
#16850 = ORIENTED_EDGE('',*,*,#16851,.F.);
#16851 = EDGE_CURVE('',#16778,#16829,#16852,.T.);
#16852 = SURFACE_CURVE('',#16853,(#16857,#16864),.PCURVE_S1.);
#16853 = LINE('',#16854,#16855);
#16854 = CARTESIAN_POINT('',(400.,-750.,25.));
#16855 = VECTOR('',#16856,1.);
#16856 = DIRECTION('',(-0.,1.,0.));
#16857 = PCURVE('',#16786,#16858);
#16858 = DEFINITIONAL_REPRESENTATION('',(#16859),#16863);
#16859 = LINE('',#16860,#16861);
#16860 = CARTESIAN_POINT('',(50.,0.));
#16861 = VECTOR('',#16862,1.);
#16862 = DIRECTION('',(0.,-1.));
#16863 = ( GEOMETRIC_REPRESENTATION_CONTEXT(2) 
PARAMETRIC_REPRESENTATION_CONTEXT() REPRESENTATION_CONTEXT('2D SPACE',''
  ) );
#16864 = PCURVE('',#16760,#16865);
#16865 = DEFINITIONAL_REPRESENTATION('',(#16866),#16870);
#16866 = LINE('',#16867,#16868);
#16867 = CARTESIAN_POINT('',(800.,0.));
#16868 = VECTOR('',#16869,1.);
#16869 = DIRECTION('',(0.,1.));
#16870 = ( GEOMETRIC_REPRESENTATION_CONTEXT(2) 
PARAMETRIC_REPRESENTATION_CONTEXT() REPRESENTATION_CONTEXT('2D SPACE',''
  ) );
#16871 = ADVANCED_FACE('',(#16872),#16678,.F.);
#16872 = FACE_BOUND('',#16873,.F.);
#16873 = EDGE_LOOP('',(#16874,#16895,#16896,#16917));
#16874 = ORIENTED_EDGE('',*,*,#16875,.F.);
#16875 = EDGE_CURVE('',#16656,#16776,#16876,.T.);
#16876 = SURFACE_CURVE('',#16877,(#16881,#16888),.PCURVE_S1.);
#16877 = LINE('',#16878,#16879);
#16878 = CARTESIAN_POINT('',(-400.,-750.,-25.));
#16879 = VECTOR('',#16880,1.);
#16880 = DIRECTION('',(1.,0.,-0.));
#16881 = PCURVE('',#16678,#16882);
#16882 = DEFINITIONAL_REPRESENTATION('',(#16883),#16887);
#16883 = LINE('',#16884,#16885);
#16884 = CARTESIAN_POINT('',(0.,0.));
#16885 = VECTOR('',#16886,1.);
#16886 = DIRECTION('',(0.,1.));
#16887 = ( GEOMETRIC_REPRESENTATION_CONTEXT(2) 
PARAMETRIC_REPRESENTATION_CONTEXT() REPRESENTATION_CONTEXT('2D SPACE',''
  ) );
#16888 = PCURVE('',#16706,#16889);
#16889 = DEFINITIONAL_REPRESENTATION('',(#16890),#16894);
#16890 = LINE('',#16891,#16892);
#16891 = CARTESIAN_POINT('',(0.,0.));
#16892 = VECTOR('',#16893,1.);
#16893 = DIRECTION('',(1.,0.));
#16894 = ( GEOMETRIC_REPRESENTATION_CONTEXT(2) 
PARAMETRIC_REPRESENTATION_CONTEXT() REPRESENTATION_CONTEXT('2D SPACE',''
  ) );
#16895 = ORIENTED_EDGE('',*,*,#16655,.T.);
#16896 = ORIENTED_EDGE('',*,*,#16897,.T.);
#16897 = EDGE_CURVE('',#16658,#16778,#16898,.T.);
#16898 = SURFACE_CURVE('',#16899,(#16903,#16910),.PCURVE_S1.);
#16899 = LINE('',#16900,#16901);
#16900 = CARTESIAN_POINT('',(-400.,-750.,25.));
#16901 = VECTOR('',#16902,1.);
#16902 = DIRECTION('',(1.,0.,-0.));
#16903 = PCURVE('',#16678,#16904);
#16904 = DEFINITIONAL_REPRESENTATION('',(#16905),#16909);
#16905 = LINE('',#16906,#16907);
#16906 = CARTESIAN_POINT('',(50.,0.));
#16907 = VECTOR('',#16908,1.);
#16908 = DIRECTION('',(0.,1.));
#16909 = ( GEOMETRIC_REPRESENTATION_CONTEXT(2) 
PARAMETRIC_REPRESENTATION_CONTEXT() REPRESENTATION_CONTEXT('2D SPACE',''
  ) );
#16910 = PCURVE('',#16760,#16911);
#16911 = DEFINITIONAL_REPRESENTATION('',(#16912),#16916);
#16912 = LINE('',#16913,#16914);
#16913 = CARTESIAN_POINT('',(0.,0.));
#16914 = VECTOR('',#16915,1.);
#16915 = DIRECTION('',(1.,0.));
#16916 = ( GEOMETRIC_REPRESENTATION_CONTEXT(2) 
PARAMETRIC_REPRESENTATION_CONTEXT() REPRESENTATION_CONTEXT('2D SPACE',''
  ) );
#16917 = ORIENTED_EDGE('',*,*,#16775,.F.);
#16918 = ADVANCED_FACE('',(#16919),#16734,.T.);
#16919 = FACE_BOUND('',#16920,.T.);
#16920 = EDGE_LOOP('',(#16921,#16942,#16943,#16964));
#16921 = ORIENTED_EDGE('',*,*,#16922,.F.);
#16922 = EDGE_CURVE('',#16691,#16806,#16923,.T.);
#16923 = SURFACE_CURVE('',#16924,(#16928,#16935),.PCURVE_S1.);
#16924 = LINE('',#16925,#16926);
#16925 = CARTESIAN_POINT('',(-400.,750.,-25.));
#16926 = VECTOR('',#16927,1.);
#16927 = DIRECTION('',(1.,0.,-0.));
#16928 = PCURVE('',#16734,#16929);
#16929 = DEFINITIONAL_REPRESENTATION('',(#16930),#16934);
#16930 = LINE('',#16931,#16932);
#16931 = CARTESIAN_POINT('',(0.,0.));
#16932 = VECTOR('',#16933,1.);
#16933 = DIRECTION('',(0.,1.));
#16934 = ( GEOMETRIC_REPRESENTATION_CONTEXT(2) 
PARAMETRIC_REPRESENTATION_CONTEXT() REPRESENTATION_CONTEXT('2D SPACE',''
  ) );
#16935 = PCURVE('',#16706,#16936);
#16936 = DEFINITIONAL_REPRESENTATION('',(#16937),#16941);
#16937 = LINE('',#16938,#16939);
#16938 = CARTESIAN_POINT('',(0.,1.5E+03));
#16939 = VECTOR('',#16940,1.);
#16940 = DIRECTION('',(1.,0.));
#16941 = ( GEOMETRIC_REPRESENTATION_CONTEXT(2) 
PARAMETRIC_REPRESENTATION_CONTEXT() REPRESENTATION_CONTEXT('2D SPACE',''
  ) );
#16942 = ORIENTED_EDGE('',*,*,#16718,.T.);
#16943 = ORIENTED_EDGE('',*,*,#16944,.T.);
#16944 = EDGE_CURVE('',#16719,#16829,#16945,.T.);
#16945 = SURFACE_CURVE('',#16946,(#16950,#16957),.PCURVE_S1.);
#16946 = LINE('',#16947,#16948);
#16947 = CARTESIAN_POINT('',(-400.,750.,25.));
#16948 = VECTOR('',#16949,1.);
#16949 = DIRECTION('',(1.,0.,-0.));
#16950 = PCURVE('',#16734,#16951);
#16951 = DEFINITIONAL_REPRESENTATION('',(#16952),#16956);
#16952 = LINE('',#16953,#16954);
#16953 = CARTESIAN_POINT('',(50.,0.));
#16954 = VECTOR('',#16955,1.);
#16955 = DIRECTION('',(0.,1.));
#16956 = ( GEOMETRIC_REPRESENTATION_CONTEXT(2) 
PARAMETRIC_REPRESENTATION_CONTEXT() REPRESENTATION_CONTEXT('2D SPACE',''
  ) );
#16957 = PCURVE('',#16760,#16958);
#16958 = DEFINITIONAL_REPRESENTATION('',(#16959),#16963);
#16959 = LINE('',#16960,#16961);
#16960 = CARTESIAN_POINT('',(0.,1.5E+03));
#16961 = VECTOR('',#16962,1.);
#16962 = DIRECTION('',(1.,0.));
#16963 = ( GEOMETRIC_REPRESENTATION_CONTEXT(2) 
PARAMETRIC_REPRESENTATION_CONTEXT() REPRESENTATION_CONTEXT('2D SPACE',''
  ) );
#16964 = ORIENTED_EDGE('',*,*,#16828,.F.);
#16965 = ADVANCED_FACE('',(#16966),#16706,.F.);
#16966 = FACE_BOUND('',#16967,.F.);
#16967 = EDGE_LOOP('',(#16968,#16969,#16970,#16971));
#16968 = ORIENTED_EDGE('',*,*,#16690,.F.);
#16969 = ORIENTED_EDGE('',*,*,#16875,.T.);
#16970 = ORIENTED_EDGE('',*,*,#16805,.T.);
#16971 = ORIENTED_EDGE('',*,*,#16922,.F.);
#16972 = ADVANCED_FACE('',(#16973),#16760,.T.);
#16973 = FACE_BOUND('',#16974,.T.);
#16974 = EDGE_LOOP('',(#16975,#16976,#16977,#16978));
#16975 = ORIENTED_EDGE('',*,*,#16746,.F.);
#16976 = ORIENTED_EDGE('',*,*,#16897,.T.);
#16977 = ORIENTED_EDGE('',*,*,#16851,.T.);
#16978 = ORIENTED_EDGE('',*,*,#16944,.F.);
#16979 = ( GEOMETRIC_REPRESENTATION_CONTEXT(3) 
GLOBAL_UNCERTAINTY_ASSIGNED_CONTEXT((#16983)) 
GLOBAL_UNIT_ASSIGNED_CONTEXT((#16980,#16981,#16982)) 
REPRESENTATION_CONTEXT('Context #1',
  '3D Context with UNIT and UNCERTAINTY') );
#16980 = ( LENGTH_UNIT() NAMED_UNIT(*) SI_UNIT(.MILLI.,.METRE.) );
#16981 = ( NAMED_UNIT(*) PLANE_ANGLE_UNIT() SI_UNIT($,.RADIAN.) );
#16982 = ( NAMED_UNIT(*) SI_UNIT($,.STERADIAN.) SOLID_ANGLE_UNIT() );
#16983 = UNCERTAINTY_MEASURE_WITH_UNIT(LENGTH_MEASURE(1.E-07),#16980,
  'distance_accuracy_value','confusion accuracy');
#16984 = CONTEXT_DEPENDENT_SHAPE_REPRESENTATION(#16985,#16987);
#16985 = ( REPRESENTATION_RELATIONSHIP('','',#16648,#10) 
REPRESENTATION_RELATIONSHIP_WITH_TRANSFORMATION(#16986) 
SHAPE_REPRESENTATION_RELATIONSHIP() );
#16986 = ITEM_DEFINED_TRANSFORMATION('','',#11,#55);
#16987 = PRODUCT_DEFINITION_SHAPE('Placement','Placement of an item',
  #16988);
#16988 = NEXT_ASSEMBLY_USAGE_OCCURRENCE('23','=>[0:1:1:12]','',#5,#16643
  ,$);
#16989 = PRODUCT_RELATED_PRODUCT_CATEGORY('part',$,(#16645));
ENDSEC;
END-ISO-10303-21;
